/*---------------------------------------------------------------------------*\
| =========                 |                                                 |
| \\      /  F ield         | OpenFOAM: The Open Source CFD Toolbox           |
|  \\    /   O peration     | Version:  2412                                  |
|   \\  /    A nd           | Website:  www.openfoam.com                      |
|    \\/     M anipulation  |                                                 |
\*---------------------------------------------------------------------------*/
Build  : _45e7c4a0-20241224 OPENFOAM=2412 version=2412
Arch   : "LSB;label=32;scalar=64"
Exec   : simpleFoam
Date   : May 08 2026
Time   : 05:23:45
Host   : 43248a281f80
PID    : 486
I/O    : uncollated
Case   : /root/case_of
nProcs : 1
trapFpe: Floating point exception trapping enabled (FOAM_SIGFPE).
fileModificationChecking : Monitoring run-time modified files using timeStampMaster (fileModificationSkew 5, maxFileModificationPolls 20)
allowSystemOperations : Allowing user-supplied system call operations

// * * * * * * * * * * * * * * * * * * * * * * * * * * * * * * * * * * * * * //
Create time

Create mesh for time = 0


SIMPLE: convergence criteria
    field p	 tolerance 1e-06
    field U	 tolerance 1e-06

Reading field p

Reading field U

Reading/calculating face flux field phi

Selecting incompressible transport model Newtonian
Selecting turbulence model type laminar
Selecting laminar stress model Stokes
No MRF models present

No finite volume options present

Starting time loop

Time = 1

DILUPBiCGStab:  Solving for Ux, Initial residual = 1, Final residual = 0.051468755, No Iterations 1
DILUPBiCGStab:  Solving for Uy, Initial residual = 0.99999034, Final residual = 0.035935596, No Iterations 1
GAMG:  Solving for p, Initial residual = 1, Final residual = 0.006227036, No Iterations 7
time step continuity errors : sum local = 9.3478016e-05, global = 2.01181e-18, cumulative = 2.01181e-18
ExecutionTime = 0.06 s  ClockTime = 0 s

Time = 2

DILUPBiCGStab:  Solving for Ux, Initial residual = 0.23047666, Final residual = 0.021342887, No Iterations 1
DILUPBiCGStab:  Solving for Uy, Initial residual = 0.31245729, Final residual = 0.017332687, No Iterations 1
GAMG:  Solving for p, Initial residual = 0.29852921, Final residual = 0.0015615136, No Iterations 5
time step continuity errors : sum local = 4.977833e-05, global = 1.5214565e-18, cumulative = 3.5332664e-18
ExecutionTime = 0.07 s  ClockTime = 0 s

Time = 3

DILUPBiCGStab:  Solving for Ux, Initial residual = 0.13030316, Final residual = 0.012213876, No Iterations 1
DILUPBiCGStab:  Solving for Uy, Initial residual = 0.18328217, Final residual = 0.0070392117, No Iterations 1
GAMG:  Solving for p, Initial residual = 0.15073371, Final residual = 0.00093798018, No Iterations 5
time step continuity errors : sum local = 4.1469783e-05, global = 2.3604691e-18, cumulative = 5.8937355e-18
ExecutionTime = 0.08 s  ClockTime = 0 s

Time = 4

DILUPBiCGStab:  Solving for Ux, Initial residual = 0.080333594, Final residual = 0.0064599315, No Iterations 1
DILUPBiCGStab:  Solving for Uy, Initial residual = 0.10647707, Final residual = 0.0032897261, No Iterations 1
GAMG:  Solving for p, Initial residual = 0.081973274, Final residual = 0.00042988091, No Iterations 7
time step continuity errors : sum local = 2.0299672e-05, global = -3.4745291e-18, cumulative = 2.4192063e-18
ExecutionTime = 0.09 s  ClockTime = 0 s

Time = 5

DILUPBiCGStab:  Solving for Ux, Initial residual = 0.055128668, Final residual = 0.0036096908, No Iterations 1
DILUPBiCGStab:  Solving for Uy, Initial residual = 0.071214192, Final residual = 0.0019905218, No Iterations 1
GAMG:  Solving for p, Initial residual = 0.04943353, Final residual = 0.00035393186, No Iterations 6
time step continuity errors : sum local = 1.7464079e-05, global = 6.0148339e-18, cumulative = 8.4340402e-18
ExecutionTime = 0.1 s  ClockTime = 0 s

Time = 6

DILUPBiCGStab:  Solving for Ux, Initial residual = 0.041899784, Final residual = 0.0023433096, No Iterations 1
DILUPBiCGStab:  Solving for Uy, Initial residual = 0.054804131, Final residual = 0.0012861781, No Iterations 1
GAMG:  Solving for p, Initial residual = 0.035096899, Final residual = 9.0442727e-05, No Iterations 5
time step continuity errors : sum local = 4.8983597e-06, global = 2.5884268e-18, cumulative = 1.1022467e-17
ExecutionTime = 0.11 s  ClockTime = 0 s

Time = 7

DILUPBiCGStab:  Solving for Ux, Initial residual = 0.033808951, Final residual = 0.001659377, No Iterations 1
DILUPBiCGStab:  Solving for Uy, Initial residual = 0.04477121, Final residual = 0.00089911476, No Iterations 1
GAMG:  Solving for p, Initial residual = 0.027662171, Final residual = 0.00011301236, No Iterations 5
time step continuity errors : sum local = 6.5553535e-06, global = 3.3931346e-18, cumulative = 1.4415602e-17
ExecutionTime = 0.12 s  ClockTime = 0 s

Time = 8

DILUPBiCGStab:  Solving for Ux, Initial residual = 0.028335315, Final residual = 0.0012208664, No Iterations 1
DILUPBiCGStab:  Solving for Uy, Initial residual = 0.037627864, Final residual = 0.00066763125, No Iterations 1
GAMG:  Solving for p, Initial residual = 0.022312454, Final residual = 0.00013083443, No Iterations 5
time step continuity errors : sum local = 7.8305227e-06, global = 5.7247648e-18, cumulative = 2.0140366e-17
ExecutionTime = 0.12 s  ClockTime = 0 s

Time = 9

DILUPBiCGStab:  Solving for Ux, Initial residual = 0.024318871, Final residual = 0.00093260898, No Iterations 1
DILUPBiCGStab:  Solving for Uy, Initial residual = 0.032312771, Final residual = 0.00051918904, No Iterations 1
GAMG:  Solving for p, Initial residual = 0.018322247, Final residual = 0.0001209822, No Iterations 5
time step continuity errors : sum local = 7.399146e-06, global = -8.353386e-18, cumulative = 1.178698e-17
ExecutionTime = 0.13 s  ClockTime = 0 s

Time = 10

DILUPBiCGStab:  Solving for Ux, Initial residual = 0.021299941, Final residual = 0.00073846746, No Iterations 1
DILUPBiCGStab:  Solving for Uy, Initial residual = 0.02827673, Final residual = 0.00041881928, No Iterations 1
GAMG:  Solving for p, Initial residual = 0.015584682, Final residual = 9.2761532e-05, No Iterations 5
time step continuity errors : sum local = 5.8089892e-06, global = 6.5369702e-18, cumulative = 1.8323951e-17
ExecutionTime = 0.14 s  ClockTime = 0 s

Time = 11

DILUPBiCGStab:  Solving for Ux, Initial residual = 0.01892847, Final residual = 0.00060701387, No Iterations 1
DILUPBiCGStab:  Solving for Uy, Initial residual = 0.025123176, Final residual = 0.0003475004, No Iterations 1
GAMG:  Solving for p, Initial residual = 0.013635908, Final residual = 6.7658583e-05, No Iterations 5
time step continuity errors : sum local = 4.3214538e-06, global = -1.0625234e-18, cumulative = 1.7261427e-17
ExecutionTime = 0.15 s  ClockTime = 0 s

Time = 12

DILUPBiCGStab:  Solving for Ux, Initial residual = 0.01701977, Final residual = 0.00050693622, No Iterations 1
DILUPBiCGStab:  Solving for Uy, Initial residual = 0.022594013, Final residual = 0.00029529402, No Iterations 1
GAMG:  Solving for p, Initial residual = 0.012149966, Final residual = 5.1850538e-05, No Iterations 5
time step continuity errors : sum local = 3.3577834e-06, global = 7.6516187e-19, cumulative = 1.8026589e-17
ExecutionTime = 0.15 s  ClockTime = 0 s

Time = 13

DILUPBiCGStab:  Solving for Ux, Initial residual = 0.015466965, Final residual = 0.00042997479, No Iterations 1
DILUPBiCGStab:  Solving for Uy, Initial residual = 0.020520066, Final residual = 0.00025516963, No Iterations 1
GAMG:  Solving for p, Initial residual = 0.010945006, Final residual = 4.3150839e-05, No Iterations 5
time step continuity errors : sum local = 2.8252752e-06, global = -5.6801765e-18, cumulative = 1.2346413e-17
ExecutionTime = 0.16 s  ClockTime = 0 s

Time = 14

DILUPBiCGStab:  Solving for Ux, Initial residual = 0.014165312, Final residual = 0.00036952958, No Iterations 1
DILUPBiCGStab:  Solving for Uy, Initial residual = 0.018789111, Final residual = 0.00022388914, No Iterations 1
GAMG:  Solving for p, Initial residual = 0.0099487656, Final residual = 3.8294776e-05, No Iterations 5
time step continuity errors : sum local = 2.5321038e-06, global = -7.7227567e-18, cumulative = 4.6236558e-18
ExecutionTime = 0.17 s  ClockTime = 0 s

Time = 15

DILUPBiCGStab:  Solving for Ux, Initial residual = 0.013054738, Final residual = 0.00032091549, No Iterations 1
DILUPBiCGStab:  Solving for Uy, Initial residual = 0.017321443, Final residual = 0.00019902359, No Iterations 1
GAMG:  Solving for p, Initial residual = 0.0090881441, Final residual = 3.5102693e-05, No Iterations 5
time step continuity errors : sum local = 2.3407877e-06, global = -5.1319079e-18, cumulative = -5.0825207e-19
ExecutionTime = 0.18 s  ClockTime = 0 s

Time = 16

DILUPBiCGStab:  Solving for Ux, Initial residual = 0.012105076, Final residual = 0.00028147787, No Iterations 1
DILUPBiCGStab:  Solving for Uy, Initial residual = 0.016061325, Final residual = 0.000178477, No Iterations 1
GAMG:  Solving for p, Initial residual = 0.0084001615, Final residual = 3.2676593e-05, No Iterations 5
time step continuity errors : sum local = 2.194593e-06, global = 3.9553262e-18, cumulative = 3.4470742e-18
ExecutionTime = 0.19 s  ClockTime = 0 s

Time = 17

DILUPBiCGStab:  Solving for Ux, Initial residual = 0.011278467, Final residual = 0.00024905565, No Iterations 1
DILUPBiCGStab:  Solving for Uy, Initial residual = 0.014968807, Final residual = 0.00016133472, No Iterations 1
GAMG:  Solving for p, Initial residual = 0.0078288719, Final residual = 3.0740643e-05, No Iterations 5
time step continuity errors : sum local = 2.0769253e-06, global = -3.8201186e-18, cumulative = -3.7304443e-19
ExecutionTime = 0.19 s  ClockTime = 0 s

Time = 18

DILUPBiCGStab:  Solving for Ux, Initial residual = 0.010550022, Final residual = 0.00022237849, No Iterations 1
DILUPBiCGStab:  Solving for Uy, Initial residual = 0.014012989, Final residual = 0.00014691459, No Iterations 1
GAMG:  Solving for p, Initial residual = 0.0073387131, Final residual = 2.9210858e-05, No Iterations 5
time step continuity errors : sum local = 1.9832449e-06, global = -2.6013176e-19, cumulative = -6.3317619e-19
ExecutionTime = 0.2 s  ClockTime = 0 s

Time = 19

DILUPBiCGStab:  Solving for Ux, Initial residual = 0.0099097778, Final residual = 0.00020068449, No Iterations 1
DILUPBiCGStab:  Solving for Uy, Initial residual = 0.013170026, Final residual = 0.00013476263, No Iterations 1
GAMG:  Solving for p, Initial residual = 0.0069122568, Final residual = 2.8031459e-05, No Iterations 5
time step continuity errors : sum local = 1.9103336e-06, global = 1.404055e-17, cumulative = 1.3407374e-17
ExecutionTime = 0.21 s  ClockTime = 0 s

Time = 20

DILUPBiCGStab:  Solving for Ux, Initial residual = 0.0093430928, Final residual = 0.00018199755, No Iterations 1
DILUPBiCGStab:  Solving for Uy, Initial residual = 0.012421144, Final residual = 0.00012435553, No Iterations 1
GAMG:  Solving for p, Initial residual = 0.0065240484, Final residual = 2.692511e-05, No Iterations 5
time step continuity errors : sum local = 1.8411741e-06, global = -8.2276016e-19, cumulative = 1.2584614e-17
ExecutionTime = 0.22 s  ClockTime = 0 s

Time = 21

DILUPBiCGStab:  Solving for Ux, Initial residual = 0.0088327634, Final residual = 0.00016574408, No Iterations 1
DILUPBiCGStab:  Solving for Uy, Initial residual = 0.011750894, Final residual = 0.00011514553, No Iterations 1
GAMG:  Solving for p, Initial residual = 0.0061559773, Final residual = 2.6032288e-05, No Iterations 5
time step continuity errors : sum local = 1.7843303e-06, global = 5.6489951e-18, cumulative = 1.8233609e-17
ExecutionTime = 0.22 s  ClockTime = 0 s

Time = 22

DILUPBiCGStab:  Solving for Ux, Initial residual = 0.0083694586, Final residual = 0.00015167306, No Iterations 1
DILUPBiCGStab:  Solving for Uy, Initial residual = 0.011147808, Final residual = 0.00010717858, No Iterations 1
GAMG:  Solving for p, Initial residual = 0.0058350318, Final residual = 2.5277765e-05, No Iterations 5
time step continuity errors : sum local = 1.7354284e-06, global = 7.0228296e-18, cumulative = 2.5256439e-17
ExecutionTime = 0.23 s  ClockTime = 0 s

Time = 23

DILUPBiCGStab:  Solving for Ux, Initial residual = 0.0079497304, Final residual = 0.00013935569, No Iterations 1
DILUPBiCGStab:  Solving for Uy, Initial residual = 0.010602423, Final residual = 0.00010009366, No Iterations 1
GAMG:  Solving for p, Initial residual = 0.0055328218, Final residual = 2.4550811e-05, No Iterations 5
time step continuity errors : sum local = 1.6874512e-06, global = 6.4816549e-19, cumulative = 2.5904604e-17
ExecutionTime = 0.24 s  ClockTime = 0 s

Time = 24

DILUPBiCGStab:  Solving for Ux, Initial residual = 0.0075710667, Final residual = 0.00012848978, No Iterations 1
DILUPBiCGStab:  Solving for Uy, Initial residual = 0.010106957, Final residual = 9.3884444e-05, No Iterations 1
GAMG:  Solving for p, Initial residual = 0.0052505147, Final residual = 2.3914547e-05, No Iterations 5
time step continuity errors : sum local = 1.6447258e-06, global = -6.6230433e-18, cumulative = 1.9281561e-17
ExecutionTime = 0.25 s  ClockTime = 0 s

Time = 25

DILUPBiCGStab:  Solving for Ux, Initial residual = 0.007225271, Final residual = 0.00011882644, No Iterations 1
DILUPBiCGStab:  Solving for Uy, Initial residual = 0.0096551439, Final residual = 8.8290417e-05, No Iterations 1
GAMG:  Solving for p, Initial residual = 0.0050068527, Final residual = 2.3417529e-05, No Iterations 5
time step continuity errors : sum local = 1.6104643e-06, global = -7.1893245e-18, cumulative = 1.2092237e-17
ExecutionTime = 0.26 s  ClockTime = 0 s

Time = 26

DILUPBiCGStab:  Solving for Ux, Initial residual = 0.0069071038, Final residual = 0.00011022046, No Iterations 1
DILUPBiCGStab:  Solving for Uy, Initial residual = 0.0092414486, Final residual = 8.3293001e-05, No Iterations 1
GAMG:  Solving for p, Initial residual = 0.0047794014, Final residual = 2.294818e-05, No Iterations 5
time step continuity errors : sum local = 1.5775217e-06, global = -3.5586501e-18, cumulative = 8.5335864e-18
ExecutionTime = 0.26 s  ClockTime = 0 s

Time = 27

DILUPBiCGStab:  Solving for Ux, Initial residual = 0.0066126798, Final residual = 0.00010259577, No Iterations 1
DILUPBiCGStab:  Solving for Uy, Initial residual = 0.0088613468, Final residual = 7.87651e-05, No Iterations 1
GAMG:  Solving for p, Initial residual = 0.0045761071, Final residual = 2.2507473e-05, No Iterations 5
time step continuity errors : sum local = 1.5460865e-06, global = -1.0993482e-17, cumulative = -2.4598954e-18
ExecutionTime = 0.27 s  ClockTime = 0 s

Time = 28

DILUPBiCGStab:  Solving for Ux, Initial residual = 0.0063420303, Final residual = 9.5762821e-05, No Iterations 1
DILUPBiCGStab:  Solving for Uy, Initial residual = 0.0085105836, Final residual = 7.4766648e-05, No Iterations 1
GAMG:  Solving for p, Initial residual = 0.0043955199, Final residual = 2.2116066e-05, No Iterations 5
time step continuity errors : sum local = 1.5174373e-06, global = 7.5792243e-19, cumulative = -1.7019729e-18
ExecutionTime = 0.28 s  ClockTime = 0 s

Time = 29

DILUPBiCGStab:  Solving for Ux, Initial residual = 0.0060921376, Final residual = 8.9575351e-05, No Iterations 1
DILUPBiCGStab:  Solving for Uy, Initial residual = 0.0081860174, Final residual = 7.0995436e-05, No Iterations 1
GAMG:  Solving for p, Initial residual = 0.0042245535, Final residual = 2.1748328e-05, No Iterations 5
time step continuity errors : sum local = 1.4897886e-06, global = -9.7312174e-19, cumulative = -2.6750947e-18
ExecutionTime = 0.29 s  ClockTime = 0 s

Time = 30

DILUPBiCGStab:  Solving for Ux, Initial residual = 0.0058595879, Final residual = 8.3982564e-05, No Iterations 1
DILUPBiCGStab:  Solving for Uy, Initial residual = 0.0078846307, Final residual = 6.7570188e-05, No Iterations 1
GAMG:  Solving for p, Initial residual = 0.0040704905, Final residual = 2.1384013e-05, No Iterations 5
time step continuity errors : sum local = 1.4618254e-06, global = 3.8886224e-18, cumulative = 1.2135277e-18
ExecutionTime = 0.3 s  ClockTime = 0 s

Time = 31

DILUPBiCGStab:  Solving for Ux, Initial residual = 0.0056422097, Final residual = 7.9001332e-05, No Iterations 1
DILUPBiCGStab:  Solving for Uy, Initial residual = 0.0076043743, Final residual = 6.4443333e-05, No Iterations 1
GAMG:  Solving for p, Initial residual = 0.0039286217, Final residual = 1.7091833e-05, No Iterations 4
time step continuity errors : sum local = 1.1543268e-06, global = -2.0879892e-18, cumulative = -8.7446144e-19
ExecutionTime = 0.3 s  ClockTime = 0 s

Time = 32

DILUPBiCGStab:  Solving for Ux, Initial residual = 0.0054382584, Final residual = 7.4551132e-05, No Iterations 1
DILUPBiCGStab:  Solving for Uy, Initial residual = 0.0073427678, Final residual = 6.1634824e-05, No Iterations 1
GAMG:  Solving for p, Initial residual = 0.0038029658, Final residual = 2.0575944e-05, No Iterations 5
time step continuity errors : sum local = 1.4153537e-06, global = -1.0877385e-17, cumulative = -1.1751847e-17
ExecutionTime = 0.31 s  ClockTime = 0 s

Time = 33

DILUPBiCGStab:  Solving for Ux, Initial residual = 0.0052482103, Final residual = 7.047861e-05, No Iterations 1
DILUPBiCGStab:  Solving for Uy, Initial residual = 0.0070989757, Final residual = 5.8954862e-05, No Iterations 1
GAMG:  Solving for p, Initial residual = 0.0036844395, Final residual = 2.0082466e-05, No Iterations 5
time step continuity errors : sum local = 1.3803002e-06, global = 2.1495327e-17, cumulative = 9.7434804e-18
ExecutionTime = 0.32 s  ClockTime = 0 s

Time = 34

DILUPBiCGStab:  Solving for Ux, Initial residual = 0.0050711066, Final residual = 6.6741128e-05, No Iterations 1
DILUPBiCGStab:  Solving for Uy, Initial residual = 0.0068700815, Final residual = 5.648338e-05, No Iterations 1
GAMG:  Solving for p, Initial residual = 0.0035747149, Final residual = 1.9578005e-05, No Iterations 5
time step continuity errors : sum local = 1.3498052e-06, global = -4.5171738e-18, cumulative = 5.2263066e-18
ExecutionTime = 0.33 s  ClockTime = 0 s

Time = 35

DILUPBiCGStab:  Solving for Ux, Initial residual = 0.0049048522, Final residual = 6.3281655e-05, No Iterations 1
DILUPBiCGStab:  Solving for Uy, Initial residual = 0.0066552252, Final residual = 5.4210873e-05, No Iterations 1
GAMG:  Solving for p, Initial residual = 0.0034700464, Final residual = 1.9397835e-05, No Iterations 5
time step continuity errors : sum local = 1.3371589e-06, global = 2.875968e-18, cumulative = 8.1022746e-18
ExecutionTime = 0.33 s  ClockTime = 0 s

Time = 36

DILUPBiCGStab:  Solving for Ux, Initial residual = 0.0047482394, Final residual = 6.0083799e-05, No Iterations 1
DILUPBiCGStab:  Solving for Uy, Initial residual = 0.0064534634, Final residual = 5.2125884e-05, No Iterations 1
GAMG:  Solving for p, Initial residual = 0.0033718295, Final residual = 1.9128656e-05, No Iterations 5
time step continuity errors : sum local = 1.3187777e-06, global = 4.5635488e-18, cumulative = 1.2665823e-17
ExecutionTime = 0.34 s  ClockTime = 0 s

Time = 37

DILUPBiCGStab:  Solving for Ux, Initial residual = 0.0046003268, Final residual = 5.7127961e-05, No Iterations 1
DILUPBiCGStab:  Solving for Uy, Initial residual = 0.006263237, Final residual = 5.0178873e-05, No Iterations 1
GAMG:  Solving for p, Initial residual = 0.0032845094, Final residual = 1.8830377e-05, No Iterations 5
time step continuity errors : sum local = 1.2985955e-06, global = -1.2477934e-17, cumulative = 1.8788992e-19
ExecutionTime = 0.35 s  ClockTime = 0 s

Time = 38

DILUPBiCGStab:  Solving for Ux, Initial residual = 0.0044600886, Final residual = 5.4402986e-05, No Iterations 1
DILUPBiCGStab:  Solving for Uy, Initial residual = 0.0060834875, Final residual = 4.8329846e-05, No Iterations 1
GAMG:  Solving for p, Initial residual = 0.0031982066, Final residual = 1.8569018e-05, No Iterations 5
time step continuity errors : sum local = 1.2806874e-06, global = 4.4696605e-18, cumulative = 4.6575504e-18
ExecutionTime = 0.36 s  ClockTime = 0 s

Time = 39

DILUPBiCGStab:  Solving for Ux, Initial residual = 0.0043271079, Final residual = 5.1874652e-05, No Iterations 1
DILUPBiCGStab:  Solving for Uy, Initial residual = 0.0059136445, Final residual = 4.6608763e-05, No Iterations 1
GAMG:  Solving for p, Initial residual = 0.0031105462, Final residual = 1.8309202e-05, No Iterations 5
time step continuity errors : sum local = 1.262838e-06, global = -6.983244e-18, cumulative = -2.3256936e-18
ExecutionTime = 0.37 s  ClockTime = 0 s

Time = 40

DILUPBiCGStab:  Solving for Ux, Initial residual = 0.0042019651, Final residual = 4.9514668e-05, No Iterations 1
DILUPBiCGStab:  Solving for Uy, Initial residual = 0.0057527137, Final residual = 4.5008733e-05, No Iterations 1
GAMG:  Solving for p, Initial residual = 0.0030269554, Final residual = 1.8063075e-05, No Iterations 5
time step continuity errors : sum local = 1.2458399e-06, global = -1.7609749e-18, cumulative = -4.0866685e-18
ExecutionTime = 0.37 s  ClockTime = 1 s

Time = 41

DILUPBiCGStab:  Solving for Ux, Initial residual = 0.0040833042, Final residual = 4.7321796e-05, No Iterations 1
DILUPBiCGStab:  Solving for Uy, Initial residual = 0.0056001344, Final residual = 4.3503053e-05, No Iterations 1
GAMG:  Solving for p, Initial residual = 0.0029523374, Final residual = 1.7817553e-05, No Iterations 5
time step continuity errors : sum local = 1.2289022e-06, global = 1.1221598e-18, cumulative = -2.9645086e-18
ExecutionTime = 0.38 s  ClockTime = 1 s

Time = 42

DILUPBiCGStab:  Solving for Ux, Initial residual = 0.0039706347, Final residual = 4.5271256e-05, No Iterations 1
DILUPBiCGStab:  Solving for Uy, Initial residual = 0.005455258, Final residual = 4.208737e-05, No Iterations 1
GAMG:  Solving for p, Initial residual = 0.0028830898, Final residual = 1.7581514e-05, No Iterations 5
time step continuity errors : sum local = 1.2126106e-06, global = -5.9221367e-18, cumulative = -8.8866454e-18
ExecutionTime = 0.39 s  ClockTime = 1 s

Time = 43

DILUPBiCGStab:  Solving for Ux, Initial residual = 0.0038635459, Final residual = 4.3347813e-05, No Iterations 1
DILUPBiCGStab:  Solving for Uy, Initial residual = 0.0053175411, Final residual = 4.0746068e-05, No Iterations 1
GAMG:  Solving for p, Initial residual = 0.0028172051, Final residual = 1.7362092e-05, No Iterations 5
time step continuity errors : sum local = 1.1973908e-06, global = 2.9134757e-18, cumulative = -5.9731697e-18
ExecutionTime = 0.4 s  ClockTime = 1 s

Time = 44

DILUPBiCGStab:  Solving for Ux, Initial residual = 0.0037612753, Final residual = 4.1546685e-05, No Iterations 1
DILUPBiCGStab:  Solving for Uy, Initial residual = 0.0051863823, Final residual = 3.9519787e-05, No Iterations 1
GAMG:  Solving for p, Initial residual = 0.0027552142, Final residual = 1.7147513e-05, No Iterations 5
time step continuity errors : sum local = 1.1825651e-06, global = 4.5074329e-18, cumulative = -1.4657368e-18
ExecutionTime = 0.4 s  ClockTime = 1 s

Time = 45

DILUPBiCGStab:  Solving for Ux, Initial residual = 0.0036636131, Final residual = 3.9863856e-05, No Iterations 1
DILUPBiCGStab:  Solving for Uy, Initial residual = 0.0050613474, Final residual = 3.8296533e-05, No Iterations 1
GAMG:  Solving for p, Initial residual = 0.0026906478, Final residual = 1.6938978e-05, No Iterations 5
time step continuity errors : sum local = 1.1681619e-06, global = 1.2744961e-17, cumulative = 1.1279224e-17
ExecutionTime = 0.41 s  ClockTime = 1 s

Time = 46

DILUPBiCGStab:  Solving for Ux, Initial residual = 0.0035704336, Final residual = 3.8296209e-05, No Iterations 1
DILUPBiCGStab:  Solving for Uy, Initial residual = 0.0049421079, Final residual = 3.7168683e-05, No Iterations 1
GAMG:  Solving for p, Initial residual = 0.0026331827, Final residual = 1.6729992e-05, No Iterations 5
time step continuity errors : sum local = 1.1537294e-06, global = -1.50511e-17, cumulative = -3.7718766e-18
ExecutionTime = 0.42 s  ClockTime = 1 s

Time = 47

DILUPBiCGStab:  Solving for Ux, Initial residual = 0.0034819569, Final residual = 3.682688e-05, No Iterations 1
DILUPBiCGStab:  Solving for Uy, Initial residual = 0.0048281607, Final residual = 3.6104297e-05, No Iterations 1
GAMG:  Solving for p, Initial residual = 0.002576714, Final residual = 1.6529079e-05, No Iterations 5
time step continuity errors : sum local = 1.1398397e-06, global = -8.7453505e-18, cumulative = -1.2517227e-17
ExecutionTime = 0.43 s  ClockTime = 1 s

Time = 48

DILUPBiCGStab:  Solving for Ux, Initial residual = 0.0033977118, Final residual = 3.544723e-05, No Iterations 1
DILUPBiCGStab:  Solving for Uy, Initial residual = 0.0047191838, Final residual = 3.5093795e-05, No Iterations 1
GAMG:  Solving for p, Initial residual = 0.002522534, Final residual = 1.6336645e-05, No Iterations 5
time step continuity errors : sum local = 1.1265339e-06, global = -4.6414759e-18, cumulative = -1.7158703e-17
ExecutionTime = 0.44 s  ClockTime = 1 s

Time = 49

DILUPBiCGStab:  Solving for Ux, Initial residual = 0.0033171358, Final residual = 3.4167649e-05, No Iterations 1
DILUPBiCGStab:  Solving for Uy, Initial residual = 0.0046148373, Final residual = 3.4153192e-05, No Iterations 1
GAMG:  Solving for p, Initial residual = 0.0024692919, Final residual = 1.6138296e-05, No Iterations 5
time step continuity errors : sum local = 1.11295e-06, global = -2.4849829e-18, cumulative = -1.9643686e-17
ExecutionTime = 0.44 s  ClockTime = 1 s

Time = 50

DILUPBiCGStab:  Solving for Ux, Initial residual = 0.0032396047, Final residual = 3.2964498e-05, No Iterations 1
DILUPBiCGStab:  Solving for Uy, Initial residual = 0.0045147704, Final residual = 3.3242428e-05, No Iterations 1
GAMG:  Solving for p, Initial residual = 0.0024193544, Final residual = 1.595646e-05, No Iterations 5
time step continuity errors : sum local = 1.1003508e-06, global = -1.4875751e-17, cumulative = -3.4519437e-17
ExecutionTime = 0.45 s  ClockTime = 1 s

Time = 51

DILUPBiCGStab:  Solving for Ux, Initial residual = 0.0031650172, Final residual = 3.1824313e-05, No Iterations 1
DILUPBiCGStab:  Solving for Uy, Initial residual = 0.0044187786, Final residual = 3.2358639e-05, No Iterations 1
GAMG:  Solving for p, Initial residual = 0.0023691221, Final residual = 1.5771777e-05, No Iterations 5
time step continuity errors : sum local = 1.0876308e-06, global = 1.110222e-17, cumulative = -2.3417218e-17
ExecutionTime = 0.46 s  ClockTime = 1 s

Time = 52

DILUPBiCGStab:  Solving for Ux, Initial residual = 0.0030932633, Final residual = 3.0743126e-05, No Iterations 1
DILUPBiCGStab:  Solving for Uy, Initial residual = 0.0043266474, Final residual = 3.1531597e-05, No Iterations 1
GAMG:  Solving for p, Initial residual = 0.0023216084, Final residual = 1.5591207e-05, No Iterations 5
time step continuity errors : sum local = 1.0751893e-06, global = 1.8597297e-17, cumulative = -4.8199211e-18
ExecutionTime = 0.47 s  ClockTime = 1 s

Time = 53

DILUPBiCGStab:  Solving for Ux, Initial residual = 0.0030241821, Final residual = 2.9718492e-05, No Iterations 1
DILUPBiCGStab:  Solving for Uy, Initial residual = 0.004238088, Final residual = 3.074083e-05, No Iterations 1
GAMG:  Solving for p, Initial residual = 0.0022754565, Final residual = 1.5413757e-05, No Iterations 5
time step continuity errors : sum local = 1.062975e-06, global = -4.6543402e-18, cumulative = -9.4742612e-18
ExecutionTime = 0.48 s  ClockTime = 1 s

Time = 54

DILUPBiCGStab:  Solving for Ux, Initial residual = 0.0029583778, Final residual = 2.8747058e-05, No Iterations 1
DILUPBiCGStab:  Solving for Uy, Initial residual = 0.0041529086, Final residual = 2.999739e-05, No Iterations 1
GAMG:  Solving for p, Initial residual = 0.0022304393, Final residual = 1.5245735e-05, No Iterations 5
time step continuity errors : sum local = 1.0513687e-06, global = -6.6381178e-18, cumulative = -1.6112379e-17
ExecutionTime = 0.49 s  ClockTime = 1 s

Time = 55

DILUPBiCGStab:  Solving for Ux, Initial residual = 0.002895227, Final residual = 2.7823826e-05, No Iterations 1
DILUPBiCGStab:  Solving for Uy, Initial residual = 0.0040709431, Final residual = 2.9282311e-05, No Iterations 1
GAMG:  Solving for p, Initial residual = 0.0021906226, Final residual = 1.5075096e-05, No Iterations 5
time step continuity errors : sum local = 1.0396586e-06, global = -1.2165643e-17, cumulative = -2.8278022e-17
ExecutionTime = 0.49 s  ClockTime = 1 s

Time = 56

DILUPBiCGStab:  Solving for Ux, Initial residual = 0.0028344609, Final residual = 2.6944052e-05, No Iterations 1
DILUPBiCGStab:  Solving for Uy, Initial residual = 0.0039919735, Final residual = 2.8574742e-05, No Iterations 1
GAMG:  Solving for p, Initial residual = 0.0021508302, Final residual = 1.4914003e-05, No Iterations 5
time step continuity errors : sum local = 1.0285655e-06, global = -2.7882736e-18, cumulative = -3.1066296e-17
ExecutionTime = 0.5 s  ClockTime = 1 s

Time = 57

DILUPBiCGStab:  Solving for Ux, Initial residual = 0.0027759152, Final residual = 2.6104308e-05, No Iterations 1
DILUPBiCGStab:  Solving for Uy, Initial residual = 0.0039159034, Final residual = 2.7904263e-05, No Iterations 1
GAMG:  Solving for p, Initial residual = 0.0021137688, Final residual = 1.4758465e-05, No Iterations 5
time step continuity errors : sum local = 1.017869e-06, global = -1.5956168e-17, cumulative = -4.7022464e-17
ExecutionTime = 0.51 s  ClockTime = 1 s

Time = 58

DILUPBiCGStab:  Solving for Ux, Initial residual = 0.0027193705, Final residual = 2.5305719e-05, No Iterations 1
DILUPBiCGStab:  Solving for Uy, Initial residual = 0.003842525, Final residual = 2.7265035e-05, No Iterations 1
GAMG:  Solving for p, Initial residual = 0.002078109, Final residual = 1.4602652e-05, No Iterations 5
time step continuity errors : sum local = 1.0071549e-06, global = 3.7783493e-18, cumulative = -4.3244115e-17
ExecutionTime = 0.51 s  ClockTime = 1 s

Time = 59

DILUPBiCGStab:  Solving for Ux, Initial residual = 0.0026647694, Final residual = 2.4547294e-05, No Iterations 1
DILUPBiCGStab:  Solving for Uy, Initial residual = 0.0037717115, Final residual = 2.6654501e-05, No Iterations 1
GAMG:  Solving for p, Initial residual = 0.002039754, Final residual = 1.444649e-05, No Iterations 5
time step continuity errors : sum local = 9.9644929e-07, global = -1.8216979e-17, cumulative = -6.1461094e-17
ExecutionTime = 0.52 s  ClockTime = 1 s

Time = 60

DILUPBiCGStab:  Solving for Ux, Initial residual = 0.0026122197, Final residual = 2.3824737e-05, No Iterations 1
DILUPBiCGStab:  Solving for Uy, Initial residual = 0.0037033071, Final residual = 2.606766e-05, No Iterations 1
GAMG:  Solving for p, Initial residual = 0.0020056629, Final residual = 1.4288096e-05, No Iterations 5
time step continuity errors : sum local = 9.8561833e-07, global = 9.4326118e-18, cumulative = -5.2028482e-17
ExecutionTime = 0.53 s  ClockTime = 1 s

Time = 61

DILUPBiCGStab:  Solving for Ux, Initial residual = 0.002561383, Final residual = 2.3135583e-05, No Iterations 1
DILUPBiCGStab:  Solving for Uy, Initial residual = 0.0036371507, Final residual = 2.5510051e-05, No Iterations 1
GAMG:  Solving for p, Initial residual = 0.001973575, Final residual = 1.4138804e-05, No Iterations 5
time step continuity errors : sum local = 9.7541029e-07, global = -6.9870689e-18, cumulative = -5.9015551e-17
ExecutionTime = 0.54 s  ClockTime = 1 s

Time = 62

DILUPBiCGStab:  Solving for Ux, Initial residual = 0.0025123949, Final residual = 2.2475857e-05, No Iterations 1
DILUPBiCGStab:  Solving for Uy, Initial residual = 0.0035732116, Final residual = 2.4965875e-05, No Iterations 1
GAMG:  Solving for p, Initial residual = 0.0019406293, Final residual = 1.3995541e-05, No Iterations 5
time step continuity errors : sum local = 9.6563065e-07, global = 7.4780304e-18, cumulative = -5.153752e-17
ExecutionTime = 0.54 s  ClockTime = 1 s

Time = 63

DILUPBiCGStab:  Solving for Ux, Initial residual = 0.0024652389, Final residual = 2.1844933e-05, No Iterations 1
DILUPBiCGStab:  Solving for Uy, Initial residual = 0.003511352, Final residual = 2.4442566e-05, No Iterations 1
GAMG:  Solving for p, Initial residual = 0.0019080206, Final residual = 1.3853903e-05, No Iterations 5
time step continuity errors : sum local = 9.5599421e-07, global = -4.9767421e-18, cumulative = -5.6514262e-17
ExecutionTime = 0.55 s  ClockTime = 1 s

Time = 64

DILUPBiCGStab:  Solving for Ux, Initial residual = 0.0024196591, Final residual = 2.1241998e-05, No Iterations 1
DILUPBiCGStab:  Solving for Uy, Initial residual = 0.0034514557, Final residual = 2.3941091e-05, No Iterations 1
GAMG:  Solving for p, Initial residual = 0.0018778957, Final residual = 1.3709199e-05, No Iterations 5
time step continuity errors : sum local = 9.462079e-07, global = 1.1321813e-17, cumulative = -4.5192449e-17
ExecutionTime = 0.56 s  ClockTime = 1 s

Time = 65

DILUPBiCGStab:  Solving for Ux, Initial residual = 0.0023754805, Final residual = 2.0664101e-05, No Iterations 1
DILUPBiCGStab:  Solving for Uy, Initial residual = 0.0033934052, Final residual = 2.345341e-05, No Iterations 1
GAMG:  Solving for p, Initial residual = 0.0018466783, Final residual = 1.3569106e-05, No Iterations 5
time step continuity errors : sum local = 9.3669596e-07, global = 4.633482e-18, cumulative = -4.0558967e-17
ExecutionTime = 0.57 s  ClockTime = 1 s

Time = 66

DILUPBiCGStab:  Solving for Ux, Initial residual = 0.0023327582, Final residual = 2.0110135e-05, No Iterations 1
DILUPBiCGStab:  Solving for Uy, Initial residual = 0.0033371115, Final residual = 2.2988709e-05, No Iterations 1
GAMG:  Solving for p, Initial residual = 0.001819758, Final residual = 1.343476e-05, No Iterations 5
time step continuity errors : sum local = 9.2759865e-07, global = -1.4120092e-17, cumulative = -5.467906e-17
ExecutionTime = 0.58 s  ClockTime = 1 s

Time = 67

DILUPBiCGStab:  Solving for Ux, Initial residual = 0.0022914541, Final residual = 1.9580096e-05, No Iterations 1
DILUPBiCGStab:  Solving for Uy, Initial residual = 0.0032825103, Final residual = 2.2537186e-05, No Iterations 1
GAMG:  Solving for p, Initial residual = 0.0017933862, Final residual = 1.330213e-05, No Iterations 5
time step continuity errors : sum local = 9.1858887e-07, global = 3.2763234e-18, cumulative = -5.1402736e-17
ExecutionTime = 0.58 s  ClockTime = 1 s

Time = 68

DILUPBiCGStab:  Solving for Ux, Initial residual = 0.0022512765, Final residual = 1.9074527e-05, No Iterations 1
DILUPBiCGStab:  Solving for Uy, Initial residual = 0.003229558, Final residual = 2.2094715e-05, No Iterations 1
GAMG:  Solving for p, Initial residual = 0.0017666237, Final residual = 1.3170884e-05, No Iterations 5
time step continuity errors : sum local = 9.0965937e-07, global = 1.4709362e-17, cumulative = -3.6693374e-17
ExecutionTime = 0.59 s  ClockTime = 1 s

Time = 69

DILUPBiCGStab:  Solving for Ux, Initial residual = 0.0022121656, Final residual = 1.8589361e-05, No Iterations 1
DILUPBiCGStab:  Solving for Uy, Initial residual = 0.0031781348, Final residual = 2.1670401e-05, No Iterations 1
GAMG:  Solving for p, Initial residual = 0.0017414538, Final residual = 1.3043359e-05, No Iterations 5
time step continuity errors : sum local = 9.0096063e-07, global = -5.2967352e-18, cumulative = -4.1990109e-17
ExecutionTime = 0.6 s  ClockTime = 1 s

Time = 70

DILUPBiCGStab:  Solving for Ux, Initial residual = 0.0021741673, Final residual = 1.8124493e-05, No Iterations 1
DILUPBiCGStab:  Solving for Uy, Initial residual = 0.0031281813, Final residual = 2.1267808e-05, No Iterations 1
GAMG:  Solving for p, Initial residual = 0.0017177079, Final residual = 1.2916029e-05, No Iterations 5
time step continuity errors : sum local = 8.9229405e-07, global = -4.1785194e-19, cumulative = -4.2407961e-17
ExecutionTime = 0.61 s  ClockTime = 1 s

Time = 71

DILUPBiCGStab:  Solving for Ux, Initial residual = 0.0021375155, Final residual = 1.7681401e-05, No Iterations 1
DILUPBiCGStab:  Solving for Uy, Initial residual = 0.0030796414, Final residual = 2.0876897e-05, No Iterations 1
GAMG:  Solving for p, Initial residual = 0.0016923194, Final residual = 1.2826295e-05, No Iterations 5
time step continuity errors : sum local = 8.8645905e-07, global = 2.1126643e-17, cumulative = -2.1281318e-17
ExecutionTime = 0.62 s  ClockTime = 1 s

Time = 72

DILUPBiCGStab:  Solving for Ux, Initial residual = 0.0021020543, Final residual = 1.7258215e-05, No Iterations 1
DILUPBiCGStab:  Solving for Uy, Initial residual = 0.0030324736, Final residual = 2.0493309e-05, No Iterations 1
GAMG:  Solving for p, Initial residual = 0.0016698933, Final residual = 1.2700968e-05, No Iterations 5
time step continuity errors : sum local = 8.7787007e-07, global = -3.9380679e-18, cumulative = -2.5219386e-17
ExecutionTime = 0.62 s  ClockTime = 1 s

Time = 73

DILUPBiCGStab:  Solving for Ux, Initial residual = 0.0020677451, Final residual = 1.6852024e-05, No Iterations 1
DILUPBiCGStab:  Solving for Uy, Initial residual = 0.0029866073, Final residual = 2.0115864e-05, No Iterations 1
GAMG:  Solving for p, Initial residual = 0.0016477625, Final residual = 1.2582041e-05, No Iterations 5
time step continuity errors : sum local = 8.6980732e-07, global = -4.8531812e-18, cumulative = -3.0072567e-17
ExecutionTime = 0.63 s  ClockTime = 1 s

Time = 74

DILUPBiCGStab:  Solving for Ux, Initial residual = 0.0020345015, Final residual = 1.6461546e-05, No Iterations 1
DILUPBiCGStab:  Solving for Uy, Initial residual = 0.0029420129, Final residual = 1.9750809e-05, No Iterations 1
GAMG:  Solving for p, Initial residual = 0.0016260537, Final residual = 1.2461061e-05, No Iterations 5
time step continuity errors : sum local = 8.615992e-07, global = 1.8033914e-17, cumulative = -1.2038653e-17
ExecutionTime = 0.64 s  ClockTime = 1 s

Time = 75

DILUPBiCGStab:  Solving for Ux, Initial residual = 0.0020021241, Final residual = 1.6087168e-05, No Iterations 1
DILUPBiCGStab:  Solving for Uy, Initial residual = 0.0028985865, Final residual = 1.9402539e-05, No Iterations 1
GAMG:  Solving for p, Initial residual = 0.0016041002, Final residual = 1.2343358e-05, No Iterations 5
time step continuity errors : sum local = 8.5360682e-07, global = -2.0595659e-17, cumulative = -3.2634313e-17
ExecutionTime = 0.65 s  ClockTime = 1 s

Time = 76

DILUPBiCGStab:  Solving for Ux, Initial residual = 0.0019705561, Final residual = 1.5726729e-05, No Iterations 1
DILUPBiCGStab:  Solving for Uy, Initial residual = 0.0028563015, Final residual = 1.9068202e-05, No Iterations 1
GAMG:  Solving for p, Initial residual = 0.001582212, Final residual = 1.2231388e-05, No Iterations 5
time step continuity errors : sum local = 8.4601858e-07, global = -9.0563704e-18, cumulative = -4.1690683e-17
ExecutionTime = 0.66 s  ClockTime = 1 s

Time = 77

DILUPBiCGStab:  Solving for Ux, Initial residual = 0.0019397999, Final residual = 1.537823e-05, No Iterations 1
DILUPBiCGStab:  Solving for Uy, Initial residual = 0.0028151192, Final residual = 1.8767431e-05, No Iterations 1
GAMG:  Solving for p, Initial residual = 0.0015636712, Final residual = 1.2118521e-05, No Iterations 5
time step continuity errors : sum local = 8.3835329e-07, global = -2.2695189e-19, cumulative = -4.1917635e-17
ExecutionTime = 0.67 s  ClockTime = 1 s

Time = 78

DILUPBiCGStab:  Solving for Ux, Initial residual = 0.0019098137, Final residual = 1.5042999e-05, No Iterations 1
DILUPBiCGStab:  Solving for Uy, Initial residual = 0.0027750032, Final residual = 1.8430048e-05, No Iterations 1
GAMG:  Solving for p, Initial residual = 0.0015426221, Final residual = 1.2006922e-05, No Iterations 5
time step continuity errors : sum local = 8.3079131e-07, global = 1.3934963e-17, cumulative = -2.7982672e-17
ExecutionTime = 0.68 s  ClockTime = 1 s

Time = 79

DILUPBiCGStab:  Solving for Ux, Initial residual = 0.0018805584, Final residual = 1.4718968e-05, No Iterations 1
DILUPBiCGStab:  Solving for Uy, Initial residual = 0.0027359021, Final residual = 1.8111918e-05, No Iterations 1
GAMG:  Solving for p, Initial residual = 0.0015228655, Final residual = 1.1893866e-05, No Iterations 5
time step continuity errors : sum local = 8.2314548e-07, global = -1.0842498e-17, cumulative = -3.882517e-17
ExecutionTime = 0.68 s  ClockTime = 1 s

Time = 80

DILUPBiCGStab:  Solving for Ux, Initial residual = 0.0018523918, Final residual = 1.4405964e-05, No Iterations 1
DILUPBiCGStab:  Solving for Uy, Initial residual = 0.0026977881, Final residual = 1.7805397e-05, No Iterations 1
GAMG:  Solving for p, Initial residual = 0.0015037572, Final residual = 1.1785435e-05, No Iterations 5
time step continuity errors : sum local = 8.1580564e-07, global = 2.3743181e-17, cumulative = -1.508199e-17
ExecutionTime = 0.69 s  ClockTime = 1 s

Time = 81

DILUPBiCGStab:  Solving for Ux, Initial residual = 0.0018251489, Final residual = 1.4102941e-05, No Iterations 1
DILUPBiCGStab:  Solving for Uy, Initial residual = 0.0026606066, Final residual = 1.751112e-05, No Iterations 1
GAMG:  Solving for p, Initial residual = 0.0014851602, Final residual = 1.1679348e-05, No Iterations 5
time step continuity errors : sum local = 8.0863083e-07, global = 2.4193379e-20, cumulative = -1.5057797e-17
ExecutionTime = 0.7 s  ClockTime = 1 s

Time = 82

DILUPBiCGStab:  Solving for Ux, Initial residual = 0.0017985878, Final residual = 1.3809942e-05, No Iterations 1
DILUPBiCGStab:  Solving for Uy, Initial residual = 0.0026243324, Final residual = 1.722681e-05, No Iterations 1
GAMG:  Solving for p, Initial residual = 0.001466172, Final residual = 1.1574433e-05, No Iterations 5
time step continuity errors : sum local = 8.0156853e-07, global = -6.2147866e-18, cumulative = -2.1272583e-17
ExecutionTime = 0.71 s  ClockTime = 1 s

Time = 83

DILUPBiCGStab:  Solving for Ux, Initial residual = 0.0017726113, Final residual = 1.3526418e-05, No Iterations 1
DILUPBiCGStab:  Solving for Uy, Initial residual = 0.0025889079, Final residual = 1.6959682e-05, No Iterations 1
GAMG:  Solving for p, Initial residual = 0.0014474405, Final residual = 1.1470807e-05, No Iterations 5
time step continuity errors : sum local = 7.9458737e-07, global = 1.3564703e-17, cumulative = -7.7078799e-18
ExecutionTime = 0.72 s  ClockTime = 1 s

Time = 84

DILUPBiCGStab:  Solving for Ux, Initial residual = 0.001747259, Final residual = 1.3252197e-05, No Iterations 1
DILUPBiCGStab:  Solving for Uy, Initial residual = 0.0025543062, Final residual = 1.6681046e-05, No Iterations 1
GAMG:  Solving for p, Initial residual = 0.0014305901, Final residual = 1.1363994e-05, No Iterations 5
time step continuity errors : sum local = 7.8739338e-07, global = -1.1453421e-17, cumulative = -1.9161301e-17
ExecutionTime = 0.72 s  ClockTime = 1 s

Time = 85

DILUPBiCGStab:  Solving for Ux, Initial residual = 0.001722491, Final residual = 1.2987547e-05, No Iterations 1
DILUPBiCGStab:  Solving for Uy, Initial residual = 0.0025205191, Final residual = 1.6418313e-05, No Iterations 1
GAMG:  Solving for p, Initial residual = 0.0014138659, Final residual = 1.1261672e-05, No Iterations 5
time step continuity errors : sum local = 7.8049195e-07, global = -9.6381761e-19, cumulative = -2.0125118e-17
ExecutionTime = 0.73 s  ClockTime = 1 s

Time = 86

DILUPBiCGStab:  Solving for Ux, Initial residual = 0.0016982796, Final residual = 1.2731029e-05, No Iterations 1
DILUPBiCGStab:  Solving for Uy, Initial residual = 0.0024875155, Final residual = 1.6163036e-05, No Iterations 1
GAMG:  Solving for p, Initial residual = 0.0013966506, Final residual = 1.1160667e-05, No Iterations 5
time step continuity errors : sum local = 7.7369426e-07, global = 1.1009311e-18, cumulative = -1.9024187e-17
ExecutionTime = 0.74 s  ClockTime = 1 s

Time = 87

DILUPBiCGStab:  Solving for Ux, Initial residual = 0.0016746375, Final residual = 1.2482286e-05, No Iterations 1
DILUPBiCGStab:  Solving for Uy, Initial residual = 0.002455266, Final residual = 1.591414e-05, No Iterations 1
GAMG:  Solving for p, Initial residual = 0.0013804583, Final residual = 1.1058869e-05, No Iterations 5
time step continuity errors : sum local = 7.6684879e-07, global = 3.6178895e-19, cumulative = -1.8662398e-17
ExecutionTime = 0.74 s  ClockTime = 1 s

Time = 88

DILUPBiCGStab:  Solving for Ux, Initial residual = 0.001651569, Final residual = 1.2240839e-05, No Iterations 1
DILUPBiCGStab:  Solving for Uy, Initial residual = 0.0024237224, Final residual = 1.5670443e-05, No Iterations 1
GAMG:  Solving for p, Initial residual = 0.0013645117, Final residual = 1.0957193e-05, No Iterations 5
time step continuity errors : sum local = 7.6001536e-07, global = -5.286862e-18, cumulative = -2.394926e-17
ExecutionTime = 0.75 s  ClockTime = 1 s

Time = 89

DILUPBiCGStab:  Solving for Ux, Initial residual = 0.0016292622, Final residual = 1.2007039e-05, No Iterations 1
DILUPBiCGStab:  Solving for Uy, Initial residual = 0.0023928657, Final residual = 1.5432078e-05, No Iterations 1
GAMG:  Solving for p, Initial residual = 0.0013477677, Final residual = 1.0856978e-05, No Iterations 5
time step continuity errors : sum local = 7.5329777e-07, global = -2.8645595e-18, cumulative = -2.681382e-17
ExecutionTime = 0.76 s  ClockTime = 1 s

Time = 90

DILUPBiCGStab:  Solving for Ux, Initial residual = 0.0016074849, Final residual = 1.1780157e-05, No Iterations 1
DILUPBiCGStab:  Solving for Uy, Initial residual = 0.0023626801, Final residual = 1.5201699e-05, No Iterations 1
GAMG:  Solving for p, Initial residual = 0.0013325251, Final residual = 1.0757997e-05, No Iterations 5
time step continuity errors : sum local = 7.4667193e-07, global = -3.4943815e-18, cumulative = -3.0308201e-17
ExecutionTime = 0.77 s  ClockTime = 1 s

Time = 91

DILUPBiCGStab:  Solving for Ux, Initial residual = 0.0015862039, Final residual = 1.1559843e-05, No Iterations 1
DILUPBiCGStab:  Solving for Uy, Initial residual = 0.0023331476, Final residual = 1.4983312e-05, No Iterations 1
GAMG:  Solving for p, Initial residual = 0.001317869, Final residual = 1.0661592e-05, No Iterations 5
time step continuity errors : sum local = 7.4022785e-07, global = 4.163114e-18, cumulative = -2.6145087e-17
ExecutionTime = 0.77 s  ClockTime = 1 s

Time = 92

DILUPBiCGStab:  Solving for Ux, Initial residual = 0.0015654119, Final residual = 1.1346676e-05, No Iterations 1
DILUPBiCGStab:  Solving for Uy, Initial residual = 0.0023042715, Final residual = 1.4764106e-05, No Iterations 1
GAMG:  Solving for p, Initial residual = 0.0013039756, Final residual = 1.0566905e-05, No Iterations 5
time step continuity errors : sum local = 7.3390185e-07, global = -2.5362813e-18, cumulative = -2.8681369e-17
ExecutionTime = 0.78 s  ClockTime = 1 s

Time = 93

DILUPBiCGStab:  Solving for Ux, Initial residual = 0.0015450964, Final residual = 1.1139921e-05, No Iterations 1
DILUPBiCGStab:  Solving for Uy, Initial residual = 0.0022760089, Final residual = 1.4547349e-05, No Iterations 1
GAMG:  Solving for p, Initial residual = 0.0012895911, Final residual = 1.0471406e-05, No Iterations 5
time step continuity errors : sum local = 7.2751519e-07, global = -1.1625104e-17, cumulative = -4.0306472e-17
ExecutionTime = 0.79 s  ClockTime = 1 s

Time = 94

DILUPBiCGStab:  Solving for Ux, Initial residual = 0.001525226, Final residual = 1.0938605e-05, No Iterations 1
DILUPBiCGStab:  Solving for Uy, Initial residual = 0.0022483377, Final residual = 1.4335616e-05, No Iterations 1
GAMG:  Solving for p, Initial residual = 0.0012766727, Final residual = 1.03771e-05, No Iterations 5
time step continuity errors : sum local = 7.2120074e-07, global = 1.8106917e-18, cumulative = -3.8495781e-17
ExecutionTime = 0.8 s  ClockTime = 1 s

Time = 95

DILUPBiCGStab:  Solving for Ux, Initial residual = 0.001505793, Final residual = 1.0743358e-05, No Iterations 1
DILUPBiCGStab:  Solving for Uy, Initial residual = 0.0022212622, Final residual = 1.4129229e-05, No Iterations 1
GAMG:  Solving for p, Initial residual = 0.0012642104, Final residual = 1.0283185e-05, No Iterations 5
time step continuity errors : sum local = 7.1490956e-07, global = -1.0188748e-17, cumulative = -4.8684528e-17
ExecutionTime = 0.81 s  ClockTime = 1 s

Time = 96

DILUPBiCGStab:  Solving for Ux, Initial residual = 0.0014868046, Final residual = 1.0555058e-05, No Iterations 1
DILUPBiCGStab:  Solving for Uy, Initial residual = 0.002194733, Final residual = 1.3927899e-05, No Iterations 1
GAMG:  Solving for p, Initial residual = 0.0012518966, Final residual = 1.0189327e-05, No Iterations 5
time step continuity errors : sum local = 7.0862221e-07, global = 5.4258284e-18, cumulative = -4.32587e-17
ExecutionTime = 0.81 s  ClockTime = 1 s

Time = 97

DILUPBiCGStab:  Solving for Ux, Initial residual = 0.0014682645, Final residual = 1.0373484e-05, No Iterations 1
DILUPBiCGStab:  Solving for Uy, Initial residual = 0.0021687329, Final residual = 1.3737788e-05, No Iterations 1
GAMG:  Solving for p, Initial residual = 0.0012382308, Final residual = 1.0097045e-05, No Iterations 5
time step continuity errors : sum local = 7.0244179e-07, global = -4.5196619e-18, cumulative = -4.7778362e-17
ExecutionTime = 0.82 s  ClockTime = 1 s

Time = 98

DILUPBiCGStab:  Solving for Ux, Initial residual = 0.0014501787, Final residual = 1.0197242e-05, No Iterations 1
DILUPBiCGStab:  Solving for Uy, Initial residual = 0.0021432596, Final residual = 1.3549808e-05, No Iterations 1
GAMG:  Solving for p, Initial residual = 0.0012254758, Final residual = 1.0005199e-05, No Iterations 5
time step continuity errors : sum local = 6.9629161e-07, global = 5.2717213e-18, cumulative = -4.250664e-17
ExecutionTime = 0.83 s  ClockTime = 1 s

Time = 99

DILUPBiCGStab:  Solving for Ux, Initial residual = 0.0014324912, Final residual = 1.0025848e-05, No Iterations 1
DILUPBiCGStab:  Solving for Uy, Initial residual = 0.0021182958, Final residual = 1.3363013e-05, No Iterations 1
GAMG:  Solving for p, Initial residual = 0.0012129825, Final residual = 9.914553e-06, No Iterations 5
time step continuity errors : sum local = 6.90227e-07, global = -1.6126449e-18, cumulative = -4.4119285e-17
ExecutionTime = 0.84 s  ClockTime = 1 s

Time = 100

DILUPBiCGStab:  Solving for Ux, Initial residual = 0.0014152022, Final residual = 9.8592799e-06, No Iterations 1
DILUPBiCGStab:  Solving for Uy, Initial residual = 0.002093837, Final residual = 1.3179344e-05, No Iterations 1
GAMG:  Solving for p, Initial residual = 0.001201016, Final residual = 9.8251702e-06, No Iterations 5
time step continuity errors : sum local = 6.8424721e-07, global = 8.5231632e-18, cumulative = -3.5596122e-17
ExecutionTime = 0.85 s  ClockTime = 1 s

Time = 101

DILUPBiCGStab:  Solving for Ux, Initial residual = 0.0013982886, Final residual = 9.6979937e-06, No Iterations 1
DILUPBiCGStab:  Solving for Uy, Initial residual = 0.0020698534, Final residual = 1.2999868e-05, No Iterations 1
GAMG:  Solving for p, Initial residual = 0.0011891917, Final residual = 9.7363e-06, No Iterations 5
time step continuity errors : sum local = 6.7830986e-07, global = -3.7221804e-18, cumulative = -3.9318302e-17
ExecutionTime = 0.86 s  ClockTime = 1 s

Time = 102

DILUPBiCGStab:  Solving for Ux, Initial residual = 0.0013817449, Final residual = 9.54083e-06, No Iterations 1
DILUPBiCGStab:  Solving for Uy, Initial residual = 0.0020463216, Final residual = 1.2824603e-05, No Iterations 1
GAMG:  Solving for p, Initial residual = 0.0011772733, Final residual = 9.6480964e-06, No Iterations 5
time step continuity errors : sum local = 6.7242244e-07, global = 6.0509387e-18, cumulative = -3.3267364e-17
ExecutionTime = 0.87 s  ClockTime = 1 s

Time = 103

DILUPBiCGStab:  Solving for Ux, Initial residual = 0.0013655449, Final residual = 9.3874057e-06, No Iterations 1
DILUPBiCGStab:  Solving for Uy, Initial residual = 0.0020232339, Final residual = 1.2653293e-05, No Iterations 1
GAMG:  Solving for p, Initial residual = 0.001165298, Final residual = 9.560062e-06, No Iterations 5
time step continuity errors : sum local = 6.6654632e-07, global = -8.5976491e-18, cumulative = -4.1865013e-17
ExecutionTime = 0.87 s  ClockTime = 1 s

Time = 104

DILUPBiCGStab:  Solving for Ux, Initial residual = 0.001349681, Final residual = 9.2378619e-06, No Iterations 1
DILUPBiCGStab:  Solving for Uy, Initial residual = 0.0020005899, Final residual = 1.2492196e-05, No Iterations 1
GAMG:  Solving for p, Initial residual = 0.0011539801, Final residual = 9.4754646e-06, No Iterations 5
time step continuity errors : sum local = 6.6091226e-07, global = -1.4320363e-17, cumulative = -5.6185375e-17
ExecutionTime = 0.88 s  ClockTime = 1 s

Time = 105

DILUPBiCGStab:  Solving for Ux, Initial residual = 0.0013341351, Final residual = 9.0923834e-06, No Iterations 1
DILUPBiCGStab:  Solving for Uy, Initial residual = 0.001978383, Final residual = 1.2330793e-05, No Iterations 1
GAMG:  Solving for p, Initial residual = 0.0011428219, Final residual = 9.3909903e-06, No Iterations 5
time step continuity errors : sum local = 6.5528284e-07, global = 9.5786191e-18, cumulative = -4.6606756e-17
ExecutionTime = 0.89 s  ClockTime = 1 s

Time = 106

DILUPBiCGStab:  Solving for Ux, Initial residual = 0.0013189222, Final residual = 8.950557e-06, No Iterations 1
DILUPBiCGStab:  Solving for Uy, Initial residual = 0.0019565817, Final residual = 1.216844e-05, No Iterations 1
GAMG:  Solving for p, Initial residual = 0.0011311388, Final residual = 9.3055482e-06, No Iterations 5
time step continuity errors : sum local = 6.495818e-07, global = 1.321112e-17, cumulative = -3.3395636e-17
ExecutionTime = 0.9 s  ClockTime = 1 s

Time = 107

DILUPBiCGStab:  Solving for Ux, Initial residual = 0.0013040063, Final residual = 8.8119918e-06, No Iterations 1
DILUPBiCGStab:  Solving for Uy, Initial residual = 0.0019351684, Final residual = 1.2009194e-05, No Iterations 1
GAMG:  Solving for p, Initial residual = 0.0011201467, Final residual = 9.2207451e-06, No Iterations 5
time step continuity errors : sum local = 6.4392296e-07, global = 3.2778057e-18, cumulative = -3.0117831e-17
ExecutionTime = 0.9 s  ClockTime = 1 s

Time = 108

DILUPBiCGStab:  Solving for Ux, Initial residual = 0.0012893856, Final residual = 8.6771458e-06, No Iterations 1
DILUPBiCGStab:  Solving for Uy, Initial residual = 0.001914137, Final residual = 1.1854311e-05, No Iterations 1
GAMG:  Solving for p, Initial residual = 0.0011092094, Final residual = 9.1374922e-06, No Iterations 5
time step continuity errors : sum local = 6.3837028e-07, global = -5.5796178e-18, cumulative = -3.5697448e-17
ExecutionTime = 0.91 s  ClockTime = 1 s

Time = 109

DILUPBiCGStab:  Solving for Ux, Initial residual = 0.0012750604, Final residual = 8.5441975e-06, No Iterations 1
DILUPBiCGStab:  Solving for Uy, Initial residual = 0.001893484, Final residual = 1.1705113e-05, No Iterations 1
GAMG:  Solving for p, Initial residual = 0.0010984898, Final residual = 9.0550553e-06, No Iterations 5
time step continuity errors : sum local = 6.3287173e-07, global = -2.0107768e-18, cumulative = -3.7708225e-17
ExecutionTime = 0.92 s  ClockTime = 1 s

Time = 110

DILUPBiCGStab:  Solving for Ux, Initial residual = 0.0012610325, Final residual = 8.4157045e-06, No Iterations 1
DILUPBiCGStab:  Solving for Uy, Initial residual = 0.0018731931, Final residual = 1.1558335e-05, No Iterations 1
GAMG:  Solving for p, Initial residual = 0.0010876468, Final residual = 8.973983e-06, No Iterations 5
time step continuity errors : sum local = 6.2746587e-07, global = -2.2671631e-18, cumulative = -3.9975388e-17
ExecutionTime = 0.93 s  ClockTime = 1 s

Time = 111

DILUPBiCGStab:  Solving for Ux, Initial residual = 0.00124727, Final residual = 8.2901989e-06, No Iterations 1
DILUPBiCGStab:  Solving for Uy, Initial residual = 0.0018532524, Final residual = 1.1413549e-05, No Iterations 1
GAMG:  Solving for p, Initial residual = 0.0010767828, Final residual = 8.8932234e-06, No Iterations 5
time step continuity errors : sum local = 6.220796e-07, global = 8.5482565e-18, cumulative = -3.1427132e-17
ExecutionTime = 0.93 s  ClockTime = 1 s

Time = 112

DILUPBiCGStab:  Solving for Ux, Initial residual = 0.0012337883, Final residual = 8.1679974e-06, No Iterations 1
DILUPBiCGStab:  Solving for Uy, Initial residual = 0.0018336596, Final residual = 1.1278667e-05, No Iterations 1
GAMG:  Solving for p, Initial residual = 0.0010664874, Final residual = 8.8115151e-06, No Iterations 5
time step continuity errors : sum local = 6.1662411e-07, global = -1.3477088e-17, cumulative = -4.490422e-17
ExecutionTime = 0.94 s  ClockTime = 1 s

Time = 113

DILUPBiCGStab:  Solving for Ux, Initial residual = 0.0012205536, Final residual = 8.0486359e-06, No Iterations 1
DILUPBiCGStab:  Solving for Uy, Initial residual = 0.0018144117, Final residual = 1.1137197e-05, No Iterations 1
GAMG:  Solving for p, Initial residual = 0.0010573889, Final residual = 8.7290044e-06, No Iterations 5
time step continuity errors : sum local = 6.1111195e-07, global = -7.7443164e-18, cumulative = -5.2648536e-17
ExecutionTime = 0.95 s  ClockTime = 1 s

Time = 114

DILUPBiCGStab:  Solving for Ux, Initial residual = 0.0012075933, Final residual = 7.9322118e-06, No Iterations 1
DILUPBiCGStab:  Solving for Uy, Initial residual = 0.0017954932, Final residual = 1.1002986e-05, No Iterations 1
GAMG:  Solving for p, Initial residual = 0.0010482248, Final residual = 8.6515435e-06, No Iterations 5
time step continuity errors : sum local = 6.0595519e-07, global = -7.2327349e-18, cumulative = -5.9881271e-17
ExecutionTime = 0.96 s  ClockTime = 1 s

Time = 115

DILUPBiCGStab:  Solving for Ux, Initial residual = 0.0011948826, Final residual = 7.8184684e-06, No Iterations 1
DILUPBiCGStab:  Solving for Uy, Initial residual = 0.0017768868, Final residual = 1.0870446e-05, No Iterations 1
GAMG:  Solving for p, Initial residual = 0.0010377798, Final residual = 8.5764771e-06, No Iterations 5
time step continuity errors : sum local = 6.009644e-07, global = -5.4230226e-18, cumulative = -6.5304294e-17
ExecutionTime = 0.97 s  ClockTime = 1 s

Time = 116

DILUPBiCGStab:  Solving for Ux, Initial residual = 0.0011824172, Final residual = 7.7072834e-06, No Iterations 1
DILUPBiCGStab:  Solving for Uy, Initial residual = 0.0017585901, Final residual = 1.0740641e-05, No Iterations 1
GAMG:  Solving for p, Initial residual = 0.0010275619, Final residual = 8.5017715e-06, No Iterations 5
time step continuity errors : sum local = 5.9599113e-07, global = 2.6484867e-18, cumulative = -6.2655807e-17
ExecutionTime = 0.97 s  ClockTime = 1 s

Time = 117

DILUPBiCGStab:  Solving for Ux, Initial residual = 0.0011701814, Final residual = 7.5982965e-06, No Iterations 1
DILUPBiCGStab:  Solving for Uy, Initial residual = 0.0017406097, Final residual = 1.061267e-05, No Iterations 1
GAMG:  Solving for p, Initial residual = 0.0010174306, Final residual = 8.4275122e-06, No Iterations 5
time step continuity errors : sum local = 5.9104364e-07, global = -2.0766177e-17, cumulative = -8.3421985e-17
ExecutionTime = 0.98 s  ClockTime = 1 s

Time = 118

DILUPBiCGStab:  Solving for Ux, Initial residual = 0.0011581812, Final residual = 7.4918357e-06, No Iterations 1
DILUPBiCGStab:  Solving for Uy, Initial residual = 0.0017229336, Final residual = 1.048696e-05, No Iterations 1
GAMG:  Solving for p, Initial residual = 0.0010076495, Final residual = 8.3543205e-06, No Iterations 5
time step continuity errors : sum local = 5.8616783e-07, global = -3.6443857e-18, cumulative = -8.706637e-17
ExecutionTime = 0.99 s  ClockTime = 1 s

Time = 119

DILUPBiCGStab:  Solving for Ux, Initial residual = 0.0011463941, Final residual = 7.3877835e-06, No Iterations 1
DILUPBiCGStab:  Solving for Uy, Initial residual = 0.0017055465, Final residual = 1.0363172e-05, No Iterations 1
GAMG:  Solving for p, Initial residual = 0.0009981848, Final residual = 8.282128e-06, No Iterations 5
time step continuity errors : sum local = 5.8135712e-07, global = -1.9100593e-19, cumulative = -8.7257376e-17
ExecutionTime = 1 s  ClockTime = 1 s

Time = 120

DILUPBiCGStab:  Solving for Ux, Initial residual = 0.0011348487, Final residual = 7.2861053e-06, No Iterations 1
DILUPBiCGStab:  Solving for Uy, Initial residual = 0.0016884527, Final residual = 1.0242053e-05, No Iterations 1
GAMG:  Solving for p, Initial residual = 0.00098838525, Final residual = 8.2110535e-06, No Iterations 5
time step continuity errors : sum local = 5.7662137e-07, global = -1.5175786e-17, cumulative = -1.0243316e-16
ExecutionTime = 1.01 s  ClockTime = 1 s

Time = 121

DILUPBiCGStab:  Solving for Ux, Initial residual = 0.0011235026, Final residual = 7.186862e-06, No Iterations 1
DILUPBiCGStab:  Solving for Uy, Initial residual = 0.0016716336, Final residual = 1.0124696e-05, No Iterations 1
GAMG:  Solving for p, Initial residual = 0.00097912455, Final residual = 8.139269e-06, No Iterations 5
time step continuity errors : sum local = 5.7182725e-07, global = 8.3570123e-18, cumulative = -9.407615e-17
ExecutionTime = 1.01 s  ClockTime = 1 s

Time = 122

DILUPBiCGStab:  Solving for Ux, Initial residual = 0.0011123573, Final residual = 7.0901772e-06, No Iterations 1
DILUPBiCGStab:  Solving for Uy, Initial residual = 0.0016550904, Final residual = 1.0009632e-05, No Iterations 1
GAMG:  Solving for p, Initial residual = 0.00097014235, Final residual = 8.0674541e-06, No Iterations 5
time step continuity errors : sum local = 5.6702365e-07, global = 3.101067e-18, cumulative = -9.0975083e-17
ExecutionTime = 1.02 s  ClockTime = 1 s

Time = 123

DILUPBiCGStab:  Solving for Ux, Initial residual = 0.0011014109, Final residual = 6.9953438e-06, No Iterations 1
DILUPBiCGStab:  Solving for Uy, Initial residual = 0.0016388113, Final residual = 9.8951676e-06, No Iterations 1
GAMG:  Solving for p, Initial residual = 0.00096188638, Final residual = 7.9974613e-06, No Iterations 5
time step continuity errors : sum local = 5.6234014e-07, global = -4.3927393e-18, cumulative = -9.5367823e-17
ExecutionTime = 1.03 s  ClockTime = 1 s

Time = 124

DILUPBiCGStab:  Solving for Ux, Initial residual = 0.0010906685, Final residual = 6.9024782e-06, No Iterations 1
DILUPBiCGStab:  Solving for Uy, Initial residual = 0.0016227964, Final residual = 9.7825178e-06, No Iterations 1
GAMG:  Solving for p, Initial residual = 0.00095328694, Final residual = 7.9302733e-06, No Iterations 5
time step continuity errors : sum local = 5.5784434e-07, global = 6.0000638e-18, cumulative = -8.9367759e-17
ExecutionTime = 1.04 s  ClockTime = 1 s

Time = 125

DILUPBiCGStab:  Solving for Ux, Initial residual = 0.0010801257, Final residual = 6.8115034e-06, No Iterations 1
DILUPBiCGStab:  Solving for Uy, Initial residual = 0.0016070382, Final residual = 9.6714547e-06, No Iterations 1
GAMG:  Solving for p, Initial residual = 0.00094450257, Final residual = 7.8651769e-06, No Iterations 5
time step continuity errors : sum local = 5.5348633e-07, global = 7.0431848e-18, cumulative = -8.2324574e-17
ExecutionTime = 1.05 s  ClockTime = 1 s

Time = 126

DILUPBiCGStab:  Solving for Ux, Initial residual = 0.0010697619, Final residual = 6.7228291e-06, No Iterations 1
DILUPBiCGStab:  Solving for Uy, Initial residual = 0.0015915231, Final residual = 9.5625299e-06, No Iterations 1
GAMG:  Solving for p, Initial residual = 0.0009358795, Final residual = 7.8007389e-06, No Iterations 5
time step continuity errors : sum local = 5.4916723e-07, global = 1.2333038e-17, cumulative = -6.9991536e-17
ExecutionTime = 1.05 s  ClockTime = 1 s

Time = 127

DILUPBiCGStab:  Solving for Ux, Initial residual = 0.0010595821, Final residual = 6.6363222e-06, No Iterations 1
DILUPBiCGStab:  Solving for Uy, Initial residual = 0.0015762427, Final residual = 9.4554515e-06, No Iterations 1
GAMG:  Solving for p, Initial residual = 0.00092709564, Final residual = 7.7367325e-06, No Iterations 5
time step continuity errors : sum local = 5.4487388e-07, global = 9.3596611e-18, cumulative = -6.0631875e-17
ExecutionTime = 1.06 s  ClockTime = 1 s

Time = 128

DILUPBiCGStab:  Solving for Ux, Initial residual = 0.0010495788, Final residual = 6.551869e-06, No Iterations 1
DILUPBiCGStab:  Solving for Uy, Initial residual = 0.0015611923, Final residual = 9.3500118e-06, No Iterations 1
GAMG:  Solving for p, Initial residual = 0.00091844491, Final residual = 7.673409e-06, No Iterations 5
time step continuity errors : sum local = 5.4062328e-07, global = 8.1796648e-18, cumulative = -5.245221e-17
ExecutionTime = 1.07 s  ClockTime = 1 s

Time = 129

DILUPBiCGStab:  Solving for Ux, Initial residual = 0.0010397445, Final residual = 6.469262e-06, No Iterations 1
DILUPBiCGStab:  Solving for Uy, Initial residual = 0.0015463719, Final residual = 9.2480541e-06, No Iterations 1
GAMG:  Solving for p, Initial residual = 0.00091011693, Final residual = 7.610407e-06, No Iterations 5
time step continuity errors : sum local = 5.3638758e-07, global = 1.8692429e-17, cumulative = -3.3759781e-17
ExecutionTime = 1.07 s  ClockTime = 1 s

Time = 130

DILUPBiCGStab:  Solving for Ux, Initial residual = 0.0010300898, Final residual = 6.388202e-06, No Iterations 1
DILUPBiCGStab:  Solving for Uy, Initial residual = 0.0015317717, Final residual = 9.1476713e-06, No Iterations 1
GAMG:  Solving for p, Initial residual = 0.00090183306, Final residual = 7.5492714e-06, No Iterations 5
time step continuity errors : sum local = 5.3227488e-07, global = 1.3703987e-17, cumulative = -2.0055794e-17
ExecutionTime = 1.08 s  ClockTime = 1 s

Time = 131

DILUPBiCGStab:  Solving for Ux, Initial residual = 0.0010205906, Final residual = 6.3088275e-06, No Iterations 1
DILUPBiCGStab:  Solving for Uy, Initial residual = 0.0015173894, Final residual = 9.0471761e-06, No Iterations 1
GAMG:  Solving for p, Initial residual = 0.00089364754, Final residual = 7.4898429e-06, No Iterations 5
time step continuity errors : sum local = 5.2827188e-07, global = -8.7705497e-18, cumulative = -2.8826344e-17
ExecutionTime = 1.09 s  ClockTime = 1 s

Time = 132

DILUPBiCGStab:  Solving for Ux, Initial residual = 0.0010112371, Final residual = 6.2311066e-06, No Iterations 1
DILUPBiCGStab:  Solving for Uy, Initial residual = 0.0015032196, Final residual = 8.9477924e-06, No Iterations 1
GAMG:  Solving for p, Initial residual = 0.00088576269, Final residual = 7.4303331e-06, No Iterations 5
time step continuity errors : sum local = 5.2425506e-07, global = 9.1590731e-18, cumulative = -1.966727e-17
ExecutionTime = 1.1 s  ClockTime = 1 s

Time = 133

DILUPBiCGStab:  Solving for Ux, Initial residual = 0.0010020356, Final residual = 6.1552071e-06, No Iterations 1
DILUPBiCGStab:  Solving for Uy, Initial residual = 0.001489257, Final residual = 8.8500876e-06, No Iterations 1
GAMG:  Solving for p, Initial residual = 0.00087841887, Final residual = 7.3714822e-06, No Iterations 5
time step continuity errors : sum local = 5.2027831e-07, global = 5.8651738e-19, cumulative = -1.9080753e-17
ExecutionTime = 1.1 s  ClockTime = 1 s

Time = 134

DILUPBiCGStab:  Solving for Ux, Initial residual = 0.00099299227, Final residual = 6.0804416e-06, No Iterations 1
DILUPBiCGStab:  Solving for Uy, Initial residual = 0.0014754987, Final residual = 8.7541648e-06, No Iterations 1
GAMG:  Solving for p, Initial residual = 0.00087134439, Final residual = 7.3131906e-06, No Iterations 5
time step continuity errors : sum local = 5.1633522e-07, global = 1.1676376e-17, cumulative = -7.4043774e-18
ExecutionTime = 1.11 s  ClockTime = 1 s

Time = 135

DILUPBiCGStab:  Solving for Ux, Initial residual = 0.00098408976, Final residual = 6.007444e-06, No Iterations 1
DILUPBiCGStab:  Solving for Uy, Initial residual = 0.0014619366, Final residual = 8.6604302e-06, No Iterations 1
GAMG:  Solving for p, Initial residual = 0.00086417996, Final residual = 7.2556977e-06, No Iterations 5
time step continuity errors : sum local = 5.1243974e-07, global = -1.0430311e-17, cumulative = -1.7834688e-17
ExecutionTime = 1.12 s  ClockTime = 1 s

Time = 136

DILUPBiCGStab:  Solving for Ux, Initial residual = 0.00097533484, Final residual = 5.9363413e-06, No Iterations 1
DILUPBiCGStab:  Solving for Uy, Initial residual = 0.0014485681, Final residual = 8.5684867e-06, No Iterations 1
GAMG:  Solving for p, Initial residual = 0.00085707406, Final residual = 7.1991597e-06, No Iterations 5
time step continuity errors : sum local = 5.0860424e-07, global = 6.1071075e-19, cumulative = -1.7223977e-17
ExecutionTime = 1.13 s  ClockTime = 1 s

Time = 137

DILUPBiCGStab:  Solving for Ux, Initial residual = 0.00096671974, Final residual = 5.8665252e-06, No Iterations 1
DILUPBiCGStab:  Solving for Uy, Initial residual = 0.0014353909, Final residual = 8.4784648e-06, No Iterations 1
GAMG:  Solving for p, Initial residual = 0.00084991104, Final residual = 7.1438637e-06, No Iterations 5
time step continuity errors : sum local = 5.0485139e-07, global = -2.8102965e-18, cumulative = -2.0034274e-17
ExecutionTime = 1.14 s  ClockTime = 1 s

Time = 138

DILUPBiCGStab:  Solving for Ux, Initial residual = 0.00095823472, Final residual = 5.7980741e-06, No Iterations 1
DILUPBiCGStab:  Solving for Uy, Initial residual = 0.0014224008, Final residual = 8.3916667e-06, No Iterations 1
GAMG:  Solving for p, Initial residual = 0.00084246571, Final residual = 7.0907905e-06, No Iterations 5
time step continuity errors : sum local = 5.0125153e-07, global = 1.4425183e-17, cumulative = -5.6090911e-18
ExecutionTime = 1.15 s  ClockTime = 1 s

Time = 139

DILUPBiCGStab:  Solving for Ux, Initial residual = 0.00094989541, Final residual = 5.7308716e-06, No Iterations 1
DILUPBiCGStab:  Solving for Uy, Initial residual = 0.0014095931, Final residual = 8.3074621e-06, No Iterations 1
GAMG:  Solving for p, Initial residual = 0.00083639581, Final residual = 4.717419e-06, No Iterations 5
time step continuity errors : sum local = 3.2807522e-07, global = -1.6989469e-17, cumulative = -2.259856e-17
ExecutionTime = 1.16 s  ClockTime = 1 s

Time = 140

DILUPBiCGStab:  Solving for Ux, Initial residual = 0.00094167246, Final residual = 5.664968e-06, No Iterations 1
DILUPBiCGStab:  Solving for Uy, Initial residual = 0.001396974, Final residual = 8.2191307e-06, No Iterations 1
GAMG:  Solving for p, Initial residual = 0.00082663724, Final residual = 7.0319575e-06, No Iterations 5
time step continuity errors : sum local = 4.972573e-07, global = 8.9632232e-18, cumulative = -1.3635337e-17
ExecutionTime = 1.16 s  ClockTime = 1 s

Time = 141

DILUPBiCGStab:  Solving for Ux, Initial residual = 0.0009336238, Final residual = 5.5982027e-06, No Iterations 1
DILUPBiCGStab:  Solving for Uy, Initial residual = 0.001384517, Final residual = 8.1317206e-06, No Iterations 1
GAMG:  Solving for p, Initial residual = 0.00082155471, Final residual = 4.7237263e-06, No Iterations 5
time step continuity errors : sum local = 3.2871353e-07, global = 1.1889801e-17, cumulative = -1.7455356e-18
ExecutionTime = 1.17 s  ClockTime = 1 s

Time = 142

DILUPBiCGStab:  Solving for Ux, Initial residual = 0.00092564515, Final residual = 5.5346033e-06, No Iterations 1
DILUPBiCGStab:  Solving for Uy, Initial residual = 0.0013722413, Final residual = 8.0495855e-06, No Iterations 1
GAMG:  Solving for p, Initial residual = 0.00081134003, Final residual = 6.9685612e-06, No Iterations 5
time step continuity errors : sum local = 4.9298915e-07, global = -6.2908608e-18, cumulative = -8.0363963e-18
ExecutionTime = 1.18 s  ClockTime = 1 s

Time = 143

DILUPBiCGStab:  Solving for Ux, Initial residual = 0.00091783091, Final residual = 5.4722543e-06, No Iterations 1
DILUPBiCGStab:  Solving for Uy, Initial residual = 0.0013601263, Final residual = 7.9668268e-06, No Iterations 1
GAMG:  Solving for p, Initial residual = 0.00080624833, Final residual = 4.7472783e-06, No Iterations 5
time step continuity errors : sum local = 3.3079643e-07, global = -1.0285124e-17, cumulative = -1.832152e-17
ExecutionTime = 1.19 s  ClockTime = 1 s

Time = 144

DILUPBiCGStab:  Solving for Ux, Initial residual = 0.00091009278, Final residual = 5.4112868e-06, No Iterations 1
DILUPBiCGStab:  Solving for Uy, Initial residual = 0.0013481909, Final residual = 7.8866307e-06, No Iterations 1
GAMG:  Solving for p, Initial residual = 0.00079671504, Final residual = 4.6577726e-06, No Iterations 5
time step continuity errors : sum local = 3.2313915e-07, global = 8.8030546e-19, cumulative = -1.7441215e-17
ExecutionTime = 1.2 s  ClockTime = 1 s

Time = 145

DILUPBiCGStab:  Solving for Ux, Initial residual = 0.00090250308, Final residual = 5.3513354e-06, No Iterations 1
DILUPBiCGStab:  Solving for Uy, Initial residual = 0.0013364111, Final residual = 7.806264e-06, No Iterations 1
GAMG:  Solving for p, Initial residual = 0.00078995598, Final residual = 6.8862494e-06, No Iterations 5
time step continuity errors : sum local = 4.8743614e-07, global = -2.2492616e-17, cumulative = -3.9933831e-17
ExecutionTime = 1.2 s  ClockTime = 1 s

Time = 146

DILUPBiCGStab:  Solving for Ux, Initial residual = 0.00089504679, Final residual = 5.2926349e-06, No Iterations 1
DILUPBiCGStab:  Solving for Uy, Initial residual = 0.0013247853, Final residual = 7.7267996e-06, No Iterations 1
GAMG:  Solving for p, Initial residual = 0.00078580897, Final residual = 4.7758368e-06, No Iterations 5
time step continuity errors : sum local = 3.3334816e-07, global = 5.7192723e-18, cumulative = -3.4214558e-17
ExecutionTime = 1.21 s  ClockTime = 1 s

Time = 147

DILUPBiCGStab:  Solving for Ux, Initial residual = 0.00088765503, Final residual = 5.2348215e-06, No Iterations 1
DILUPBiCGStab:  Solving for Uy, Initial residual = 0.0013133392, Final residual = 7.6498292e-06, No Iterations 1
GAMG:  Solving for p, Initial residual = 0.00077659976, Final residual = 4.6896567e-06, No Iterations 5
time step continuity errors : sum local = 3.2609793e-07, global = 9.7996418e-19, cumulative = -3.3234594e-17
ExecutionTime = 1.22 s  ClockTime = 1 s

Time = 148

DILUPBiCGStab:  Solving for Ux, Initial residual = 0.00088040593, Final residual = 5.1777013e-06, No Iterations 1
DILUPBiCGStab:  Solving for Uy, Initial residual = 0.001302047, Final residual = 7.5752353e-06, No Iterations 1
GAMG:  Solving for p, Initial residual = 0.00077015856, Final residual = 4.6673926e-06, No Iterations 5
time step continuity errors : sum local = 3.2415353e-07, global = -2.103421e-18, cumulative = -3.5338015e-17
ExecutionTime = 1.23 s  ClockTime = 1 s

Time = 149

DILUPBiCGStab:  Solving for Ux, Initial residual = 0.00087325526, Final residual = 5.1215443e-06, No Iterations 1
DILUPBiCGStab:  Solving for Uy, Initial residual = 0.0012909079, Final residual = 7.4985492e-06, No Iterations 1
GAMG:  Solving for p, Initial residual = 0.00076424948, Final residual = 4.6723206e-06, No Iterations 5
time step continuity errors : sum local = 3.2452957e-07, global = 1.9993419e-17, cumulative = -1.5344597e-17
ExecutionTime = 1.24 s  ClockTime = 1 s

Time = 150

DILUPBiCGStab:  Solving for Ux, Initial residual = 0.00086621203, Final residual = 5.0664705e-06, No Iterations 1
DILUPBiCGStab:  Solving for Uy, Initial residual = 0.0012799148, Final residual = 7.4241383e-06, No Iterations 1
GAMG:  Solving for p, Initial residual = 0.00075864506, Final residual = 4.6823412e-06, No Iterations 5
time step continuity errors : sum local = 3.2544022e-07, global = 4.9712364e-18, cumulative = -1.037336e-17
ExecutionTime = 1.24 s  ClockTime = 1 s

Time = 151

DILUPBiCGStab:  Solving for Ux, Initial residual = 0.00085927567, Final residual = 5.0125131e-06, No Iterations 1
DILUPBiCGStab:  Solving for Uy, Initial residual = 0.0012690642, Final residual = 7.3515988e-06, No Iterations 1
GAMG:  Solving for p, Initial residual = 0.0007527946, Final residual = 4.6907643e-06, No Iterations 5
time step continuity errors : sum local = 3.2627333e-07, global = -1.1028369e-17, cumulative = -2.1401729e-17
ExecutionTime = 1.25 s  ClockTime = 1 s

Time = 152

DILUPBiCGStab:  Solving for Ux, Initial residual = 0.00085243337, Final residual = 4.9595505e-06, No Iterations 1
DILUPBiCGStab:  Solving for Uy, Initial residual = 0.0012583559, Final residual = 7.2797072e-06, No Iterations 1
GAMG:  Solving for p, Initial residual = 0.0007465756, Final residual = 4.6982527e-06, No Iterations 5
time step continuity errors : sum local = 3.2702166e-07, global = -9.3983599e-18, cumulative = -3.0800089e-17
ExecutionTime = 1.26 s  ClockTime = 1 s

Time = 153

DILUPBiCGStab:  Solving for Ux, Initial residual = 0.00084569508, Final residual = 4.9075837e-06, No Iterations 1
DILUPBiCGStab:  Solving for Uy, Initial residual = 0.0012477833, Final residual = 7.2088374e-06, No Iterations 1
GAMG:  Solving for p, Initial residual = 0.00074031053, Final residual = 4.7057235e-06, No Iterations 5
time step continuity errors : sum local = 3.2774511e-07, global = 1.5995926e-17, cumulative = -1.4804163e-17
ExecutionTime = 1.26 s  ClockTime = 1 s

Time = 154

DILUPBiCGStab:  Solving for Ux, Initial residual = 0.00083904663, Final residual = 4.8562903e-06, No Iterations 1
DILUPBiCGStab:  Solving for Uy, Initial residual = 0.0012373428, Final residual = 7.1390687e-06, No Iterations 1
GAMG:  Solving for p, Initial residual = 0.00073389022, Final residual = 4.714307e-06, No Iterations 5
time step continuity errors : sum local = 3.2853307e-07, global = -7.9516012e-18, cumulative = -2.2755764e-17
ExecutionTime = 1.27 s  ClockTime = 1 s

Time = 155

DILUPBiCGStab:  Solving for Ux, Initial residual = 0.00083249244, Final residual = 4.8058328e-06, No Iterations 1
DILUPBiCGStab:  Solving for Uy, Initial residual = 0.0012270335, Final residual = 7.0701191e-06, No Iterations 1
GAMG:  Solving for p, Initial residual = 0.00072762765, Final residual = 4.7218207e-06, No Iterations 5
time step continuity errors : sum local = 3.2923412e-07, global = 1.8077007e-18, cumulative = -2.0948064e-17
ExecutionTime = 1.28 s  ClockTime = 1 s

Time = 156

DILUPBiCGStab:  Solving for Ux, Initial residual = 0.0008260309, Final residual = 4.7562971e-06, No Iterations 1
DILUPBiCGStab:  Solving for Uy, Initial residual = 0.0012168603, Final residual = 7.0020152e-06, No Iterations 1
GAMG:  Solving for p, Initial residual = 0.00072159497, Final residual = 4.7282879e-06, No Iterations 5
time step continuity errors : sum local = 3.2985291e-07, global = 6.7070186e-18, cumulative = -1.4241045e-17
ExecutionTime = 1.29 s  ClockTime = 1 s

Time = 157

DILUPBiCGStab:  Solving for Ux, Initial residual = 0.00081966316, Final residual = 4.7077401e-06, No Iterations 1
DILUPBiCGStab:  Solving for Uy, Initial residual = 0.001206814, Final residual = 6.9347594e-06, No Iterations 1
GAMG:  Solving for p, Initial residual = 0.00071563237, Final residual = 4.7347461e-06, No Iterations 5
time step continuity errors : sum local = 3.3046451e-07, global = 1.8568021e-18, cumulative = -1.2384243e-17
ExecutionTime = 1.29 s  ClockTime = 1 s

Time = 158

DILUPBiCGStab:  Solving for Ux, Initial residual = 0.00081338741, Final residual = 4.6602562e-06, No Iterations 1
DILUPBiCGStab:  Solving for Uy, Initial residual = 0.0011968904, Final residual = 6.8683999e-06, No Iterations 1
GAMG:  Solving for p, Initial residual = 0.00070962933, Final residual = 4.7425817e-06, No Iterations 5
time step continuity errors : sum local = 3.3116583e-07, global = -4.7081268e-18, cumulative = -1.709237e-17
ExecutionTime = 1.3 s  ClockTime = 1 s

Time = 159

DILUPBiCGStab:  Solving for Ux, Initial residual = 0.0008071921, Final residual = 4.6134302e-06, No Iterations 1
DILUPBiCGStab:  Solving for Uy, Initial residual = 0.0011870879, Final residual = 6.8035299e-06, No Iterations 1
GAMG:  Solving for p, Initial residual = 0.00070388526, Final residual = 4.7485367e-06, No Iterations 5
time step continuity errors : sum local = 3.3172872e-07, global = -6.1646529e-18, cumulative = -2.3257023e-17
ExecutionTime = 1.31 s  ClockTime = 1 s

Time = 160

DILUPBiCGStab:  Solving for Ux, Initial residual = 0.0008010782, Final residual = 4.5674593e-06, No Iterations 1
DILUPBiCGStab:  Solving for Uy, Initial residual = 0.0011774091, Final residual = 6.7401513e-06, No Iterations 1
GAMG:  Solving for p, Initial residual = 0.00069825249, Final residual = 4.7539001e-06, No Iterations 5
time step continuity errors : sum local = 3.3224377e-07, global = -1.1471261e-17, cumulative = -3.4728284e-17
ExecutionTime = 1.32 s  ClockTime = 1 s

Time = 161

DILUPBiCGStab:  Solving for Ux, Initial residual = 0.00079505059, Final residual = 4.5222934e-06, No Iterations 1
DILUPBiCGStab:  Solving for Uy, Initial residual = 0.0011678491, Final residual = 6.6766596e-06, No Iterations 1
GAMG:  Solving for p, Initial residual = 0.00069276851, Final residual = 4.7581642e-06, No Iterations 5
time step continuity errors : sum local = 3.326715e-07, global = -6.3448856e-18, cumulative = -4.1073169e-17
ExecutionTime = 1.33 s  ClockTime = 1 s

Time = 162

DILUPBiCGStab:  Solving for Ux, Initial residual = 0.00078910539, Final residual = 4.4778624e-06, No Iterations 1
DILUPBiCGStab:  Solving for Uy, Initial residual = 0.0011584066, Final residual = 6.6136634e-06, No Iterations 1
GAMG:  Solving for p, Initial residual = 0.00068742062, Final residual = 4.7613746e-06, No Iterations 5
time step continuity errors : sum local = 3.3301554e-07, global = -3.6762553e-18, cumulative = -4.4749425e-17
ExecutionTime = 1.33 s  ClockTime = 1 s

Time = 163

DILUPBiCGStab:  Solving for Ux, Initial residual = 0.00078323444, Final residual = 4.4341117e-06, No Iterations 1
DILUPBiCGStab:  Solving for Uy, Initial residual = 0.0011490798, Final residual = 6.5514026e-06, No Iterations 1
GAMG:  Solving for p, Initial residual = 0.00068217735, Final residual = 4.7646423e-06, No Iterations 5
time step continuity errors : sum local = 3.333585e-07, global = 4.8630808e-18, cumulative = -3.9886344e-17
ExecutionTime = 1.34 s  ClockTime = 1 s

Time = 164

DILUPBiCGStab:  Solving for Ux, Initial residual = 0.00077743826, Final residual = 4.3910029e-06, No Iterations 1
DILUPBiCGStab:  Solving for Uy, Initial residual = 0.0011398648, Final residual = 6.4898746e-06, No Iterations 1
GAMG:  Solving for p, Initial residual = 0.00067677114, Final residual = 4.7678105e-06, No Iterations 5
time step continuity errors : sum local = 3.3369031e-07, global = -1.1430313e-17, cumulative = -5.1316656e-17
ExecutionTime = 1.35 s  ClockTime = 1 s

Time = 165

DILUPBiCGStab:  Solving for Ux, Initial residual = 0.00077171755, Final residual = 4.3488162e-06, No Iterations 1
DILUPBiCGStab:  Solving for Uy, Initial residual = 0.0011307579, Final residual = 6.429202e-06, No Iterations 1
GAMG:  Solving for p, Initial residual = 0.00067154631, Final residual = 4.7705427e-06, No Iterations 5
time step continuity errors : sum local = 3.3398818e-07, global = -1.1913148e-17, cumulative = -6.3229804e-17
ExecutionTime = 1.36 s  ClockTime = 1 s

Time = 166

DILUPBiCGStab:  Solving for Ux, Initial residual = 0.00076606961, Final residual = 4.3071725e-06, No Iterations 1
DILUPBiCGStab:  Solving for Uy, Initial residual = 0.0011217614, Final residual = 6.3692999e-06, No Iterations 1
GAMG:  Solving for p, Initial residual = 0.00066625525, Final residual = 4.7731306e-06, No Iterations 5
time step continuity errors : sum local = 3.3427231e-07, global = 7.044376e-18, cumulative = -5.6185428e-17
ExecutionTime = 1.36 s  ClockTime = 1 s

Time = 167

DILUPBiCGStab:  Solving for Ux, Initial residual = 0.00076049667, Final residual = 4.2661851e-06, No Iterations 1
DILUPBiCGStab:  Solving for Uy, Initial residual = 0.0011128754, Final residual = 6.3105126e-06, No Iterations 1
GAMG:  Solving for p, Initial residual = 0.00066096274, Final residual = 4.7747392e-06, No Iterations 5
time step continuity errors : sum local = 3.3448082e-07, global = 6.7457175e-18, cumulative = -4.9439711e-17
ExecutionTime = 1.37 s  ClockTime = 1 s

Time = 168

DILUPBiCGStab:  Solving for Ux, Initial residual = 0.00075499583, Final residual = 4.2256461e-06, No Iterations 1
DILUPBiCGStab:  Solving for Uy, Initial residual = 0.0011040946, Final residual = 6.2525301e-06, No Iterations 1
GAMG:  Solving for p, Initial residual = 0.0006555613, Final residual = 4.7758131e-06, No Iterations 5
time step continuity errors : sum local = 3.3464697e-07, global = 8.437004e-18, cumulative = -4.1002707e-17
ExecutionTime = 1.38 s  ClockTime = 2 s

Time = 169

DILUPBiCGStab:  Solving for Ux, Initial residual = 0.00074956159, Final residual = 4.1858179e-06, No Iterations 1
DILUPBiCGStab:  Solving for Uy, Initial residual = 0.0010954213, Final residual = 6.1953496e-06, No Iterations 1
GAMG:  Solving for p, Initial residual = 0.00065032124, Final residual = 4.7772287e-06, No Iterations 5
time step continuity errors : sum local = 3.3483315e-07, global = -1.6840365e-17, cumulative = -5.7843072e-17
ExecutionTime = 1.39 s  ClockTime = 2 s

Time = 170

DILUPBiCGStab:  Solving for Ux, Initial residual = 0.0007442013, Final residual = 4.1465151e-06, No Iterations 1
DILUPBiCGStab:  Solving for Uy, Initial residual = 0.0010868546, Final residual = 6.1400309e-06, No Iterations 1
GAMG:  Solving for p, Initial residual = 0.00064556739, Final residual = 4.7790486e-06, No Iterations 5
time step continuity errors : sum local = 3.3504127e-07, global = -4.5974301e-18, cumulative = -6.2440502e-17
ExecutionTime = 1.4 s  ClockTime = 2 s

Time = 171

DILUPBiCGStab:  Solving for Ux, Initial residual = 0.00073890488, Final residual = 4.1078506e-06, No Iterations 1
DILUPBiCGStab:  Solving for Uy, Initial residual = 0.0010783914, Final residual = 6.0846891e-06, No Iterations 1
GAMG:  Solving for p, Initial residual = 0.00064030273, Final residual = 4.7816173e-06, No Iterations 5
time step continuity errors : sum local = 3.3530305e-07, global = -1.1284305e-17, cumulative = -7.3724807e-17
ExecutionTime = 1.4 s  ClockTime = 2 s

Time = 172

DILUPBiCGStab:  Solving for Ux, Initial residual = 0.00073367311, Final residual = 4.0696619e-06, No Iterations 1
DILUPBiCGStab:  Solving for Uy, Initial residual = 0.0010700352, Final residual = 6.0297125e-06, No Iterations 1
GAMG:  Solving for p, Initial residual = 0.00063513642, Final residual = 4.7829212e-06, No Iterations 5
time step continuity errors : sum local = 3.3547164e-07, global = -1.9951067e-17, cumulative = -9.3675874e-17
ExecutionTime = 1.41 s  ClockTime = 2 s

Time = 173

DILUPBiCGStab:  Solving for Ux, Initial residual = 0.00072850299, Final residual = 4.0321075e-06, No Iterations 1
DILUPBiCGStab:  Solving for Uy, Initial residual = 0.0010617838, Final residual = 5.9752983e-06, No Iterations 1
GAMG:  Solving for p, Initial residual = 0.00063009607, Final residual = 4.7834591e-06, No Iterations 5
time step continuity errors : sum local = 3.3558133e-07, global = -8.5803379e-18, cumulative = -1.0225621e-16
ExecutionTime = 1.42 s  ClockTime = 2 s

Time = 174

DILUPBiCGStab:  Solving for Ux, Initial residual = 0.00072339625, Final residual = 3.995194e-06, No Iterations 1
DILUPBiCGStab:  Solving for Uy, Initial residual = 0.0010536251, Final residual = 5.9215152e-06, No Iterations 1
GAMG:  Solving for p, Initial residual = 0.00062514237, Final residual = 4.7836814e-06, No Iterations 5
time step continuity errors : sum local = 3.3566451e-07, global = -2.6398046e-17, cumulative = -1.2865426e-16
ExecutionTime = 1.43 s  ClockTime = 2 s

Time = 175

DILUPBiCGStab:  Solving for Ux, Initial residual = 0.00071835924, Final residual = 3.9588397e-06, No Iterations 1
DILUPBiCGStab:  Solving for Uy, Initial residual = 0.0010455567, Final residual = 5.8683806e-06, No Iterations 1
GAMG:  Solving for p, Initial residual = 0.00062025534, Final residual = 4.7834834e-06, No Iterations 5
time step continuity errors : sum local = 3.3571519e-07, global = -1.4116863e-18, cumulative = -1.3006594e-16
ExecutionTime = 1.44 s  ClockTime = 2 s

Time = 176

DILUPBiCGStab:  Solving for Ux, Initial residual = 0.00071338132, Final residual = 3.9230428e-06, No Iterations 1
DILUPBiCGStab:  Solving for Uy, Initial residual = 0.0010375776, Final residual = 5.8166424e-06, No Iterations 1
GAMG:  Solving for p, Initial residual = 0.0006154312, Final residual = 4.7825446e-06, No Iterations 5
time step continuity errors : sum local = 3.3571069e-07, global = -3.066074e-18, cumulative = -1.3313202e-16
ExecutionTime = 1.44 s  ClockTime = 2 s

Time = 177

DILUPBiCGStab:  Solving for Ux, Initial residual = 0.00070846342, Final residual = 3.8876722e-06, No Iterations 1
DILUPBiCGStab:  Solving for Uy, Initial residual = 0.0010296887, Final residual = 5.7652972e-06, No Iterations 1
GAMG:  Solving for p, Initial residual = 0.00061078373, Final residual = 4.7814361e-06, No Iterations 5
time step continuity errors : sum local = 3.3569126e-07, global = 1.580672e-17, cumulative = -1.173253e-16
ExecutionTime = 1.45 s  ClockTime = 2 s

Time = 178

DILUPBiCGStab:  Solving for Ux, Initial residual = 0.00070360711, Final residual = 3.8528581e-06, No Iterations 1
DILUPBiCGStab:  Solving for Uy, Initial residual = 0.0010218894, Final residual = 5.714479e-06, No Iterations 1
GAMG:  Solving for p, Initial residual = 0.00060617845, Final residual = 4.7804399e-06, No Iterations 5
time step continuity errors : sum local = 3.356767e-07, global = 3.8846254e-18, cumulative = -1.1344067e-16
ExecutionTime = 1.46 s  ClockTime = 2 s

Time = 179

DILUPBiCGStab:  Solving for Ux, Initial residual = 0.00069880484, Final residual = 3.8184852e-06, No Iterations 1
DILUPBiCGStab:  Solving for Uy, Initial residual = 0.0010141756, Final residual = 5.664214e-06, No Iterations 1
GAMG:  Solving for p, Initial residual = 0.00060156455, Final residual = 4.7791321e-06, No Iterations 5
time step continuity errors : sum local = 3.3563799e-07, global = 8.1537509e-19, cumulative = -1.126253e-16
ExecutionTime = 1.47 s  ClockTime = 2 s

Time = 180

DILUPBiCGStab:  Solving for Ux, Initial residual = 0.00069405753, Final residual = 3.7845126e-06, No Iterations 1
DILUPBiCGStab:  Solving for Uy, Initial residual = 0.0010065478, Final residual = 5.6145083e-06, No Iterations 1
GAMG:  Solving for p, Initial residual = 0.00059694311, Final residual = 4.7773996e-06, No Iterations 5
time step continuity errors : sum local = 3.3556726e-07, global = -1.0959971e-17, cumulative = -1.2358527e-16
ExecutionTime = 1.47 s  ClockTime = 2 s

Time = 181

DILUPBiCGStab:  Solving for Ux, Initial residual = 0.00068937512, Final residual = 3.7509322e-06, No Iterations 1
DILUPBiCGStab:  Solving for Uy, Initial residual = 0.00099900424, Final residual = 5.5654865e-06, No Iterations 1
GAMG:  Solving for p, Initial residual = 0.00059222075, Final residual = 4.7758162e-06, No Iterations 5
time step continuity errors : sum local = 3.3550585e-07, global = 2.4511492e-17, cumulative = -9.9073777e-17
ExecutionTime = 1.48 s  ClockTime = 2 s

Time = 182

DILUPBiCGStab:  Solving for Ux, Initial residual = 0.00068474403, Final residual = 3.7178716e-06, No Iterations 1
DILUPBiCGStab:  Solving for Uy, Initial residual = 0.00099154283, Final residual = 5.5179764e-06, No Iterations 1
GAMG:  Solving for p, Initial residual = 0.0005877462, Final residual = 4.7738436e-06, No Iterations 5
time step continuity errors : sum local = 3.3541381e-07, global = -1.5714049e-18, cumulative = -1.0064518e-16
ExecutionTime = 1.49 s  ClockTime = 2 s

Time = 183

DILUPBiCGStab:  Solving for Ux, Initial residual = 0.00068016432, Final residual = 3.6852857e-06, No Iterations 1
DILUPBiCGStab:  Solving for Uy, Initial residual = 0.00098416472, Final residual = 5.4697932e-06, No Iterations 1
GAMG:  Solving for p, Initial residual = 0.00058378343, Final residual = 4.7713665e-06, No Iterations 5
time step continuity errors : sum local = 3.3528297e-07, global = 2.413991e-18, cumulative = -9.8231191e-17
ExecutionTime = 1.5 s  ClockTime = 2 s

Time = 184

DILUPBiCGStab:  Solving for Ux, Initial residual = 0.00067563894, Final residual = 3.6532186e-06, No Iterations 1
DILUPBiCGStab:  Solving for Uy, Initial residual = 0.00097686885, Final residual = 5.4224615e-06, No Iterations 1
GAMG:  Solving for p, Initial residual = 0.0005796623, Final residual = 4.7687295e-06, No Iterations 5
time step continuity errors : sum local = 3.3514093e-07, global = -1.6419363e-17, cumulative = -1.1465055e-16
ExecutionTime = 1.51 s  ClockTime = 2 s

Time = 185

DILUPBiCGStab:  Solving for Ux, Initial residual = 0.0006711657, Final residual = 3.6215785e-06, No Iterations 1
DILUPBiCGStab:  Solving for Uy, Initial residual = 0.00096965227, Final residual = 5.375448e-06, No Iterations 1
GAMG:  Solving for p, Initial residual = 0.00057510849, Final residual = 4.76591e-06, No Iterations 5
time step continuity errors : sum local = 3.349851e-07, global = -2.8420761e-17, cumulative = -1.4307132e-16
ExecutionTime = 1.51 s  ClockTime = 2 s

Time = 186

DILUPBiCGStab:  Solving for Ux, Initial residual = 0.0006667391, Final residual = 3.5903916e-06, No Iterations 1
DILUPBiCGStab:  Solving for Uy, Initial residual = 0.00096251197, Final residual = 5.3296706e-06, No Iterations 1
GAMG:  Solving for p, Initial residual = 0.00057048703, Final residual = 4.7627812e-06, No Iterations 5
time step continuity errors : sum local = 3.3480647e-07, global = 1.9942835e-17, cumulative = -1.2312848e-16
ExecutionTime = 1.52 s  ClockTime = 2 s

Time = 187

DILUPBiCGStab:  Solving for Ux, Initial residual = 0.00066236626, Final residual = 3.5596001e-06, No Iterations 1
DILUPBiCGStab:  Solving for Uy, Initial residual = 0.0009554503, Final residual = 5.2841928e-06, No Iterations 1
GAMG:  Solving for p, Initial residual = 0.00056603446, Final residual = 4.7596477e-06, No Iterations 5
time step continuity errors : sum local = 3.3462519e-07, global = -7.9634067e-18, cumulative = -1.3109189e-16
ExecutionTime = 1.53 s  ClockTime = 2 s

Time = 188

DILUPBiCGStab:  Solving for Ux, Initial residual = 0.00065804141, Final residual = 3.5291984e-06, No Iterations 1
DILUPBiCGStab:  Solving for Uy, Initial residual = 0.00094846532, Final residual = 5.2392096e-06, No Iterations 1
GAMG:  Solving for p, Initial residual = 0.00056166043, Final residual = 4.7560311e-06, No Iterations 5
time step continuity errors : sum local = 3.3440895e-07, global = -9.7228794e-19, cumulative = -1.3206417e-16
ExecutionTime = 1.54 s  ClockTime = 2 s

Time = 189

DILUPBiCGStab:  Solving for Ux, Initial residual = 0.00065376393, Final residual = 3.4993284e-06, No Iterations 1
DILUPBiCGStab:  Solving for Uy, Initial residual = 0.0009415554, Final residual = 5.1947612e-06, No Iterations 1
GAMG:  Solving for p, Initial residual = 0.00055736169, Final residual = 4.7517288e-06, No Iterations 5
time step continuity errors : sum local = 3.3414283e-07, global = -8.1561332e-19, cumulative = -1.3287979e-16
ExecutionTime = 1.54 s  ClockTime = 2 s

Time = 190

DILUPBiCGStab:  Solving for Ux, Initial residual = 0.00064953913, Final residual = 3.4699177e-06, No Iterations 1
DILUPBiCGStab:  Solving for Uy, Initial residual = 0.00093472032, Final residual = 5.1507352e-06, No Iterations 1
GAMG:  Solving for p, Initial residual = 0.00055313891, Final residual = 4.7474921e-06, No Iterations 5
time step continuity errors : sum local = 3.3387937e-07, global = -8.8688585e-18, cumulative = -1.4174865e-16
ExecutionTime = 1.55 s  ClockTime = 2 s

Time = 191

DILUPBiCGStab:  Solving for Ux, Initial residual = 0.0006453568, Final residual = 3.4409975e-06, No Iterations 1
DILUPBiCGStab:  Solving for Uy, Initial residual = 0.00092796391, Final residual = 5.1071625e-06, No Iterations 1
GAMG:  Solving for p, Initial residual = 0.00054894058, Final residual = 4.742905e-06, No Iterations 5
time step continuity errors : sum local = 3.3358922e-07, global = -1.4509119e-17, cumulative = -1.5625777e-16
ExecutionTime = 1.56 s  ClockTime = 2 s

Time = 192

DILUPBiCGStab:  Solving for Ux, Initial residual = 0.00064121664, Final residual = 3.4124822e-06, No Iterations 1
DILUPBiCGStab:  Solving for Uy, Initial residual = 0.00092127787, Final residual = 5.0640137e-06, No Iterations 1
GAMG:  Solving for p, Initial residual = 0.00054478044, Final residual = 4.7376323e-06, No Iterations 5
time step continuity errors : sum local = 3.3324949e-07, global = 4.9261848e-18, cumulative = -1.5133158e-16
ExecutionTime = 1.57 s  ClockTime = 2 s

Time = 193

DILUPBiCGStab:  Solving for Ux, Initial residual = 0.00063712527, Final residual = 3.384385e-06, No Iterations 1
DILUPBiCGStab:  Solving for Uy, Initial residual = 0.00091466621, Final residual = 5.0213376e-06, No Iterations 1
GAMG:  Solving for p, Initial residual = 0.0005406802, Final residual = 4.732226e-06, No Iterations 5
time step continuity errors : sum local = 3.3289997e-07, global = -2.1852391e-18, cumulative = -1.5351682e-16
ExecutionTime = 1.58 s  ClockTime = 2 s

Time = 194

DILUPBiCGStab:  Solving for Ux, Initial residual = 0.00063307601, Final residual = 3.3565995e-06, No Iterations 1
DILUPBiCGStab:  Solving for Uy, Initial residual = 0.00090812737, Final residual = 4.9811146e-06, No Iterations 1
GAMG:  Solving for p, Initial residual = 0.00053662663, Final residual = 4.7271921e-06, No Iterations 5
time step continuity errors : sum local = 3.3258006e-07, global = 1.2681142e-18, cumulative = -1.5224871e-16
ExecutionTime = 1.59 s  ClockTime = 2 s

Time = 195

DILUPBiCGStab:  Solving for Ux, Initial residual = 0.00062907186, Final residual = 3.3293339e-06, No Iterations 1
DILUPBiCGStab:  Solving for Uy, Initial residual = 0.00090166569, Final residual = 4.9389355e-06, No Iterations 1
GAMG:  Solving for p, Initial residual = 0.00053285864, Final residual = 4.7211558e-06, No Iterations 5
time step continuity errors : sum local = 3.3218552e-07, global = 5.8731147e-18, cumulative = -1.4637559e-16
ExecutionTime = 1.59 s  ClockTime = 2 s

Time = 196

DILUPBiCGStab:  Solving for Ux, Initial residual = 0.00062511284, Final residual = 3.301934e-06, No Iterations 1
DILUPBiCGStab:  Solving for Uy, Initial residual = 0.00089527641, Final residual = 4.8967652e-06, No Iterations 1
GAMG:  Solving for p, Initial residual = 0.0005287969, Final residual = 4.7147037e-06, No Iterations 5
time step continuity errors : sum local = 3.3175719e-07, global = 2.3356669e-18, cumulative = -1.4403992e-16
ExecutionTime = 1.6 s  ClockTime = 2 s

Time = 197

DILUPBiCGStab:  Solving for Ux, Initial residual = 0.00062119438, Final residual = 3.2750626e-06, No Iterations 1
DILUPBiCGStab:  Solving for Uy, Initial residual = 0.00088895129, Final residual = 4.8566371e-06, No Iterations 1
GAMG:  Solving for p, Initial residual = 0.00052500067, Final residual = 4.7085425e-06, No Iterations 5
time step continuity errors : sum local = 3.3134824e-07, global = 8.7318509e-18, cumulative = -1.3530807e-16
ExecutionTime = 1.61 s  ClockTime = 2 s

Time = 198

DILUPBiCGStab:  Solving for Ux, Initial residual = 0.00061731299, Final residual = 3.2485123e-06, No Iterations 1
DILUPBiCGStab:  Solving for Uy, Initial residual = 0.00088269216, Final residual = 4.8165175e-06, No Iterations 1
GAMG:  Solving for p, Initial residual = 0.00052136036, Final residual = 4.7022523e-06, No Iterations 5
time step continuity errors : sum local = 3.3092925e-07, global = -5.424849e-18, cumulative = -1.4073292e-16
ExecutionTime = 1.62 s  ClockTime = 2 s

Time = 199

DILUPBiCGStab:  Solving for Ux, Initial residual = 0.00061347782, Final residual = 3.2223202e-06, No Iterations 1
DILUPBiCGStab:  Solving for Uy, Initial residual = 0.00087649503, Final residual = 4.7767071e-06, No Iterations 1
GAMG:  Solving for p, Initial residual = 0.00051760576, Final residual = 4.6959054e-06, No Iterations 5
time step continuity errors : sum local = 3.3050582e-07, global = -5.8366923e-18, cumulative = -1.4656961e-16
ExecutionTime = 1.63 s  ClockTime = 2 s

Time = 200

DILUPBiCGStab:  Solving for Ux, Initial residual = 0.00060967858, Final residual = 3.1964855e-06, No Iterations 1
DILUPBiCGStab:  Solving for Uy, Initial residual = 0.00087036185, Final residual = 4.737215e-06, No Iterations 1
GAMG:  Solving for p, Initial residual = 0.00051386567, Final residual = 4.6895716e-06, No Iterations 5
time step continuity errors : sum local = 3.3008294e-07, global = 1.1315751e-17, cumulative = -1.3525386e-16
ExecutionTime = 1.63 s  ClockTime = 2 s

Time = 201

DILUPBiCGStab:  Solving for Ux, Initial residual = 0.00060591976, Final residual = 3.1709878e-06, No Iterations 1
DILUPBiCGStab:  Solving for Uy, Initial residual = 0.00086428999, Final residual = 4.6981274e-06, No Iterations 1
GAMG:  Solving for p, Initial residual = 0.00051015126, Final residual = 4.6827438e-06, No Iterations 5
time step continuity errors : sum local = 3.2962368e-07, global = -1.8035343e-17, cumulative = -1.5328921e-16
ExecutionTime = 1.64 s  ClockTime = 2 s

Time = 202

DILUPBiCGStab:  Solving for Ux, Initial residual = 0.00060219524, Final residual = 3.1458261e-06, No Iterations 1
DILUPBiCGStab:  Solving for Uy, Initial residual = 0.00085827665, Final residual = 4.6595376e-06, No Iterations 1
GAMG:  Solving for p, Initial residual = 0.00050645274, Final residual = 4.6756347e-06, No Iterations 5
time step continuity errors : sum local = 3.2914331e-07, global = 2.293707e-17, cumulative = -1.3035214e-16
ExecutionTime = 1.65 s  ClockTime = 2 s

Time = 203

DILUPBiCGStab:  Solving for Ux, Initial residual = 0.00059850798, Final residual = 3.1208161e-06, No Iterations 1
DILUPBiCGStab:  Solving for Uy, Initial residual = 0.00085232342, Final residual = 4.6213789e-06, No Iterations 1
GAMG:  Solving for p, Initial residual = 0.00050269701, Final residual = 4.668449e-06, No Iterations 5
time step continuity errors : sum local = 3.2865699e-07, global = -8.4012169e-18, cumulative = -1.3875335e-16
ExecutionTime = 1.66 s  ClockTime = 2 s

Time = 204

DILUPBiCGStab:  Solving for Ux, Initial residual = 0.00059486085, Final residual = 3.0960259e-06, No Iterations 1
DILUPBiCGStab:  Solving for Uy, Initial residual = 0.00084643097, Final residual = 4.5836775e-06, No Iterations 1
GAMG:  Solving for p, Initial residual = 0.00049900662, Final residual = 4.6609682e-06, No Iterations 5
time step continuity errors : sum local = 3.2815008e-07, global = -2.8123506e-17, cumulative = -1.6687686e-16
ExecutionTime = 1.67 s  ClockTime = 2 s

Time = 205

DILUPBiCGStab:  Solving for Ux, Initial residual = 0.00059124778, Final residual = 3.0715186e-06, No Iterations 1
DILUPBiCGStab:  Solving for Uy, Initial residual = 0.00084059418, Final residual = 4.5462852e-06, No Iterations 1
GAMG:  Solving for p, Initial residual = 0.0004953667, Final residual = 4.6535641e-06, No Iterations 5
time step continuity errors : sum local = 3.2764872e-07, global = 2.068375e-18, cumulative = -1.6480848e-16
ExecutionTime = 1.67 s  ClockTime = 2 s

Time = 206

DILUPBiCGStab:  Solving for Ux, Initial residual = 0.00058767209, Final residual = 3.0473222e-06, No Iterations 1
DILUPBiCGStab:  Solving for Uy, Initial residual = 0.00083481541, Final residual = 4.5094842e-06, No Iterations 1
GAMG:  Solving for p, Initial residual = 0.00049175699, Final residual = 4.6458976e-06, No Iterations 5
time step continuity errors : sum local = 3.2712808e-07, global = 7.6997942e-18, cumulative = -1.5710869e-16
ExecutionTime = 1.68 s  ClockTime = 2 s

Time = 207

DILUPBiCGStab:  Solving for Ux, Initial residual = 0.00058412753, Final residual = 3.0234233e-06, No Iterations 1
DILUPBiCGStab:  Solving for Uy, Initial residual = 0.00082909451, Final residual = 4.4731712e-06, No Iterations 1
GAMG:  Solving for p, Initial residual = 0.00048824133, Final residual = 4.6379874e-06, No Iterations 5
time step continuity errors : sum local = 3.2658982e-07, global = -1.0854913e-17, cumulative = -1.679636e-16
ExecutionTime = 1.69 s  ClockTime = 2 s

Time = 208

DILUPBiCGStab:  Solving for Ux, Initial residual = 0.00058061381, Final residual = 2.9998308e-06, No Iterations 1
DILUPBiCGStab:  Solving for Uy, Initial residual = 0.00082343307, Final residual = 4.4372065e-06, No Iterations 1
GAMG:  Solving for p, Initial residual = 0.00048469102, Final residual = 4.6305306e-06, No Iterations 5
time step continuity errors : sum local = 3.2608298e-07, global = 8.7359272e-18, cumulative = -1.5922767e-16
ExecutionTime = 1.7 s  ClockTime = 2 s

Time = 209

DILUPBiCGStab:  Solving for Ux, Initial residual = 0.00057714026, Final residual = 2.9766144e-06, No Iterations 1
DILUPBiCGStab:  Solving for Uy, Initial residual = 0.00081782686, Final residual = 4.401946e-06, No Iterations 1
GAMG:  Solving for p, Initial residual = 0.00048120547, Final residual = 4.6228183e-06, No Iterations 5
time step continuity errors : sum local = 3.2555828e-07, global = -1.2370069e-17, cumulative = -1.7159774e-16
ExecutionTime = 1.7 s  ClockTime = 2 s

Time = 210

DILUPBiCGStab:  Solving for Ux, Initial residual = 0.00057370096, Final residual = 2.9537194e-06, No Iterations 1
DILUPBiCGStab:  Solving for Uy, Initial residual = 0.00081227582, Final residual = 4.367092e-06, No Iterations 1
GAMG:  Solving for p, Initial residual = 0.0004777894, Final residual = 4.6144346e-06, No Iterations 5
time step continuity errors : sum local = 3.249854e-07, global = 2.3247005e-17, cumulative = -1.4835074e-16
ExecutionTime = 1.71 s  ClockTime = 2 s

Time = 211

DILUPBiCGStab:  Solving for Ux, Initial residual = 0.00057029393, Final residual = 2.9310347e-06, No Iterations 1
DILUPBiCGStab:  Solving for Uy, Initial residual = 0.00080678168, Final residual = 4.332311e-06, No Iterations 1
GAMG:  Solving for p, Initial residual = 0.00047443447, Final residual = 4.6057877e-06, No Iterations 5
time step continuity errors : sum local = 3.2439371e-07, global = -1.9991301e-18, cumulative = -1.5034987e-16
ExecutionTime = 1.72 s  ClockTime = 2 s

Time = 212

DILUPBiCGStab:  Solving for Ux, Initial residual = 0.00056691594, Final residual = 2.9085989e-06, No Iterations 1
DILUPBiCGStab:  Solving for Uy, Initial residual = 0.00080134268, Final residual = 4.2977941e-06, No Iterations 1
GAMG:  Solving for p, Initial residual = 0.00047111191, Final residual = 4.5967065e-06, No Iterations 5
time step continuity errors : sum local = 3.2377157e-07, global = -3.2214781e-18, cumulative = -1.5357135e-16
ExecutionTime = 1.73 s  ClockTime = 2 s

Time = 213

DILUPBiCGStab:  Solving for Ux, Initial residual = 0.000563576, Final residual = 2.8864004e-06, No Iterations 1
DILUPBiCGStab:  Solving for Uy, Initial residual = 0.00079595699, Final residual = 4.2635557e-06, No Iterations 1
GAMG:  Solving for p, Initial residual = 0.00046781544, Final residual = 4.5876672e-06, No Iterations 5
time step continuity errors : sum local = 3.2315105e-07, global = 4.4075624e-18, cumulative = -1.4916378e-16
ExecutionTime = 1.74 s  ClockTime = 2 s

Time = 214

DILUPBiCGStab:  Solving for Ux, Initial residual = 0.00056026518, Final residual = 2.8644552e-06, No Iterations 1
DILUPBiCGStab:  Solving for Uy, Initial residual = 0.000790626, Final residual = 4.2296654e-06, No Iterations 1
GAMG:  Solving for p, Initial residual = 0.00046460552, Final residual = 4.5780733e-06, No Iterations 5
time step continuity errors : sum local = 3.2249047e-07, global = -7.0584844e-18, cumulative = -1.5622227e-16
ExecutionTime = 1.74 s  ClockTime = 2 s

Time = 215

DILUPBiCGStab:  Solving for Ux, Initial residual = 0.00055698497, Final residual = 2.8427885e-06, No Iterations 1
DILUPBiCGStab:  Solving for Uy, Initial residual = 0.00078534778, Final residual = 4.1961216e-06, No Iterations 1
GAMG:  Solving for p, Initial residual = 0.00046140401, Final residual = 4.5684121e-06, No Iterations 5
time step continuity errors : sum local = 3.2182402e-07, global = 8.9830491e-18, cumulative = -1.4723922e-16
ExecutionTime = 1.75 s  ClockTime = 2 s

Time = 216

DILUPBiCGStab:  Solving for Ux, Initial residual = 0.00055373686, Final residual = 2.8213571e-06, No Iterations 1
DILUPBiCGStab:  Solving for Uy, Initial residual = 0.00078012364, Final residual = 4.1629319e-06, No Iterations 1
GAMG:  Solving for p, Initial residual = 0.00045822381, Final residual = 4.5590645e-06, No Iterations 5
time step continuity errors : sum local = 3.2117884e-07, global = -1.792994e-17, cumulative = -1.6516916e-16
ExecutionTime = 1.76 s  ClockTime = 2 s

Time = 217

DILUPBiCGStab:  Solving for Ux, Initial residual = 0.00055051909, Final residual = 2.8001311e-06, No Iterations 1
DILUPBiCGStab:  Solving for Uy, Initial residual = 0.0007749571, Final residual = 4.1300807e-06, No Iterations 1
GAMG:  Solving for p, Initial residual = 0.0004550514, Final residual = 4.5499039e-06, No Iterations 5
time step continuity errors : sum local = 3.205462e-07, global = -1.3564174e-17, cumulative = -1.7873333e-16
ExecutionTime = 1.77 s  ClockTime = 2 s

Time = 218

DILUPBiCGStab:  Solving for Ux, Initial residual = 0.00054732978, Final residual = 2.7791899e-06, No Iterations 1
DILUPBiCGStab:  Solving for Uy, Initial residual = 0.00076984819, Final residual = 4.0975913e-06, No Iterations 1
GAMG:  Solving for p, Initial residual = 0.00045186109, Final residual = 1.8984792e-06, No Iterations 6
time step continuity errors : sum local = 1.356677e-07, global = 7.4828743e-18, cumulative = -1.7125046e-16
ExecutionTime = 1.78 s  ClockTime = 2 s

Time = 219

DILUPBiCGStab:  Solving for Ux, Initial residual = 0.00054415993, Final residual = 2.7585469e-06, No Iterations 1
DILUPBiCGStab:  Solving for Uy, Initial residual = 0.00076480651, Final residual = 4.0661889e-06, No Iterations 1
GAMG:  Solving for p, Initial residual = 0.00044606845, Final residual = 4.4492408e-06, No Iterations 5
time step continuity errors : sum local = 3.1303528e-07, global = -1.6001551e-17, cumulative = -1.8725201e-16
ExecutionTime = 1.78 s  ClockTime = 2 s

Time = 220

DILUPBiCGStab:  Solving for Ux, Initial residual = 0.00054104499, Final residual = 2.7381573e-06, No Iterations 1
DILUPBiCGStab:  Solving for Uy, Initial residual = 0.00075975711, Final residual = 4.0334361e-06, No Iterations 1
GAMG:  Solving for p, Initial residual = 0.00044615374, Final residual = 1.8981962e-06, No Iterations 6
time step continuity errors : sum local = 1.3577286e-07, global = 2.8516688e-18, cumulative = -1.8440034e-16
ExecutionTime = 1.79 s  ClockTime = 2 s

Time = 221

DILUPBiCGStab:  Solving for Ux, Initial residual = 0.00053792966, Final residual = 2.7178504e-06, No Iterations 1
DILUPBiCGStab:  Solving for Uy, Initial residual = 0.00075481174, Final residual = 4.0030114e-06, No Iterations 1
GAMG:  Solving for p, Initial residual = 0.00044017834, Final residual = 1.8573221e-06, No Iterations 6
time step continuity errors : sum local = 1.3305373e-07, global = 1.7455159e-17, cumulative = -1.6694518e-16
ExecutionTime = 1.8 s  ClockTime = 2 s

Time = 222

DILUPBiCGStab:  Solving for Ux, Initial residual = 0.00053485775, Final residual = 2.697748e-06, No Iterations 1
DILUPBiCGStab:  Solving for Uy, Initial residual = 0.00074987946, Final residual = 3.9715743e-06, No Iterations 1
GAMG:  Solving for p, Initial residual = 0.000437252, Final residual = 1.8566342e-06, No Iterations 6
time step continuity errors : sum local = 1.330587e-07, global = 9.3124523e-18, cumulative = -1.5763273e-16
ExecutionTime = 1.81 s  ClockTime = 2 s

Time = 223

DILUPBiCGStab:  Solving for Ux, Initial residual = 0.00053181256, Final residual = 2.6778647e-06, No Iterations 1
DILUPBiCGStab:  Solving for Uy, Initial residual = 0.00074499548, Final residual = 3.9410993e-06, No Iterations 1
GAMG:  Solving for p, Initial residual = 0.00043477626, Final residual = 1.8589752e-06, No Iterations 6
time step continuity errors : sum local = 1.3325681e-07, global = -6.4939303e-18, cumulative = -1.6412666e-16
ExecutionTime = 1.81 s  ClockTime = 2 s

Time = 224

DILUPBiCGStab:  Solving for Ux, Initial residual = 0.00052879071, Final residual = 2.6583578e-06, No Iterations 1
DILUPBiCGStab:  Solving for Uy, Initial residual = 0.00074016039, Final residual = 3.9119173e-06, No Iterations 1
GAMG:  Solving for p, Initial residual = 0.00043220105, Final residual = 1.8575634e-06, No Iterations 6
time step continuity errors : sum local = 1.3317841e-07, global = 1.8949702e-17, cumulative = -1.4517696e-16
ExecutionTime = 1.82 s  ClockTime = 2 s

Time = 225

DILUPBiCGStab:  Solving for Ux, Initial residual = 0.00052579534, Final residual = 2.6391219e-06, No Iterations 1
DILUPBiCGStab:  Solving for Uy, Initial residual = 0.00073536922, Final residual = 3.8817717e-06, No Iterations 1
GAMG:  Solving for p, Initial residual = 0.00042921892, Final residual = 1.854825e-06, No Iterations 6
time step continuity errors : sum local = 1.3300406e-07, global = 1.1816639e-17, cumulative = -1.3336032e-16
ExecutionTime = 1.83 s  ClockTime = 2 s

Time = 226

DILUPBiCGStab:  Solving for Ux, Initial residual = 0.00052282604, Final residual = 2.6200623e-06, No Iterations 1
DILUPBiCGStab:  Solving for Uy, Initial residual = 0.00073062066, Final residual = 3.8509996e-06, No Iterations 1
GAMG:  Solving for p, Initial residual = 0.00042607854, Final residual = 1.8521651e-06, No Iterations 6
time step continuity errors : sum local = 1.3283838e-07, global = -3.0916107e-18, cumulative = -1.3645193e-16
ExecutionTime = 1.84 s  ClockTime = 2 s

Time = 227

DILUPBiCGStab:  Solving for Ux, Initial residual = 0.00051988677, Final residual = 2.6011773e-06, No Iterations 1
DILUPBiCGStab:  Solving for Uy, Initial residual = 0.00072591413, Final residual = 3.8213461e-06, No Iterations 1
GAMG:  Solving for p, Initial residual = 0.00042295671, Final residual = 1.8494575e-06, No Iterations 6
time step continuity errors : sum local = 1.3266968e-07, global = 4.1579259e-18, cumulative = -1.3229401e-16
ExecutionTime = 1.85 s  ClockTime = 2 s

Time = 228

DILUPBiCGStab:  Solving for Ux, Initial residual = 0.00051697359, Final residual = 2.5825127e-06, No Iterations 1
DILUPBiCGStab:  Solving for Uy, Initial residual = 0.00072125208, Final residual = 3.7919676e-06, No Iterations 1
GAMG:  Solving for p, Initial residual = 0.00041991319, Final residual = 1.8466312e-06, No Iterations 6
time step continuity errors : sum local = 1.3249214e-07, global = -6.1388316e-18, cumulative = -1.3843284e-16
ExecutionTime = 1.85 s  ClockTime = 2 s

Time = 229

DILUPBiCGStab:  Solving for Ux, Initial residual = 0.00051408571, Final residual = 2.564055e-06, No Iterations 1
DILUPBiCGStab:  Solving for Uy, Initial residual = 0.00071663225, Final residual = 3.7631211e-06, No Iterations 1
GAMG:  Solving for p, Initial residual = 0.00041695379, Final residual = 1.8435435e-06, No Iterations 6
time step continuity errors : sum local = 1.3229677e-07, global = 1.8012751e-18, cumulative = -1.3663156e-16
ExecutionTime = 1.86 s  ClockTime = 2 s

Time = 230

DILUPBiCGStab:  Solving for Ux, Initial residual = 0.00051122074, Final residual = 2.5458113e-06, No Iterations 1
DILUPBiCGStab:  Solving for Uy, Initial residual = 0.00071205487, Final residual = 3.7350274e-06, No Iterations 1
GAMG:  Solving for p, Initial residual = 0.00041405335, Final residual = 1.8405717e-06, No Iterations 6
time step continuity errors : sum local = 1.3210756e-07, global = -1.6315482e-17, cumulative = -1.5294704e-16
ExecutionTime = 1.87 s  ClockTime = 2 s

Time = 231

DILUPBiCGStab:  Solving for Ux, Initial residual = 0.00050838198, Final residual = 2.5277811e-06, No Iterations 1
DILUPBiCGStab:  Solving for Uy, Initial residual = 0.00070752014, Final residual = 3.706888e-06, No Iterations 1
GAMG:  Solving for p, Initial residual = 0.0004111856, Final residual = 1.8374993e-06, No Iterations 6
time step continuity errors : sum local = 1.3191078e-07, global = 9.8071857e-19, cumulative = -1.5196633e-16
ExecutionTime = 1.88 s  ClockTime = 2 s

Time = 232

DILUPBiCGStab:  Solving for Ux, Initial residual = 0.00050556592, Final residual = 2.5099357e-06, No Iterations 1
DILUPBiCGStab:  Solving for Uy, Initial residual = 0.00070302716, Final residual = 3.6788536e-06, No Iterations 1
GAMG:  Solving for p, Initial residual = 0.00040835432, Final residual = 1.8343839e-06, No Iterations 6
time step continuity errors : sum local = 1.3171057e-07, global = -1.8982796e-17, cumulative = -1.7094912e-16
ExecutionTime = 1.89 s  ClockTime = 2 s

Time = 233

DILUPBiCGStab:  Solving for Ux, Initial residual = 0.00050277165, Final residual = 2.4922584e-06, No Iterations 1
DILUPBiCGStab:  Solving for Uy, Initial residual = 0.00069857533, Final residual = 3.6511099e-06, No Iterations 1
GAMG:  Solving for p, Initial residual = 0.00040558668, Final residual = 1.8312335e-06, No Iterations 6
time step continuity errors : sum local = 1.3150756e-07, global = -6.9827411e-18, cumulative = -1.7793186e-16
ExecutionTime = 1.9 s  ClockTime = 2 s

Time = 234

DILUPBiCGStab:  Solving for Ux, Initial residual = 0.00050000223, Final residual = 2.4747441e-06, No Iterations 1
DILUPBiCGStab:  Solving for Uy, Initial residual = 0.00069416593, Final residual = 3.6236163e-06, No Iterations 1
GAMG:  Solving for p, Initial residual = 0.0004028454, Final residual = 1.8280418e-06, No Iterations 6
time step continuity errors : sum local = 1.3130128e-07, global = -7.6325742e-18, cumulative = -1.8556444e-16
ExecutionTime = 1.9 s  ClockTime = 2 s

Time = 235

DILUPBiCGStab:  Solving for Ux, Initial residual = 0.00049725776, Final residual = 2.4574023e-06, No Iterations 1
DILUPBiCGStab:  Solving for Uy, Initial residual = 0.00068979672, Final residual = 3.5963886e-06, No Iterations 1
GAMG:  Solving for p, Initial residual = 0.00040013728, Final residual = 1.8248111e-06, No Iterations 6
time step continuity errors : sum local = 1.31092e-07, global = 1.517259e-17, cumulative = -1.7039185e-16
ExecutionTime = 1.91 s  ClockTime = 2 s

Time = 236

DILUPBiCGStab:  Solving for Ux, Initial residual = 0.00049453461, Final residual = 2.4402742e-06, No Iterations 1
DILUPBiCGStab:  Solving for Uy, Initial residual = 0.00068546896, Final residual = 3.5694179e-06, No Iterations 1
GAMG:  Solving for p, Initial residual = 0.00039744884, Final residual = 1.821547e-06, No Iterations 6
time step continuity errors : sum local = 1.3088042e-07, global = -1.4649289e-17, cumulative = -1.8504114e-16
ExecutionTime = 1.92 s  ClockTime = 2 s

Time = 237

DILUPBiCGStab:  Solving for Ux, Initial residual = 0.00049183228, Final residual = 2.4233006e-06, No Iterations 1
DILUPBiCGStab:  Solving for Uy, Initial residual = 0.00068118268, Final residual = 3.5426715e-06, No Iterations 1
GAMG:  Solving for p, Initial residual = 0.00039478239, Final residual = 1.818101e-06, No Iterations 6
time step continuity errors : sum local = 1.3065557e-07, global = 8.497997e-18, cumulative = -1.7654314e-16
ExecutionTime = 1.93 s  ClockTime = 2 s

Time = 238

DILUPBiCGStab:  Solving for Ux, Initial residual = 0.00048915323, Final residual = 2.4063741e-06, No Iterations 1
DILUPBiCGStab:  Solving for Uy, Initial residual = 0.00067693998, Final residual = 3.5161979e-06, No Iterations 1
GAMG:  Solving for p, Initial residual = 0.00039206542, Final residual = 1.8148127e-06, No Iterations 6
time step continuity errors : sum local = 1.3044321e-07, global = -1.6815821e-17, cumulative = -1.9335896e-16
ExecutionTime = 1.94 s  ClockTime = 2 s

Time = 239

DILUPBiCGStab:  Solving for Ux, Initial residual = 0.00048649605, Final residual = 2.3896505e-06, No Iterations 1
DILUPBiCGStab:  Solving for Uy, Initial residual = 0.00067274317, Final residual = 3.49102e-06, No Iterations 1
GAMG:  Solving for p, Initial residual = 0.00038940037, Final residual = 1.8116565e-06, No Iterations 6
time step continuity errors : sum local = 1.3024053e-07, global = -1.6824073e-17, cumulative = -2.1018303e-16
ExecutionTime = 1.95 s  ClockTime = 2 s

Time = 240

DILUPBiCGStab:  Solving for Ux, Initial residual = 0.00048385984, Final residual = 2.3731036e-06, No Iterations 1
DILUPBiCGStab:  Solving for Uy, Initial residual = 0.00066858411, Final residual = 3.4648825e-06, No Iterations 1
GAMG:  Solving for p, Initial residual = 0.00038694293, Final residual = 1.8081687e-06, No Iterations 6
time step continuity errors : sum local = 1.3001294e-07, global = 9.7991852e-18, cumulative = -2.0038385e-16
ExecutionTime = 1.95 s  ClockTime = 2 s

Time = 241

DILUPBiCGStab:  Solving for Ux, Initial residual = 0.00048124331, Final residual = 2.3567728e-06, No Iterations 1
DILUPBiCGStab:  Solving for Uy, Initial residual = 0.000664461, Final residual = 3.4386497e-06, No Iterations 1
GAMG:  Solving for p, Initial residual = 0.00038448394, Final residual = 1.8045513e-06, No Iterations 6
time step continuity errors : sum local = 1.2977493e-07, global = 1.6859331e-17, cumulative = -1.8352452e-16
ExecutionTime = 1.96 s  ClockTime = 2 s

Time = 242

DILUPBiCGStab:  Solving for Ux, Initial residual = 0.00047864921, Final residual = 2.3406177e-06, No Iterations 1
DILUPBiCGStab:  Solving for Uy, Initial residual = 0.00066037196, Final residual = 3.4126375e-06, No Iterations 1
GAMG:  Solving for p, Initial residual = 0.00038200368, Final residual = 1.8008993e-06, No Iterations 6
time step continuity errors : sum local = 1.2953379e-07, global = 1.467345e-17, cumulative = -1.6885107e-16
ExecutionTime = 1.97 s  ClockTime = 2 s

Time = 243

DILUPBiCGStab:  Solving for Ux, Initial residual = 0.00047607777, Final residual = 2.3245345e-06, No Iterations 1
DILUPBiCGStab:  Solving for Uy, Initial residual = 0.00065631806, Final residual = 3.3876501e-06, No Iterations 1
GAMG:  Solving for p, Initial residual = 0.00037945714, Final residual = 1.7973008e-06, No Iterations 6
time step continuity errors : sum local = 1.2929618e-07, global = -8.4137305e-18, cumulative = -1.772648e-16
ExecutionTime = 1.98 s  ClockTime = 2 s

Time = 244

DILUPBiCGStab:  Solving for Ux, Initial residual = 0.00047352475, Final residual = 2.3085398e-06, No Iterations 1
DILUPBiCGStab:  Solving for Uy, Initial residual = 0.00065229828, Final residual = 3.3630418e-06, No Iterations 1
GAMG:  Solving for p, Initial residual = 0.00037698757, Final residual = 1.7937062e-06, No Iterations 6
time step continuity errors : sum local = 1.290587e-07, global = 5.5610095e-18, cumulative = -1.7170379e-16
ExecutionTime = 1.99 s  ClockTime = 2 s

Time = 245

DILUPBiCGStab:  Solving for Ux, Initial residual = 0.00047099257, Final residual = 2.2927714e-06, No Iterations 1
DILUPBiCGStab:  Solving for Uy, Initial residual = 0.00064831154, Final residual = 3.3384384e-06, No Iterations 1
GAMG:  Solving for p, Initial residual = 0.00037451814, Final residual = 1.7899886e-06, No Iterations 6
time step continuity errors : sum local = 1.2881219e-07, global = 2.266058e-18, cumulative = -1.6943773e-16
ExecutionTime = 2 s  ClockTime = 2 s

Time = 246

DILUPBiCGStab:  Solving for Ux, Initial residual = 0.00046848427, Final residual = 2.2771989e-06, No Iterations 1
DILUPBiCGStab:  Solving for Uy, Initial residual = 0.00064435709, Final residual = 3.3139946e-06, No Iterations 1
GAMG:  Solving for p, Initial residual = 0.00037203458, Final residual = 1.7862302e-06, No Iterations 6
time step continuity errors : sum local = 1.2856258e-07, global = 1.9454547e-17, cumulative = -1.4998318e-16
ExecutionTime = 2.01 s  ClockTime = 2 s

Time = 247

DILUPBiCGStab:  Solving for Ux, Initial residual = 0.00046599472, Final residual = 2.26175e-06, No Iterations 1
DILUPBiCGStab:  Solving for Uy, Initial residual = 0.0006404348, Final residual = 3.2897575e-06, No Iterations 1
GAMG:  Solving for p, Initial residual = 0.00036954148, Final residual = 1.7823837e-06, No Iterations 6
time step continuity errors : sum local = 1.283065e-07, global = 4.4537125e-18, cumulative = -1.4552947e-16
ExecutionTime = 2.02 s  ClockTime = 2 s

Time = 248

DILUPBiCGStab:  Solving for Ux, Initial residual = 0.00046352302, Final residual = 2.2464234e-06, No Iterations 1
DILUPBiCGStab:  Solving for Uy, Initial residual = 0.00063654685, Final residual = 3.2657413e-06, No Iterations 1
GAMG:  Solving for p, Initial residual = 0.00036705128, Final residual = 1.7785376e-06, No Iterations 6
time step continuity errors : sum local = 1.2805002e-07, global = 1.5014519e-18, cumulative = -1.4402802e-16
ExecutionTime = 2.03 s  ClockTime = 2 s

Time = 249

DILUPBiCGStab:  Solving for Ux, Initial residual = 0.0004610695, Final residual = 2.2312316e-06, No Iterations 1
DILUPBiCGStab:  Solving for Uy, Initial residual = 0.00063269004, Final residual = 3.241929e-06, No Iterations 1
GAMG:  Solving for p, Initial residual = 0.00036458765, Final residual = 1.7746388e-06, No Iterations 6
time step continuity errors : sum local = 1.2778945e-07, global = 3.1651768e-18, cumulative = -1.4086284e-16
ExecutionTime = 2.04 s  ClockTime = 2 s

Time = 250

DILUPBiCGStab:  Solving for Ux, Initial residual = 0.00045863429, Final residual = 2.2161858e-06, No Iterations 1
DILUPBiCGStab:  Solving for Uy, Initial residual = 0.00062886634, Final residual = 3.2183229e-06, No Iterations 1
GAMG:  Solving for p, Initial residual = 0.00036216592, Final residual = 1.7707463e-06, No Iterations 6
time step continuity errors : sum local = 1.2752907e-07, global = 3.2110953e-17, cumulative = -1.0875189e-16
ExecutionTime = 2.04 s  ClockTime = 2 s

Time = 251

DILUPBiCGStab:  Solving for Ux, Initial residual = 0.00045621742, Final residual = 2.2012976e-06, No Iterations 1
DILUPBiCGStab:  Solving for Uy, Initial residual = 0.00062507518, Final residual = 3.194925e-06, No Iterations 1
GAMG:  Solving for p, Initial residual = 0.00035975959, Final residual = 1.7667673e-06, No Iterations 6
time step continuity errors : sum local = 1.2726223e-07, global = 7.3208793e-18, cumulative = -1.0143101e-16
ExecutionTime = 2.05 s  ClockTime = 2 s

Time = 252

DILUPBiCGStab:  Solving for Ux, Initial residual = 0.00045381987, Final residual = 2.1865909e-06, No Iterations 1
DILUPBiCGStab:  Solving for Uy, Initial residual = 0.00062131652, Final residual = 3.1717368e-06, No Iterations 1
GAMG:  Solving for p, Initial residual = 0.00035738401, Final residual = 1.7627173e-06, No Iterations 6
time step continuity errors : sum local = 1.2699031e-07, global = 4.7527813e-19, cumulative = -1.0095573e-16
ExecutionTime = 2.06 s  ClockTime = 2 s

Time = 253

DILUPBiCGStab:  Solving for Ux, Initial residual = 0.00045144099, Final residual = 2.1720165e-06, No Iterations 1
DILUPBiCGStab:  Solving for Uy, Initial residual = 0.00061758888, Final residual = 3.1487931e-06, No Iterations 1
GAMG:  Solving for p, Initial residual = 0.00035503156, Final residual = 1.7587002e-06, No Iterations 6
time step continuity errors : sum local = 1.2672064e-07, global = 7.8162347e-18, cumulative = -9.3139497e-17
ExecutionTime = 2.07 s  ClockTime = 2 s

Time = 254

DILUPBiCGStab:  Solving for Ux, Initial residual = 0.00044907826, Final residual = 2.1575881e-06, No Iterations 1
DILUPBiCGStab:  Solving for Uy, Initial residual = 0.00061389318, Final residual = 3.1260645e-06, No Iterations 1
GAMG:  Solving for p, Initial residual = 0.00035276614, Final residual = 1.7545807e-06, No Iterations 6
time step continuity errors : sum local = 1.2644337e-07, global = 1.0074305e-17, cumulative = -8.3065192e-17
ExecutionTime = 2.08 s  ClockTime = 2 s

Time = 255

DILUPBiCGStab:  Solving for Ux, Initial residual = 0.00044673547, Final residual = 2.1433263e-06, No Iterations 1
DILUPBiCGStab:  Solving for Uy, Initial residual = 0.00061023083, Final residual = 3.103511e-06, No Iterations 1
GAMG:  Solving for p, Initial residual = 0.00035051279, Final residual = 1.7503941e-06, No Iterations 6
time step continuity errors : sum local = 1.2616111e-07, global = 1.7805427e-18, cumulative = -8.1284649e-17
ExecutionTime = 2.09 s  ClockTime = 2 s

Time = 256

DILUPBiCGStab:  Solving for Ux, Initial residual = 0.00044440778, Final residual = 2.1291837e-06, No Iterations 1
DILUPBiCGStab:  Solving for Uy, Initial residual = 0.00060659949, Final residual = 3.0812147e-06, No Iterations 1
GAMG:  Solving for p, Initial residual = 0.00034826325, Final residual = 1.7460802e-06, No Iterations 6
time step continuity errors : sum local = 1.2586961e-07, global = 2.6105926e-17, cumulative = -5.5178723e-17
ExecutionTime = 2.09 s  ClockTime = 2 s

Time = 257

DILUPBiCGStab:  Solving for Ux, Initial residual = 0.00044209722, Final residual = 2.1151653e-06, No Iterations 1
DILUPBiCGStab:  Solving for Uy, Initial residual = 0.00060300224, Final residual = 3.0591312e-06, No Iterations 1
GAMG:  Solving for p, Initial residual = 0.00034604683, Final residual = 1.741816e-06, No Iterations 6
time step continuity errors : sum local = 1.2558147e-07, global = 9.7919656e-18, cumulative = -4.5386757e-17
ExecutionTime = 2.1 s  ClockTime = 2 s

Time = 258

DILUPBiCGStab:  Solving for Ux, Initial residual = 0.00043980275, Final residual = 2.1012949e-06, No Iterations 1
DILUPBiCGStab:  Solving for Uy, Initial residual = 0.00059943775, Final residual = 3.0372403e-06, No Iterations 1
GAMG:  Solving for p, Initial residual = 0.00034384614, Final residual = 1.7375959e-06, No Iterations 6
time step continuity errors : sum local = 1.2529615e-07, global = -4.9358992e-18, cumulative = -5.0322657e-17
ExecutionTime = 2.11 s  ClockTime = 2 s

Time = 259

DILUPBiCGStab:  Solving for Ux, Initial residual = 0.00043752688, Final residual = 2.0875276e-06, No Iterations 1
DILUPBiCGStab:  Solving for Uy, Initial residual = 0.00059590567, Final residual = 3.0157921e-06, No Iterations 1
GAMG:  Solving for p, Initial residual = 0.00034165996, Final residual = 1.7336491e-06, No Iterations 6
time step continuity errors : sum local = 1.2503089e-07, global = -1.8539712e-17, cumulative = -6.8862368e-17
ExecutionTime = 2.12 s  ClockTime = 2 s

Time = 260

DILUPBiCGStab:  Solving for Ux, Initial residual = 0.00043526586, Final residual = 2.0738783e-06, No Iterations 1
DILUPBiCGStab:  Solving for Uy, Initial residual = 0.00059240818, Final residual = 2.9944976e-06, No Iterations 1
GAMG:  Solving for p, Initial residual = 0.00033948642, Final residual = 1.7295946e-06, No Iterations 6
time step continuity errors : sum local = 1.2475732e-07, global = -9.2074202e-18, cumulative = -7.8069788e-17
ExecutionTime = 2.12 s  ClockTime = 2 s

Time = 261

DILUPBiCGStab:  Solving for Ux, Initial residual = 0.0004330197, Final residual = 2.0603444e-06, No Iterations 1
DILUPBiCGStab:  Solving for Uy, Initial residual = 0.00058894341, Final residual = 2.9732006e-06, No Iterations 1
GAMG:  Solving for p, Initial residual = 0.00033733279, Final residual = 1.7253542e-06, No Iterations 6
time step continuity errors : sum local = 1.2446963e-07, global = -2.5299551e-18, cumulative = -8.0599744e-17
ExecutionTime = 2.13 s  ClockTime = 2 s

Time = 262

DILUPBiCGStab:  Solving for Ux, Initial residual = 0.00043079164, Final residual = 2.0469553e-06, No Iterations 1
DILUPBiCGStab:  Solving for Uy, Initial residual = 0.00058550581, Final residual = 2.9520291e-06, No Iterations 1
GAMG:  Solving for p, Initial residual = 0.00033520128, Final residual = 1.7209554e-06, No Iterations 6
time step continuity errors : sum local = 1.2417009e-07, global = 4.0153332e-18, cumulative = -7.658441e-17
ExecutionTime = 2.14 s  ClockTime = 2 s

Time = 263

DILUPBiCGStab:  Solving for Ux, Initial residual = 0.00042857749, Final residual = 2.0337014e-06, No Iterations 1
DILUPBiCGStab:  Solving for Uy, Initial residual = 0.00058209491, Final residual = 2.9310445e-06, No Iterations 1
GAMG:  Solving for p, Initial residual = 0.00033310825, Final residual = 1.7164086e-06, No Iterations 6
time step continuity errors : sum local = 1.2385962e-07, global = -8.6359774e-18, cumulative = -8.5220388e-17
ExecutionTime = 2.15 s  ClockTime = 2 s

Time = 264

DILUPBiCGStab:  Solving for Ux, Initial residual = 0.0004263799, Final residual = 2.0205776e-06, No Iterations 1
DILUPBiCGStab:  Solving for Uy, Initial residual = 0.0005787114, Final residual = 2.9102449e-06, No Iterations 1
GAMG:  Solving for p, Initial residual = 0.00033104424, Final residual = 1.7118289e-06, No Iterations 6
time step continuity errors : sum local = 1.2354639e-07, global = -4.9188394e-18, cumulative = -9.0139227e-17
ExecutionTime = 2.15 s  ClockTime = 2 s

Time = 265

DILUPBiCGStab:  Solving for Ux, Initial residual = 0.00042419867, Final residual = 2.0075829e-06, No Iterations 1
DILUPBiCGStab:  Solving for Uy, Initial residual = 0.0005753533, Final residual = 2.8896473e-06, No Iterations 1
GAMG:  Solving for p, Initial residual = 0.00032898467, Final residual = 1.7072412e-06, No Iterations 6
time step continuity errors : sum local = 1.2323224e-07, global = 6.6601274e-19, cumulative = -8.9473214e-17
ExecutionTime = 2.16 s  ClockTime = 2 s

Time = 266

DILUPBiCGStab:  Solving for Ux, Initial residual = 0.00042203198, Final residual = 1.9947358e-06, No Iterations 1
DILUPBiCGStab:  Solving for Uy, Initial residual = 0.00057202035, Final residual = 2.8692552e-06, No Iterations 1
GAMG:  Solving for p, Initial residual = 0.00032692919, Final residual = 1.7026482e-06, No Iterations 6
time step continuity errors : sum local = 1.2291742e-07, global = -1.7917434e-17, cumulative = -1.0739065e-16
ExecutionTime = 2.17 s  ClockTime = 2 s

Time = 267

DILUPBiCGStab:  Solving for Ux, Initial residual = 0.00041988014, Final residual = 1.9820009e-06, No Iterations 1
DILUPBiCGStab:  Solving for Uy, Initial residual = 0.00056871241, Final residual = 2.8490456e-06, No Iterations 1
GAMG:  Solving for p, Initial residual = 0.000324886, Final residual = 1.6979994e-06, No Iterations 6
time step continuity errors : sum local = 1.2259826e-07, global = -2.7615061e-17, cumulative = -1.3500571e-16
ExecutionTime = 2.18 s  ClockTime = 2 s

Time = 268

DILUPBiCGStab:  Solving for Ux, Initial residual = 0.00041774469, Final residual = 1.9693793e-06, No Iterations 1
DILUPBiCGStab:  Solving for Uy, Initial residual = 0.00056543026, Final residual = 2.8290195e-06, No Iterations 1
GAMG:  Solving for p, Initial residual = 0.00032286369, Final residual = 1.693246e-06, No Iterations 6
time step continuity errors : sum local = 1.2227142e-07, global = 2.4001526e-17, cumulative = -1.1100418e-16
ExecutionTime = 2.19 s  ClockTime = 2 s

Time = 269

DILUPBiCGStab:  Solving for Ux, Initial residual = 0.0004156232, Final residual = 1.956867e-06, No Iterations 1
DILUPBiCGStab:  Solving for Uy, Initial residual = 0.00056217378, Final residual = 2.8091687e-06, No Iterations 1
GAMG:  Solving for p, Initial residual = 0.00032085707, Final residual = 1.6884578e-06, No Iterations 6
time step continuity errors : sum local = 1.2194193e-07, global = -1.4353688e-17, cumulative = -1.2535787e-16
ExecutionTime = 2.19 s  ClockTime = 2 s

Time = 270

DILUPBiCGStab:  Solving for Ux, Initial residual = 0.00041351557, Final residual = 1.9444504e-06, No Iterations 1
DILUPBiCGStab:  Solving for Uy, Initial residual = 0.00055894124, Final residual = 2.7895033e-06, No Iterations 1
GAMG:  Solving for p, Initial residual = 0.0003188636, Final residual = 1.6836924e-06, No Iterations 6
time step continuity errors : sum local = 1.2161377e-07, global = -3.4710616e-18, cumulative = -1.2882893e-16
ExecutionTime = 2.2 s  ClockTime = 2 s

Time = 271

DILUPBiCGStab:  Solving for Ux, Initial residual = 0.00041142228, Final residual = 1.9321387e-06, No Iterations 1
DILUPBiCGStab:  Solving for Uy, Initial residual = 0.00055573364, Final residual = 2.7700125e-06, No Iterations 1
GAMG:  Solving for p, Initial residual = 0.00031687882, Final residual = 1.6789489e-06, No Iterations 6
time step continuity errors : sum local = 1.2128691e-07, global = -5.7209135e-18, cumulative = -1.3454985e-16
ExecutionTime = 2.21 s  ClockTime = 2 s

Time = 272

DILUPBiCGStab:  Solving for Ux, Initial residual = 0.00040934602, Final residual = 1.9199522e-06, No Iterations 1
DILUPBiCGStab:  Solving for Uy, Initial residual = 0.00055255102, Final residual = 2.7507148e-06, No Iterations 1
GAMG:  Solving for p, Initial residual = 0.00031490276, Final residual = 1.6741551e-06, No Iterations 6
time step continuity errors : sum local = 1.2095622e-07, global = -8.5316798e-18, cumulative = -1.4308153e-16
ExecutionTime = 2.22 s  ClockTime = 2 s

Time = 273

DILUPBiCGStab:  Solving for Ux, Initial residual = 0.00040728466, Final residual = 1.9077636e-06, No Iterations 1
DILUPBiCGStab:  Solving for Uy, Initial residual = 0.00054939436, Final residual = 2.7316143e-06, No Iterations 1
GAMG:  Solving for p, Initial residual = 0.00031293154, Final residual = 1.6694209e-06, No Iterations 6
time step continuity errors : sum local = 1.206297e-07, global = 1.0607367e-17, cumulative = -1.3247416e-16
ExecutionTime = 2.23 s  ClockTime = 2 s

Time = 274

DILUPBiCGStab:  Solving for Ux, Initial residual = 0.00040523822, Final residual = 1.8956814e-06, No Iterations 1
DILUPBiCGStab:  Solving for Uy, Initial residual = 0.00054626212, Final residual = 2.7126884e-06, No Iterations 1
GAMG:  Solving for p, Initial residual = 0.00031100242, Final residual = 1.6647945e-06, No Iterations 6
time step continuity errors : sum local = 1.2031071e-07, global = 9.1245235e-18, cumulative = -1.2334964e-16
ExecutionTime = 2.24 s  ClockTime = 2 s

Time = 275

DILUPBiCGStab:  Solving for Ux, Initial residual = 0.00040320629, Final residual = 1.8837508e-06, No Iterations 1
DILUPBiCGStab:  Solving for Uy, Initial residual = 0.00054315629, Final residual = 2.6943718e-06, No Iterations 1
GAMG:  Solving for p, Initial residual = 0.00030938266, Final residual = 1.6605788e-06, No Iterations 6
time step continuity errors : sum local = 1.2002254e-07, global = 8.7547208e-18, cumulative = -1.1459491e-16
ExecutionTime = 2.25 s  ClockTime = 2 s

Time = 276

DILUPBiCGStab:  Solving for Ux, Initial residual = 0.00040118852, Final residual = 1.8719888e-06, No Iterations 1
DILUPBiCGStab:  Solving for Uy, Initial residual = 0.00054007787, Final residual = 2.6765826e-06, No Iterations 1
GAMG:  Solving for p, Initial residual = 0.00030776113, Final residual = 1.656253e-06, No Iterations 6
time step continuity errors : sum local = 1.1972608e-07, global = 2.5264776e-17, cumulative = -8.9330139e-17
ExecutionTime = 2.26 s  ClockTime = 2 s

Time = 277

DILUPBiCGStab:  Solving for Ux, Initial residual = 0.00039918447, Final residual = 1.8603724e-06, No Iterations 1
DILUPBiCGStab:  Solving for Uy, Initial residual = 0.00053702407, Final residual = 2.6579981e-06, No Iterations 1
GAMG:  Solving for p, Initial residual = 0.00030584411, Final residual = 1.6514474e-06, No Iterations 6
time step continuity errors : sum local = 1.1939361e-07, global = 2.3898373e-18, cumulative = -8.6940301e-17
ExecutionTime = 2.27 s  ClockTime = 2 s

Time = 278

DILUPBiCGStab:  Solving for Ux, Initial residual = 0.00039719491, Final residual = 1.8488491e-06, No Iterations 1
DILUPBiCGStab:  Solving for Uy, Initial residual = 0.00053399531, Final residual = 2.6391287e-06, No Iterations 1
GAMG:  Solving for p, Initial residual = 0.00030384376, Final residual = 1.6460822e-06, No Iterations 6
time step continuity errors : sum local = 1.1901961e-07, global = -4.1257784e-19, cumulative = -8.7352879e-17
ExecutionTime = 2.28 s  ClockTime = 2 s

Time = 279

DILUPBiCGStab:  Solving for Ux, Initial residual = 0.00039521806, Final residual = 1.8374067e-06, No Iterations 1
DILUPBiCGStab:  Solving for Uy, Initial residual = 0.00053099219, Final residual = 2.6210407e-06, No Iterations 1
GAMG:  Solving for p, Initial residual = 0.00030189053, Final residual = 1.6407708e-06, No Iterations 6
time step continuity errors : sum local = 1.1864946e-07, global = -3.9152907e-18, cumulative = -9.126817e-17
ExecutionTime = 2.28 s  ClockTime = 2 s

Time = 280

DILUPBiCGStab:  Solving for Ux, Initial residual = 0.00039325311, Final residual = 1.8260559e-06, No Iterations 1
DILUPBiCGStab:  Solving for Uy, Initial residual = 0.00052801386, Final residual = 2.60303e-06, No Iterations 1
GAMG:  Solving for p, Initial residual = 0.00030001258, Final residual = 1.6355675e-06, No Iterations 6
time step continuity errors : sum local = 1.1828722e-07, global = -2.1961473e-17, cumulative = -1.1322964e-16
ExecutionTime = 2.29 s  ClockTime = 2 s

Time = 281

DILUPBiCGStab:  Solving for Ux, Initial residual = 0.0003913019, Final residual = 1.8147634e-06, No Iterations 1
DILUPBiCGStab:  Solving for Uy, Initial residual = 0.00052506019, Final residual = 2.5851472e-06, No Iterations 1
GAMG:  Solving for p, Initial residual = 0.00029815226, Final residual = 1.6304051e-06, No Iterations 6
time step continuity errors : sum local = 1.1792803e-07, global = 6.2479268e-19, cumulative = -1.1260485e-16
ExecutionTime = 2.3 s  ClockTime = 2 s

Time = 282

DILUPBiCGStab:  Solving for Ux, Initial residual = 0.00038936315, Final residual = 1.8035601e-06, No Iterations 1
DILUPBiCGStab:  Solving for Uy, Initial residual = 0.00052213332, Final residual = 2.5674223e-06, No Iterations 1
GAMG:  Solving for p, Initial residual = 0.00029631393, Final residual = 1.6252559e-06, No Iterations 6
time step continuity errors : sum local = 1.175697e-07, global = -4.4580403e-19, cumulative = -1.1305065e-16
ExecutionTime = 2.31 s  ClockTime = 2 s

Time = 283

DILUPBiCGStab:  Solving for Ux, Initial residual = 0.00038743766, Final residual = 1.7924689e-06, No Iterations 1
DILUPBiCGStab:  Solving for Uy, Initial residual = 0.00051923217, Final residual = 2.5498755e-06, No Iterations 1
GAMG:  Solving for p, Initial residual = 0.00029450395, Final residual = 1.6201192e-06, No Iterations 6
time step continuity errors : sum local = 1.1721214e-07, global = 1.3548001e-17, cumulative = -9.9502654e-17
ExecutionTime = 2.32 s  ClockTime = 2 s

Time = 284

DILUPBiCGStab:  Solving for Ux, Initial residual = 0.00038552507, Final residual = 1.7814737e-06, No Iterations 1
DILUPBiCGStab:  Solving for Uy, Initial residual = 0.00051635176, Final residual = 2.532485e-06, No Iterations 1
GAMG:  Solving for p, Initial residual = 0.00029271791, Final residual = 1.6149997e-06, No Iterations 6
time step continuity errors : sum local = 1.1685574e-07, global = -1.2398167e-17, cumulative = -1.1190082e-16
ExecutionTime = 2.33 s  ClockTime = 2 s

Time = 285

DILUPBiCGStab:  Solving for Ux, Initial residual = 0.00038362346, Final residual = 1.7705635e-06, No Iterations 1
DILUPBiCGStab:  Solving for Uy, Initial residual = 0.00051349276, Final residual = 2.515249e-06, No Iterations 1
GAMG:  Solving for p, Initial residual = 0.00029098697, Final residual = 1.609882e-06, No Iterations 6
time step continuity errors : sum local = 1.1649933e-07, global = 7.967364e-18, cumulative = -1.0393346e-16
ExecutionTime = 2.33 s  ClockTime = 2 s

Time = 286

DILUPBiCGStab:  Solving for Ux, Initial residual = 0.00038173398, Final residual = 1.7597306e-06, No Iterations 1
DILUPBiCGStab:  Solving for Uy, Initial residual = 0.00051065392, Final residual = 2.4981617e-06, No Iterations 1
GAMG:  Solving for p, Initial residual = 0.00028926679, Final residual = 1.6047472e-06, No Iterations 6
time step continuity errors : sum local = 1.1614154e-07, global = 1.7358101e-17, cumulative = -8.6575356e-17
ExecutionTime = 2.34 s  ClockTime = 2 s

Time = 287

DILUPBiCGStab:  Solving for Ux, Initial residual = 0.00037985544, Final residual = 1.7489843e-06, No Iterations 1
DILUPBiCGStab:  Solving for Uy, Initial residual = 0.00050783497, Final residual = 2.4812219e-06, No Iterations 1
GAMG:  Solving for p, Initial residual = 0.00028755905, Final residual = 1.5995895e-06, No Iterations 6
time step continuity errors : sum local = 1.1578195e-07, global = -1.9274751e-17, cumulative = -1.0585011e-16
ExecutionTime = 2.35 s  ClockTime = 2 s

Time = 288

DILUPBiCGStab:  Solving for Ux, Initial residual = 0.00037798903, Final residual = 1.7383331e-06, No Iterations 1
DILUPBiCGStab:  Solving for Uy, Initial residual = 0.00050503564, Final residual = 2.4644374e-06, No Iterations 1
GAMG:  Solving for p, Initial residual = 0.00028586087, Final residual = 1.5944273e-06, No Iterations 6
time step continuity errors : sum local = 1.1542188e-07, global = -1.5163557e-17, cumulative = -1.2101366e-16
ExecutionTime = 2.36 s  ClockTime = 2 s

Time = 289

DILUPBiCGStab:  Solving for Ux, Initial residual = 0.00037613401, Final residual = 1.727766e-06, No Iterations 1
DILUPBiCGStab:  Solving for Uy, Initial residual = 0.00050225548, Final residual = 2.4478626e-06, No Iterations 1
GAMG:  Solving for p, Initial residual = 0.00028417371, Final residual = 1.589396e-06, No Iterations 6
time step continuity errors : sum local = 1.1507135e-07, global = 1.469804e-17, cumulative = -1.0631562e-16
ExecutionTime = 2.37 s  ClockTime = 2 s

Time = 290

DILUPBiCGStab:  Solving for Ux, Initial residual = 0.00037429026, Final residual = 1.7172766e-06, No Iterations 1
DILUPBiCGStab:  Solving for Uy, Initial residual = 0.00049949508, Final residual = 2.4315203e-06, No Iterations 1
GAMG:  Solving for p, Initial residual = 0.00028249485, Final residual = 1.5843346e-06, No Iterations 6
time step continuity errors : sum local = 1.1471847e-07, global = -1.5321079e-17, cumulative = -1.216367e-16
ExecutionTime = 2.38 s  ClockTime = 2 s

Time = 291

DILUPBiCGStab:  Solving for Ux, Initial residual = 0.00037245681, Final residual = 1.7068706e-06, No Iterations 1
DILUPBiCGStab:  Solving for Uy, Initial residual = 0.00049675472, Final residual = 2.4152425e-06, No Iterations 1
GAMG:  Solving for p, Initial residual = 0.00028083948, Final residual = 1.5792108e-06, No Iterations 6
time step continuity errors : sum local = 1.1436085e-07, global = -3.3156708e-19, cumulative = -1.2196827e-16
ExecutionTime = 2.38 s  ClockTime = 3 s

Time = 292

DILUPBiCGStab:  Solving for Ux, Initial residual = 0.00037063478, Final residual = 1.69655e-06, No Iterations 1
DILUPBiCGStab:  Solving for Uy, Initial residual = 0.00049403303, Final residual = 2.3990648e-06, No Iterations 1
GAMG:  Solving for p, Initial residual = 0.00027920211, Final residual = 1.5739961e-06, No Iterations 6
time step continuity errors : sum local = 1.1399644e-07, global = 1.5092698e-17, cumulative = -1.0687557e-16
ExecutionTime = 2.39 s  ClockTime = 3 s

Time = 293

DILUPBiCGStab:  Solving for Ux, Initial residual = 0.00036882418, Final residual = 1.6863086e-06, No Iterations 1
DILUPBiCGStab:  Solving for Uy, Initial residual = 0.00049133034, Final residual = 2.3829801e-06, No Iterations 1
GAMG:  Solving for p, Initial residual = 0.00027758384, Final residual = 1.5687576e-06, No Iterations 6
time step continuity errors : sum local = 1.136301e-07, global = -7.198225e-18, cumulative = -1.140738e-16
ExecutionTime = 2.4 s  ClockTime = 3 s

Time = 294

DILUPBiCGStab:  Solving for Ux, Initial residual = 0.00036702508, Final residual = 1.6761549e-06, No Iterations 1
DILUPBiCGStab:  Solving for Uy, Initial residual = 0.00048864733, Final residual = 2.3670308e-06, No Iterations 1
GAMG:  Solving for p, Initial residual = 0.00027597864, Final residual = 1.563493e-06, No Iterations 6
time step continuity errors : sum local = 1.1326168e-07, global = 5.6138961e-18, cumulative = -1.084599e-16
ExecutionTime = 2.41 s  ClockTime = 3 s

Time = 295

DILUPBiCGStab:  Solving for Ux, Initial residual = 0.00036523669, Final residual = 1.66607e-06, No Iterations 1
DILUPBiCGStab:  Solving for Uy, Initial residual = 0.00048598754, Final residual = 2.3512207e-06, No Iterations 1
GAMG:  Solving for p, Initial residual = 0.00027438875, Final residual = 1.5582105e-06, No Iterations 6
time step continuity errors : sum local = 1.1289182e-07, global = -1.461777e-17, cumulative = -1.2307767e-16
ExecutionTime = 2.42 s  ClockTime = 3 s

Time = 296

DILUPBiCGStab:  Solving for Ux, Initial residual = 0.00036345854, Final residual = 1.6558035e-06, No Iterations 1
DILUPBiCGStab:  Solving for Uy, Initial residual = 0.00048334982, Final residual = 2.3355469e-06, No Iterations 1
GAMG:  Solving for p, Initial residual = 0.00027278285, Final residual = 1.5528241e-06, No Iterations 6
time step continuity errors : sum local = 1.1251411e-07, global = -1.1313865e-17, cumulative = -1.3439154e-16
ExecutionTime = 2.42 s  ClockTime = 3 s

Time = 297

DILUPBiCGStab:  Solving for Ux, Initial residual = 0.00036169377, Final residual = 1.6458557e-06, No Iterations 1
DILUPBiCGStab:  Solving for Uy, Initial residual = 0.00048073145, Final residual = 2.3205152e-06, No Iterations 1
GAMG:  Solving for p, Initial residual = 0.0002712309, Final residual = 1.5471588e-06, No Iterations 6
time step continuity errors : sum local = 1.1211539e-07, global = -2.4763868e-18, cumulative = -1.3686792e-16
ExecutionTime = 2.43 s  ClockTime = 3 s

Time = 298

DILUPBiCGStab:  Solving for Ux, Initial residual = 0.00035993995, Final residual = 1.6360136e-06, No Iterations 1
DILUPBiCGStab:  Solving for Uy, Initial residual = 0.00047813339, Final residual = 2.3053197e-06, No Iterations 1
GAMG:  Solving for p, Initial residual = 0.00026977809, Final residual = 1.5415976e-06, No Iterations 6
time step continuity errors : sum local = 1.1172424e-07, global = 1.7216209e-18, cumulative = -1.351463e-16
ExecutionTime = 2.45 s  ClockTime = 3 s

Time = 299

DILUPBiCGStab:  Solving for Ux, Initial residual = 0.00035819736, Final residual = 1.626281e-06, No Iterations 1
DILUPBiCGStab:  Solving for Uy, Initial residual = 0.00047555477, Final residual = 2.2900085e-06, No Iterations 1
GAMG:  Solving for p, Initial residual = 0.00026840063, Final residual = 1.53619e-06, No Iterations 6
time step continuity errors : sum local = 1.113443e-07, global = 1.1163861e-17, cumulative = -1.2398244e-16
ExecutionTime = 2.45 s  ClockTime = 3 s

Time = 300

DILUPBiCGStab:  Solving for Ux, Initial residual = 0.0003564658, Final residual = 1.6166378e-06, No Iterations 1
DILUPBiCGStab:  Solving for Uy, Initial residual = 0.00047299456, Final residual = 2.2747358e-06, No Iterations 1
GAMG:  Solving for p, Initial residual = 0.00026696433, Final residual = 1.5308652e-06, No Iterations 6
time step continuity errors : sum local = 1.1097048e-07, global = -3.7642674e-18, cumulative = -1.2774671e-16
ExecutionTime = 2.46 s  ClockTime = 3 s

Time = 301

DILUPBiCGStab:  Solving for Ux, Initial residual = 0.00035474552, Final residual = 1.6071054e-06, No Iterations 1
DILUPBiCGStab:  Solving for Uy, Initial residual = 0.00047045364, Final residual = 2.2595604e-06, No Iterations 1
GAMG:  Solving for p, Initial residual = 0.00026547609, Final residual = 1.5254301e-06, No Iterations 6
time step continuity errors : sum local = 1.1058862e-07, global = -1.5120345e-17, cumulative = -1.4286705e-16
ExecutionTime = 2.47 s  ClockTime = 3 s

Time = 302

DILUPBiCGStab:  Solving for Ux, Initial residual = 0.00035303683, Final residual = 1.5976639e-06, No Iterations 1
DILUPBiCGStab:  Solving for Uy, Initial residual = 0.00046793177, Final residual = 2.244502e-06, No Iterations 1
GAMG:  Solving for p, Initial residual = 0.00026396274, Final residual = 1.5199792e-06, No Iterations 6
time step continuity errors : sum local = 1.1020553e-07, global = 3.4980475e-18, cumulative = -1.3936901e-16
ExecutionTime = 2.47 s  ClockTime = 3 s

Time = 303

DILUPBiCGStab:  Solving for Ux, Initial residual = 0.00035134027, Final residual = 1.5882569e-06, No Iterations 1
DILUPBiCGStab:  Solving for Uy, Initial residual = 0.00046542892, Final residual = 2.2295882e-06, No Iterations 1
GAMG:  Solving for p, Initial residual = 0.00026246486, Final residual = 1.514537e-06, No Iterations 6
time step continuity errors : sum local = 1.0982295e-07, global = -3.1185238e-18, cumulative = -1.4248753e-16
ExecutionTime = 2.48 s  ClockTime = 3 s

Time = 304

DILUPBiCGStab:  Solving for Ux, Initial residual = 0.00034965444, Final residual = 1.5788895e-06, No Iterations 1
DILUPBiCGStab:  Solving for Uy, Initial residual = 0.00046294486, Final residual = 2.2148457e-06, No Iterations 1
GAMG:  Solving for p, Initial residual = 0.00026095928, Final residual = 1.5091687e-06, No Iterations 6
time step continuity errors : sum local = 1.094455e-07, global = 2.1882924e-17, cumulative = -1.2060461e-16
ExecutionTime = 2.49 s  ClockTime = 3 s

Time = 305

DILUPBiCGStab:  Solving for Ux, Initial residual = 0.00034797887, Final residual = 1.5695749e-06, No Iterations 1
DILUPBiCGStab:  Solving for Uy, Initial residual = 0.0004604807, Final residual = 2.2003175e-06, No Iterations 1
GAMG:  Solving for p, Initial residual = 0.00025948899, Final residual = 1.5038426e-06, No Iterations 6
time step continuity errors : sum local = 1.0907086e-07, global = 4.1633522e-18, cumulative = -1.1644125e-16
ExecutionTime = 2.5 s  ClockTime = 3 s

Time = 306

DILUPBiCGStab:  Solving for Ux, Initial residual = 0.00034631336, Final residual = 1.5603156e-06, No Iterations 1
DILUPBiCGStab:  Solving for Uy, Initial residual = 0.00045803746, Final residual = 2.1858934e-06, No Iterations 1
GAMG:  Solving for p, Initial residual = 0.00025801257, Final residual = 1.5803882e-06, No Iterations 6
time step continuity errors : sum local = 1.1236198e-07, global = -1.8966921e-17, cumulative = -1.3540818e-16
ExecutionTime = 2.51 s  ClockTime = 3 s

Time = 307

DILUPBiCGStab:  Solving for Ux, Initial residual = 0.00034465862, Final residual = 1.5511932e-06, No Iterations 1
DILUPBiCGStab:  Solving for Uy, Initial residual = 0.000455611, Final residual = 2.1719355e-06, No Iterations 1
GAMG:  Solving for p, Initial residual = 0.00025666262, Final residual = 1.4894035e-06, No Iterations 6
time step continuity errors : sum local = 1.078957e-07, global = -1.8366784e-18, cumulative = -1.3724485e-16
ExecutionTime = 2.52 s  ClockTime = 3 s

Time = 308

DILUPBiCGStab:  Solving for Ux, Initial residual = 0.00034301565, Final residual = 1.5420596e-06, No Iterations 1
DILUPBiCGStab:  Solving for Uy, Initial residual = 0.00045319824, Final residual = 2.1579831e-06, No Iterations 1
GAMG:  Solving for p, Initial residual = 0.00025506349, Final residual = 1.5687819e-06, No Iterations 6
time step continuity errors : sum local = 1.1154298e-07, global = 5.7703656e-18, cumulative = -1.3147449e-16
ExecutionTime = 2.52 s  ClockTime = 3 s

Time = 309

DILUPBiCGStab:  Solving for Ux, Initial residual = 0.00034138034, Final residual = 1.533104e-06, No Iterations 1
DILUPBiCGStab:  Solving for Uy, Initial residual = 0.00045080356, Final residual = 2.1439026e-06, No Iterations 1
GAMG:  Solving for p, Initial residual = 0.00025369859, Final residual = 1.4787767e-06, No Iterations 6
time step continuity errors : sum local = 1.0716267e-07, global = -1.1303469e-17, cumulative = -1.4277796e-16
ExecutionTime = 2.53 s  ClockTime = 3 s

Time = 310

DILUPBiCGStab:  Solving for Ux, Initial residual = 0.00033975563, Final residual = 1.5240926e-06, No Iterations 1
DILUPBiCGStab:  Solving for Uy, Initial residual = 0.00044842348, Final residual = 2.1300762e-06, No Iterations 1
GAMG:  Solving for p, Initial residual = 0.00025213709, Final residual = 1.5571836e-06, No Iterations 6
time step continuity errors : sum local = 1.1072594e-07, global = 5.8669539e-18, cumulative = -1.36911e-16
ExecutionTime = 2.54 s  ClockTime = 3 s

Time = 311

DILUPBiCGStab:  Solving for Ux, Initial residual = 0.00033813824, Final residual = 1.5152631e-06, No Iterations 1
DILUPBiCGStab:  Solving for Uy, Initial residual = 0.00044606014, Final residual = 2.1161794e-06, No Iterations 1
GAMG:  Solving for p, Initial residual = 0.00025081952, Final residual = 1.4679141e-06, No Iterations 6
time step continuity errors : sum local = 1.0639886e-07, global = 5.8450898e-18, cumulative = -1.3106591e-16
ExecutionTime = 2.55 s  ClockTime = 3 s

Time = 312

DILUPBiCGStab:  Solving for Ux, Initial residual = 0.00033653142, Final residual = 1.50639e-06, No Iterations 1
DILUPBiCGStab:  Solving for Uy, Initial residual = 0.00044371011, Final residual = 2.102548e-06, No Iterations 1
GAMG:  Solving for p, Initial residual = 0.00024929969, Final residual = 1.5454473e-06, No Iterations 6
time step continuity errors : sum local = 1.0989817e-07, global = -1.1616263e-19, cumulative = -1.3118208e-16
ExecutionTime = 2.56 s  ClockTime = 3 s

Time = 313

DILUPBiCGStab:  Solving for Ux, Initial residual = 0.00033493132, Final residual = 1.4976999e-06, No Iterations 1
DILUPBiCGStab:  Solving for Uy, Initial residual = 0.00044137717, Final residual = 2.0888556e-06, No Iterations 1
GAMG:  Solving for p, Initial residual = 0.00024800574, Final residual = 1.4570249e-06, No Iterations 6
time step continuity errors : sum local = 1.056332e-07, global = -2.9557215e-18, cumulative = -1.341378e-16
ExecutionTime = 2.57 s  ClockTime = 3 s

Time = 314

DILUPBiCGStab:  Solving for Ux, Initial residual = 0.00033334276, Final residual = 1.488945e-06, No Iterations 1
DILUPBiCGStab:  Solving for Uy, Initial residual = 0.00043905823, Final residual = 2.0754398e-06, No Iterations 1
GAMG:  Solving for p, Initial residual = 0.00024653552, Final residual = 1.5336313e-06, No Iterations 6
time step continuity errors : sum local = 1.090651e-07, global = -1.0061646e-17, cumulative = -1.4419944e-16
ExecutionTime = 2.57 s  ClockTime = 3 s

Time = 315

DILUPBiCGStab:  Solving for Ux, Initial residual = 0.00033176106, Final residual = 1.4803635e-06, No Iterations 1
DILUPBiCGStab:  Solving for Uy, Initial residual = 0.00043675711, Final residual = 2.0619664e-06, No Iterations 1
GAMG:  Solving for p, Initial residual = 0.00024528389, Final residual = 1.4460427e-06, No Iterations 6
time step continuity errors : sum local = 1.0486017e-07, global = 2.6330284e-18, cumulative = -1.4156642e-16
ExecutionTime = 2.58 s  ClockTime = 3 s

Time = 316

DILUPBiCGStab:  Solving for Ux, Initial residual = 0.00033018936, Final residual = 1.4717681e-06, No Iterations 1
DILUPBiCGStab:  Solving for Uy, Initial residual = 0.00043447431, Final residual = 2.0487637e-06, No Iterations 1
GAMG:  Solving for p, Initial residual = 0.00024383949, Final residual = 1.5217313e-06, No Iterations 6
time step continuity errors : sum local = 1.0822607e-07, global = -1.6829552e-18, cumulative = -1.4324937e-16
ExecutionTime = 2.59 s  ClockTime = 3 s

Time = 317

DILUPBiCGStab:  Solving for Ux, Initial residual = 0.00032862496, Final residual = 1.4634679e-06, No Iterations 1
DILUPBiCGStab:  Solving for Uy, Initial residual = 0.00043220869, Final residual = 2.0354933e-06, No Iterations 1
GAMG:  Solving for p, Initial residual = 0.00024263579, Final residual = 1.435013e-06, No Iterations 6
time step continuity errors : sum local = 1.0408334e-07, global = 6.2800677e-18, cumulative = -1.369693e-16
ExecutionTime = 2.6 s  ClockTime = 3 s

Time = 318

DILUPBiCGStab:  Solving for Ux, Initial residual = 0.00032707119, Final residual = 1.4550094e-06, No Iterations 1
DILUPBiCGStab:  Solving for Uy, Initial residual = 0.00042995693, Final residual = 2.0224946e-06, No Iterations 1
GAMG:  Solving for p, Initial residual = 0.00024122492, Final residual = 1.5098053e-06, No Iterations 6
time step continuity errors : sum local = 1.0738515e-07, global = -2.2433555e-17, cumulative = -1.5940286e-16
ExecutionTime = 2.61 s  ClockTime = 3 s

Time = 319

DILUPBiCGStab:  Solving for Ux, Initial residual = 0.00032552431, Final residual = 1.4468477e-06, No Iterations 1
DILUPBiCGStab:  Solving for Uy, Initial residual = 0.00042772297, Final residual = 2.0103229e-06, No Iterations 1
GAMG:  Solving for p, Initial residual = 0.00024002975, Final residual = 1.4239056e-06, No Iterations 6
time step continuity errors : sum local = 1.032999e-07, global = -6.5845099e-18, cumulative = -1.6598737e-16
ExecutionTime = 2.62 s  ClockTime = 3 s

Time = 320

DILUPBiCGStab:  Solving for Ux, Initial residual = 0.00032398673, Final residual = 1.4385348e-06, No Iterations 1
DILUPBiCGStab:  Solving for Uy, Initial residual = 0.00042550185, Final residual = 1.9966371e-06, No Iterations 1
GAMG:  Solving for p, Initial residual = 0.00023863957, Final residual = 1.4978942e-06, No Iterations 6
time step continuity errors : sum local = 1.0654592e-07, global = 2.1471233e-17, cumulative = -1.4451614e-16
ExecutionTime = 2.62 s  ClockTime = 3 s

Time = 321

DILUPBiCGStab:  Solving for Ux, Initial residual = 0.00032245642, Final residual = 1.4303132e-06, No Iterations 1
DILUPBiCGStab:  Solving for Uy, Initial residual = 0.00042329695, Final residual = 1.9837893e-06, No Iterations 1
GAMG:  Solving for p, Initial residual = 0.00023748074, Final residual = 1.4131195e-06, No Iterations 6
time step continuity errors : sum local = 1.0253985e-07, global = 2.9049849e-17, cumulative = -1.1546629e-16
ExecutionTime = 2.63 s  ClockTime = 3 s

Time = 322

DILUPBiCGStab:  Solving for Ux, Initial residual = 0.0003209358, Final residual = 1.4220874e-06, No Iterations 1
DILUPBiCGStab:  Solving for Uy, Initial residual = 0.00042110502, Final residual = 1.9712212e-06, No Iterations 1
GAMG:  Solving for p, Initial residual = 0.00023613606, Final residual = 1.4862443e-06, No Iterations 6
time step continuity errors : sum local = 1.0572317e-07, global = 7.1829717e-18, cumulative = -1.0828331e-16
ExecutionTime = 2.64 s  ClockTime = 3 s

Time = 323

DILUPBiCGStab:  Solving for Ux, Initial residual = 0.00031942181, Final residual = 1.4140159e-06, No Iterations 1
DILUPBiCGStab:  Solving for Uy, Initial residual = 0.00041892963, Final residual = 1.9586074e-06, No Iterations 1
GAMG:  Solving for p, Initial residual = 0.00023498787, Final residual = 1.402366e-06, No Iterations 6
time step continuity errors : sum local = 1.0178118e-07, global = 4.5286617e-18, cumulative = -1.0375465e-16
ExecutionTime = 2.65 s  ClockTime = 3 s

Time = 324

DILUPBiCGStab:  Solving for Ux, Initial residual = 0.00031791794, Final residual = 1.4059079e-06, No Iterations 1
DILUPBiCGStab:  Solving for Uy, Initial residual = 0.00041676699, Final residual = 1.946249e-06, No Iterations 1
GAMG:  Solving for p, Initial residual = 0.00023364431, Final residual = 1.4744581e-06, No Iterations 6
time step continuity errors : sum local = 1.0489188e-07, global = -1.8747791e-17, cumulative = -1.2250244e-16
ExecutionTime = 2.65 s  ClockTime = 3 s

Time = 325

DILUPBiCGStab:  Solving for Ux, Initial residual = 0.00031642003, Final residual = 1.397986e-06, No Iterations 1
DILUPBiCGStab:  Solving for Uy, Initial residual = 0.00041461975, Final residual = 1.9338287e-06, No Iterations 1
GAMG:  Solving for p, Initial residual = 0.00023250128, Final residual = 1.3914135e-06, No Iterations 6
time step continuity errors : sum local = 1.0100749e-07, global = 1.9443178e-17, cumulative = -1.0305927e-16
ExecutionTime = 2.66 s  ClockTime = 3 s

Time = 326

DILUPBiCGStab:  Solving for Ux, Initial residual = 0.00031493218, Final residual = 1.3900033e-06, No Iterations 1
DILUPBiCGStab:  Solving for Uy, Initial residual = 0.00041248585, Final residual = 1.9216669e-06, No Iterations 1
GAMG:  Solving for p, Initial residual = 0.00023116734, Final residual = 1.4625962e-06, No Iterations 6
time step continuity errors : sum local = 1.0405525e-07, global = -1.6355121e-17, cumulative = -1.1941439e-16
ExecutionTime = 2.67 s  ClockTime = 3 s

Time = 327

DILUPBiCGStab:  Solving for Ux, Initial residual = 0.0003134504, Final residual = 1.3821926e-06, No Iterations 1
DILUPBiCGStab:  Solving for Uy, Initial residual = 0.00041036779, Final residual = 1.909469e-06, No Iterations 1
GAMG:  Solving for p, Initial residual = 0.00023004461, Final residual = 1.3805218e-06, No Iterations 6
time step continuity errors : sum local = 1.0023758e-07, global = -2.1558312e-18, cumulative = -1.2157022e-16
ExecutionTime = 2.68 s  ClockTime = 3 s

Time = 328

DILUPBiCGStab:  Solving for Ux, Initial residual = 0.00031197784, Final residual = 1.3743515e-06, No Iterations 1
DILUPBiCGStab:  Solving for Uy, Initial residual = 0.00040826295, Final residual = 1.8978439e-06, No Iterations 1
GAMG:  Solving for p, Initial residual = 0.00022873739, Final residual = 1.4508562e-06, No Iterations 6
time step continuity errors : sum local = 1.0323088e-07, global = 8.4217574e-18, cumulative = -1.1314846e-16
ExecutionTime = 2.69 s  ClockTime = 3 s

Time = 329

DILUPBiCGStab:  Solving for Ux, Initial residual = 0.00031051107, Final residual = 1.3666766e-06, No Iterations 1
DILUPBiCGStab:  Solving for Uy, Initial residual = 0.00040617376, Final residual = 1.8859449e-06, No Iterations 1
GAMG:  Solving for p, Initial residual = 0.00022763355, Final residual = 1.3694293e-06, No Iterations 6
time step continuity errors : sum local = 9.9452075e-08, global = -1.5000973e-17, cumulative = -1.2814943e-16
ExecutionTime = 2.7 s  ClockTime = 3 s

Time = 330

DILUPBiCGStab:  Solving for Ux, Initial residual = 0.00030905339, Final residual = 1.3589547e-06, No Iterations 1
DILUPBiCGStab:  Solving for Uy, Initial residual = 0.00040409788, Final residual = 1.8742061e-06, No Iterations 1
GAMG:  Solving for p, Initial residual = 0.00022634088, Final residual = 1.4389031e-06, No Iterations 6
time step continuity errors : sum local = 1.0238838e-07, global = -6.8802766e-18, cumulative = -1.3502971e-16
ExecutionTime = 2.7 s  ClockTime = 3 s

Time = 331

DILUPBiCGStab:  Solving for Ux, Initial residual = 0.00030760177, Final residual = 1.3513951e-06, No Iterations 1
DILUPBiCGStab:  Solving for Uy, Initial residual = 0.00040203975, Final residual = 1.8623772e-06, No Iterations 1
GAMG:  Solving for p, Initial residual = 0.00022524131, Final residual = 1.3584874e-06, No Iterations 6
time step continuity errors : sum local = 9.8677448e-08, global = -2.754254e-17, cumulative = -1.6257225e-16
ExecutionTime = 2.72 s  ClockTime = 3 s

Time = 332

DILUPBiCGStab:  Solving for Ux, Initial residual = 0.00030615989, Final residual = 1.3437705e-06, No Iterations 1
DILUPBiCGStab:  Solving for Uy, Initial residual = 0.00039999292, Final residual = 1.8507726e-06, No Iterations 1
GAMG:  Solving for p, Initial residual = 0.00022395791, Final residual = 1.427096e-06, No Iterations 6
time step continuity errors : sum local = 1.0155531e-07, global = -1.3935214e-18, cumulative = -1.6396577e-16
ExecutionTime = 2.73 s  ClockTime = 3 s

Time = 333

DILUPBiCGStab:  Solving for Ux, Initial residual = 0.00030472412, Final residual = 1.3363077e-06, No Iterations 1
DILUPBiCGStab:  Solving for Uy, Initial residual = 0.00039795991, Final residual = 1.8390939e-06, No Iterations 1
GAMG:  Solving for p, Initial residual = 0.00022287215, Final residual = 1.3476418e-06, No Iterations 6
time step continuity errors : sum local = 9.7910963e-08, global = -2.2556289e-18, cumulative = -1.662214e-16
ExecutionTime = 2.73 s  ClockTime = 3 s

Time = 334

DILUPBiCGStab:  Solving for Ux, Initial residual = 0.00030329739, Final residual = 1.3287859e-06, No Iterations 1
DILUPBiCGStab:  Solving for Uy, Initial residual = 0.00039593776, Final residual = 1.8276482e-06, No Iterations 1
GAMG:  Solving for p, Initial residual = 0.00022160957, Final residual = 1.4153714e-06, No Iterations 6
time step continuity errors : sum local = 1.0072781e-07, global = 1.268948e-18, cumulative = -1.6495245e-16
ExecutionTime = 2.74 s  ClockTime = 3 s

Time = 335

DILUPBiCGStab:  Solving for Ux, Initial residual = 0.0003018769, Final residual = 1.3214288e-06, No Iterations 1
DILUPBiCGStab:  Solving for Uy, Initial residual = 0.00039392939, Final residual = 1.8161504e-06, No Iterations 1
GAMG:  Solving for p, Initial residual = 0.00022054171, Final residual = 1.3368734e-06, No Iterations 6
time step continuity errors : sum local = 9.7148191e-08, global = 4.205234e-18, cumulative = -1.6074722e-16
ExecutionTime = 2.75 s  ClockTime = 3 s

Time = 336

DILUPBiCGStab:  Solving for Ux, Initial residual = 0.00030046524, Final residual = 1.3140141e-06, No Iterations 1
DILUPBiCGStab:  Solving for Uy, Initial residual = 0.00039193354, Final residual = 1.8048893e-06, No Iterations 1
GAMG:  Solving for p, Initial residual = 0.0002193008, Final residual = 1.4036429e-06, No Iterations 6
time step continuity errors : sum local = 9.9896826e-08, global = -1.916412e-20, cumulative = -1.6076638e-16
ExecutionTime = 2.76 s  ClockTime = 3 s

Time = 337

DILUPBiCGStab:  Solving for Ux, Initial residual = 0.00029905936, Final residual = 1.3067591e-06, No Iterations 1
DILUPBiCGStab:  Solving for Uy, Initial residual = 0.00038995464, Final residual = 1.7935703e-06, No Iterations 1
GAMG:  Solving for p, Initial residual = 0.00021824894, Final residual = 1.3262923e-06, No Iterations 6
time step continuity errors : sum local = 9.6398662e-08, global = 9.8546063e-18, cumulative = -1.5091178e-16
ExecutionTime = 2.76 s  ClockTime = 3 s

Time = 338

DILUPBiCGStab:  Solving for Ux, Initial residual = 0.00029766508, Final residual = 1.2994124e-06, No Iterations 1
DILUPBiCGStab:  Solving for Uy, Initial residual = 0.00038798777, Final residual = 1.7824818e-06, No Iterations 1
GAMG:  Solving for p, Initial residual = 0.00021701136, Final residual = 1.3920853e-06, No Iterations 6
time step continuity errors : sum local = 9.9080443e-08, global = 3.6063487e-18, cumulative = -1.4730543e-16
ExecutionTime = 2.77 s  ClockTime = 3 s

Time = 339

DILUPBiCGStab:  Solving for Ux, Initial residual = 0.00029628379, Final residual = 1.2922449e-06, No Iterations 1
DILUPBiCGStab:  Solving for Uy, Initial residual = 0.00038603481, Final residual = 1.7713311e-06, No Iterations 1
GAMG:  Solving for p, Initial residual = 0.00021595427, Final residual = 1.3822514e-06, No Iterations 6
time step continuity errors : sum local = 9.8341254e-08, global = -1.005174e-17, cumulative = -1.5735717e-16
ExecutionTime = 2.78 s  ClockTime = 3 s

Time = 340

DILUPBiCGStab:  Solving for Ux, Initial residual = 0.00029491172, Final residual = 1.2850562e-06, No Iterations 1
DILUPBiCGStab:  Solving for Uy, Initial residual = 0.00038409326, Final residual = 1.7603488e-06, No Iterations 1
GAMG:  Solving for p, Initial residual = 0.00021481081, Final residual = 1.3764564e-06, No Iterations 6
time step continuity errors : sum local = 9.7931889e-08, global = -7.1535771e-18, cumulative = -1.6451074e-16
ExecutionTime = 2.79 s  ClockTime = 3 s

Time = 341

DILUPBiCGStab:  Solving for Ux, Initial residual = 0.0002935473, Final residual = 1.2779431e-06, No Iterations 1
DILUPBiCGStab:  Solving for Uy, Initial residual = 0.00038216341, Final residual = 1.7494461e-06, No Iterations 1
GAMG:  Solving for p, Initial residual = 0.00021368743, Final residual = 1.3708572e-06, No Iterations 6
time step continuity errors : sum local = 9.7539193e-08, global = -1.7035427e-17, cumulative = -1.8154617e-16
ExecutionTime = 2.8 s  ClockTime = 3 s

Time = 342

DILUPBiCGStab:  Solving for Ux, Initial residual = 0.00029218988, Final residual = 1.270888e-06, No Iterations 1
DILUPBiCGStab:  Solving for Uy, Initial residual = 0.00038024628, Final residual = 1.7385894e-06, No Iterations 1
GAMG:  Solving for p, Initial residual = 0.00021258763, Final residual = 1.365105e-06, No Iterations 6
time step continuity errors : sum local = 9.713369e-08, global = 8.0961791e-19, cumulative = -1.8073655e-16
ExecutionTime = 2.81 s  ClockTime = 3 s

Time = 343

DILUPBiCGStab:  Solving for Ux, Initial residual = 0.00029083976, Final residual = 1.2638332e-06, No Iterations 1
DILUPBiCGStab:  Solving for Uy, Initial residual = 0.00037833992, Final residual = 1.7278323e-06, No Iterations 1
GAMG:  Solving for p, Initial residual = 0.00021149495, Final residual = 1.3593337e-06, No Iterations 6
time step continuity errors : sum local = 9.6726294e-08, global = -1.5218026e-17, cumulative = -1.9595458e-16
ExecutionTime = 2.81 s  ClockTime = 3 s

Time = 344

DILUPBiCGStab:  Solving for Ux, Initial residual = 0.00028949653, Final residual = 1.2566864e-06, No Iterations 1
DILUPBiCGStab:  Solving for Uy, Initial residual = 0.00037644509, Final residual = 1.7171608e-06, No Iterations 1
GAMG:  Solving for p, Initial residual = 0.00021041037, Final residual = 1.3535666e-06, No Iterations 6
time step continuity errors : sum local = 9.6319284e-08, global = -6.3037846e-18, cumulative = -2.0225836e-16
ExecutionTime = 2.83 s  ClockTime = 3 s

Time = 345

DILUPBiCGStab:  Solving for Ux, Initial residual = 0.00028816076, Final residual = 1.2497019e-06, No Iterations 1
DILUPBiCGStab:  Solving for Uy, Initial residual = 0.00037456157, Final residual = 1.7066007e-06, No Iterations 1
GAMG:  Solving for p, Initial residual = 0.00020938978, Final residual = 1.3477479e-06, No Iterations 6
time step continuity errors : sum local = 9.5908879e-08, global = -2.9117022e-18, cumulative = -2.0517007e-16
ExecutionTime = 2.83 s  ClockTime = 3 s

Time = 346

DILUPBiCGStab:  Solving for Ux, Initial residual = 0.00028683173, Final residual = 1.2428089e-06, No Iterations 1
DILUPBiCGStab:  Solving for Uy, Initial residual = 0.00037268978, Final residual = 1.6970084e-06, No Iterations 1
GAMG:  Solving for p, Initial residual = 0.00020858168, Final residual = 1.3419103e-06, No Iterations 6
time step continuity errors : sum local = 9.5497549e-08, global = 1.8143512e-17, cumulative = -1.8702655e-16
ExecutionTime = 2.84 s  ClockTime = 3 s

Time = 347

DILUPBiCGStab:  Solving for Ux, Initial residual = 0.0002855095, Final residual = 1.2359738e-06, No Iterations 1
DILUPBiCGStab:  Solving for Uy, Initial residual = 0.00037082946, Final residual = 1.687023e-06, No Iterations 1
GAMG:  Solving for p, Initial residual = 0.00020766247, Final residual = 1.3361067e-06, No Iterations 6
time step continuity errors : sum local = 9.5088886e-08, global = -1.2509168e-17, cumulative = -1.9953572e-16
ExecutionTime = 2.85 s  ClockTime = 3 s

Time = 348

DILUPBiCGStab:  Solving for Ux, Initial residual = 0.00028419469, Final residual = 1.2292452e-06, No Iterations 1
DILUPBiCGStab:  Solving for Uy, Initial residual = 0.00036898042, Final residual = 1.6759596e-06, No Iterations 1
GAMG:  Solving for p, Initial residual = 0.00020649961, Final residual = 1.3303799e-06, No Iterations 6
time step continuity errors : sum local = 9.4685285e-08, global = -1.1712871e-17, cumulative = -2.1124859e-16
ExecutionTime = 2.86 s  ClockTime = 3 s

Time = 349

DILUPBiCGStab:  Solving for Ux, Initial residual = 0.00028288613, Final residual = 1.2225302e-06, No Iterations 1
DILUPBiCGStab:  Solving for Uy, Initial residual = 0.00036714251, Final residual = 1.6651412e-06, No Iterations 1
GAMG:  Solving for p, Initial residual = 0.00020536493, Final residual = 1.3247486e-06, No Iterations 6
time step continuity errors : sum local = 9.4287702e-08, global = -1.942682e-17, cumulative = -2.3067541e-16
ExecutionTime = 2.87 s  ClockTime = 3 s

Time = 350

DILUPBiCGStab:  Solving for Ux, Initial residual = 0.00028158407, Final residual = 1.2158367e-06, No Iterations 1
DILUPBiCGStab:  Solving for Uy, Initial residual = 0.00036531517, Final residual = 1.6549078e-06, No Iterations 1
GAMG:  Solving for p, Initial residual = 0.00020426239, Final residual = 1.319181e-06, No Iterations 6
time step continuity errors : sum local = 9.389426e-08, global = 1.3743315e-17, cumulative = -2.169321e-16
ExecutionTime = 2.87 s  ClockTime = 3 s

Time = 351

DILUPBiCGStab:  Solving for Ux, Initial residual = 0.00028028877, Final residual = 1.2091972e-06, No Iterations 1
DILUPBiCGStab:  Solving for Uy, Initial residual = 0.0003634982, Final residual = 1.6448313e-06, No Iterations 1
GAMG:  Solving for p, Initial residual = 0.00020319634, Final residual = 1.313636e-06, No Iterations 6
time step continuity errors : sum local = 9.3502459e-08, global = 6.7490394e-18, cumulative = -2.1018306e-16
ExecutionTime = 2.88 s  ClockTime = 3 s

Time = 352

DILUPBiCGStab:  Solving for Ux, Initial residual = 0.0002789998, Final residual = 1.2025998e-06, No Iterations 1
DILUPBiCGStab:  Solving for Uy, Initial residual = 0.00036169255, Final residual = 1.6349726e-06, No Iterations 1
GAMG:  Solving for p, Initial residual = 0.0002021654, Final residual = 1.3080761e-06, No Iterations 6
time step continuity errors : sum local = 9.311012e-08, global = 1.5411559e-17, cumulative = -1.947715e-16
ExecutionTime = 2.89 s  ClockTime = 3 s

Time = 353

DILUPBiCGStab:  Solving for Ux, Initial residual = 0.00027771688, Final residual = 1.1960419e-06, No Iterations 1
DILUPBiCGStab:  Solving for Uy, Initial residual = 0.00035989872, Final residual = 1.6252143e-06, No Iterations 1
GAMG:  Solving for p, Initial residual = 0.00020114893, Final residual = 1.3025292e-06, No Iterations 6
time step continuity errors : sum local = 9.2718774e-08, global = 7.7085027e-18, cumulative = -1.87063e-16
ExecutionTime = 2.9 s  ClockTime = 3 s

Time = 354

DILUPBiCGStab:  Solving for Ux, Initial residual = 0.00027644011, Final residual = 1.1895428e-06, No Iterations 1
DILUPBiCGStab:  Solving for Uy, Initial residual = 0.00035811515, Final residual = 1.6153946e-06, No Iterations 1
GAMG:  Solving for p, Initial residual = 0.00020014426, Final residual = 1.2970106e-06, No Iterations 6
time step continuity errors : sum local = 9.2329282e-08, global = 7.1665406e-18, cumulative = -1.7989646e-16
ExecutionTime = 2.91 s  ClockTime = 3 s

Time = 355

DILUPBiCGStab:  Solving for Ux, Initial residual = 0.00027517042, Final residual = 1.183095e-06, No Iterations 1
DILUPBiCGStab:  Solving for Uy, Initial residual = 0.00035634251, Final residual = 1.6056027e-06, No Iterations 1
GAMG:  Solving for p, Initial residual = 0.00019915657, Final residual = 1.2914989e-06, No Iterations 6
time step continuity errors : sum local = 9.1940135e-08, global = 6.9901129e-18, cumulative = -1.7290634e-16
ExecutionTime = 2.92 s  ClockTime = 3 s

Time = 356

DILUPBiCGStab:  Solving for Ux, Initial residual = 0.00027390716, Final residual = 1.1766888e-06, No Iterations 1
DILUPBiCGStab:  Solving for Uy, Initial residual = 0.00035458128, Final residual = 1.5958714e-06, No Iterations 1
GAMG:  Solving for p, Initial residual = 0.0001981922, Final residual = 1.2859984e-06, No Iterations 6
time step continuity errors : sum local = 9.1551724e-08, global = 1.5957154e-17, cumulative = -1.5694919e-16
ExecutionTime = 2.93 s  ClockTime = 3 s

Time = 357

DILUPBiCGStab:  Solving for Ux, Initial residual = 0.00027264993, Final residual = 1.1703372e-06, No Iterations 1
DILUPBiCGStab:  Solving for Uy, Initial residual = 0.00035283134, Final residual = 1.5862024e-06, No Iterations 1
GAMG:  Solving for p, Initial residual = 0.00019724209, Final residual = 1.2805113e-06, No Iterations 6
time step continuity errors : sum local = 9.1164224e-08, global = -7.9181037e-19, cumulative = -1.57741e-16
ExecutionTime = 2.93 s  ClockTime = 3 s

Time = 358

DILUPBiCGStab:  Solving for Ux, Initial residual = 0.00027139867, Final residual = 1.1640202e-06, No Iterations 1
DILUPBiCGStab:  Solving for Uy, Initial residual = 0.00035109516, Final residual = 1.5765978e-06, No Iterations 1
GAMG:  Solving for p, Initial residual = 0.00019630012, Final residual = 1.2750374e-06, No Iterations 6
time step continuity errors : sum local = 9.0777628e-08, global = 1.3791258e-17, cumulative = -1.4394974e-16
ExecutionTime = 2.94 s  ClockTime = 3 s

Time = 359

DILUPBiCGStab:  Solving for Ux, Initial residual = 0.00027015337, Final residual = 1.1577394e-06, No Iterations 1
DILUPBiCGStab:  Solving for Uy, Initial residual = 0.00034937288, Final residual = 1.5670607e-06, No Iterations 1
GAMG:  Solving for p, Initial residual = 0.00019535884, Final residual = 1.2695683e-06, No Iterations 6
time step continuity errors : sum local = 9.039137e-08, global = -3.5516356e-18, cumulative = -1.4750138e-16
ExecutionTime = 2.95 s  ClockTime = 3 s

Time = 360

DILUPBiCGStab:  Solving for Ux, Initial residual = 0.00026891447, Final residual = 1.1514991e-06, No Iterations 1
DILUPBiCGStab:  Solving for Uy, Initial residual = 0.00034766225, Final residual = 1.5575934e-06, No Iterations 1
GAMG:  Solving for p, Initial residual = 0.00019441898, Final residual = 1.2641078e-06, No Iterations 6
time step continuity errors : sum local = 9.0005742e-08, global = -6.6831098e-18, cumulative = -1.5418449e-16
ExecutionTime = 2.95 s  ClockTime = 3 s

Time = 361

DILUPBiCGStab:  Solving for Ux, Initial residual = 0.00026768159, Final residual = 1.1453131e-06, No Iterations 1
DILUPBiCGStab:  Solving for Uy, Initial residual = 0.00034596189, Final residual = 1.5481976e-06, No Iterations 1
GAMG:  Solving for p, Initial residual = 0.00019347689, Final residual = 1.2586694e-06, No Iterations 6
time step continuity errors : sum local = 8.962171e-08, global = -1.795506e-17, cumulative = -1.7213955e-16
ExecutionTime = 2.96 s  ClockTime = 3 s

Time = 362

DILUPBiCGStab:  Solving for Ux, Initial residual = 0.0002664544, Final residual = 1.139211e-06, No Iterations 1
DILUPBiCGStab:  Solving for Uy, Initial residual = 0.00034427125, Final residual = 1.53888e-06, No Iterations 1
GAMG:  Solving for p, Initial residual = 0.0001925433, Final residual = 1.2532429e-06, No Iterations 6
time step continuity errors : sum local = 8.9238476e-08, global = -5.6147961e-18, cumulative = -1.7775434e-16
ExecutionTime = 2.97 s  ClockTime = 3 s

Time = 363

DILUPBiCGStab:  Solving for Ux, Initial residual = 0.00026523343, Final residual = 1.1329979e-06, No Iterations 1
DILUPBiCGStab:  Solving for Uy, Initial residual = 0.00034259029, Final residual = 1.5296344e-06, No Iterations 1
GAMG:  Solving for p, Initial residual = 0.00019150137, Final residual = 1.2478848e-06, No Iterations 6
time step continuity errors : sum local = 8.8859908e-08, global = -2.8877735e-18, cumulative = -1.8064212e-16
ExecutionTime = 2.98 s  ClockTime = 3 s

Time = 364

DILUPBiCGStab:  Solving for Ux, Initial residual = 0.0002640183, Final residual = 1.1269226e-06, No Iterations 1
DILUPBiCGStab:  Solving for Uy, Initial residual = 0.00034091902, Final residual = 1.52046e-06, No Iterations 1
GAMG:  Solving for p, Initial residual = 0.00019041986, Final residual = 1.2425245e-06, No Iterations 6
time step continuity errors : sum local = 8.8481196e-08, global = 5.4959071e-18, cumulative = -1.7514621e-16
ExecutionTime = 2.99 s  ClockTime = 3 s

Time = 365

DILUPBiCGStab:  Solving for Ux, Initial residual = 0.0002628089, Final residual = 1.1208896e-06, No Iterations 1
DILUPBiCGStab:  Solving for Uy, Initial residual = 0.00033925708, Final residual = 1.511354e-06, No Iterations 1
GAMG:  Solving for p, Initial residual = 0.00018937165, Final residual = 1.2371265e-06, No Iterations 6
time step continuity errors : sum local = 8.8099916e-08, global = -3.9006661e-18, cumulative = -1.7904688e-16
ExecutionTime = 3 s  ClockTime = 3 s

Time = 366

DILUPBiCGStab:  Solving for Ux, Initial residual = 0.00026160558, Final residual = 1.1148928e-06, No Iterations 1
DILUPBiCGStab:  Solving for Uy, Initial residual = 0.00033760413, Final residual = 1.5023136e-06, No Iterations 1
GAMG:  Solving for p, Initial residual = 0.00018837677, Final residual = 1.2317082e-06, No Iterations 6
time step continuity errors : sum local = 8.7717293e-08, global = 1.6914441e-17, cumulative = -1.6213244e-16
ExecutionTime = 3 s  ClockTime = 3 s

Time = 367

DILUPBiCGStab:  Solving for Ux, Initial residual = 0.00026040892, Final residual = 1.1089335e-06, No Iterations 1
DILUPBiCGStab:  Solving for Uy, Initial residual = 0.0003359607, Final residual = 1.4933417e-06, No Iterations 1
GAMG:  Solving for p, Initial residual = 0.00018738138, Final residual = 1.2262856e-06, No Iterations 6
time step continuity errors : sum local = 8.7334409e-08, global = -1.2240235e-17, cumulative = -1.7437267e-16
ExecutionTime = 3.01 s  ClockTime = 3 s

Time = 368

DILUPBiCGStab:  Solving for Ux, Initial residual = 0.00025921813, Final residual = 1.1030233e-06, No Iterations 1
DILUPBiCGStab:  Solving for Uy, Initial residual = 0.00033432599, Final residual = 1.4844428e-06, No Iterations 1
GAMG:  Solving for p, Initial residual = 0.00018633641, Final residual = 1.2207687e-06, No Iterations 6
time step continuity errors : sum local = 8.694502e-08, global = -2.7486616e-18, cumulative = -1.7712133e-16
ExecutionTime = 3.02 s  ClockTime = 3 s

Time = 369

DILUPBiCGStab:  Solving for Ux, Initial residual = 0.00025803294, Final residual = 1.0971558e-06, No Iterations 1
DILUPBiCGStab:  Solving for Uy, Initial residual = 0.00033270046, Final residual = 1.4756098e-06, No Iterations 1
GAMG:  Solving for p, Initial residual = 0.00018528666, Final residual = 1.2152311e-06, No Iterations 6
time step continuity errors : sum local = 8.6554215e-08, global = 8.1129014e-18, cumulative = -1.6900843e-16
ExecutionTime = 3.03 s  ClockTime = 3 s

Time = 370

DILUPBiCGStab:  Solving for Ux, Initial residual = 0.00025685324, Final residual = 1.091326e-06, No Iterations 1
DILUPBiCGStab:  Solving for Uy, Initial residual = 0.0003310844, Final residual = 1.4668462e-06, No Iterations 1
GAMG:  Solving for p, Initial residual = 0.00018426981, Final residual = 1.2097433e-06, No Iterations 6
time step continuity errors : sum local = 8.6166919e-08, global = 3.2670173e-17, cumulative = -1.3633826e-16
ExecutionTime = 3.04 s  ClockTime = 3 s

Time = 371

DILUPBiCGStab:  Solving for Ux, Initial residual = 0.00025567904, Final residual = 1.0855343e-06, No Iterations 1
DILUPBiCGStab:  Solving for Uy, Initial residual = 0.00032947718, Final residual = 1.4581506e-06, No Iterations 1
GAMG:  Solving for p, Initial residual = 0.00018328416, Final residual = 1.2043081e-06, No Iterations 6
time step continuity errors : sum local = 8.5783272e-08, global = -9.117231e-18, cumulative = -1.4545549e-16
ExecutionTime = 3.05 s  ClockTime = 3 s

Time = 372

DILUPBiCGStab:  Solving for Ux, Initial residual = 0.00025451054, Final residual = 1.0797775e-06, No Iterations 1
DILUPBiCGStab:  Solving for Uy, Initial residual = 0.00032787902, Final residual = 1.4495149e-06, No Iterations 1
GAMG:  Solving for p, Initial residual = 0.00018232677, Final residual = 1.1989033e-06, No Iterations 6
time step continuity errors : sum local = 8.5401721e-08, global = 8.4655914e-18, cumulative = -1.369899e-16
ExecutionTime = 3.06 s  ClockTime = 3 s

Time = 373

DILUPBiCGStab:  Solving for Ux, Initial residual = 0.00025334762, Final residual = 1.0740575e-06, No Iterations 1
DILUPBiCGStab:  Solving for Uy, Initial residual = 0.00032628966, Final residual = 1.4409358e-06, No Iterations 1
GAMG:  Solving for p, Initial residual = 0.00018140254, Final residual = 1.1935291e-06, No Iterations 6
time step continuity errors : sum local = 8.5022314e-08, global = 1.8894274e-17, cumulative = -1.1809562e-16
ExecutionTime = 3.06 s  ClockTime = 3 s

Time = 374

DILUPBiCGStab:  Solving for Ux, Initial residual = 0.00025219017, Final residual = 1.0683741e-06, No Iterations 1
DILUPBiCGStab:  Solving for Uy, Initial residual = 0.00032470873, Final residual = 1.4324186e-06, No Iterations 1
GAMG:  Solving for p, Initial residual = 0.00018048982, Final residual = 1.1881802e-06, No Iterations 6
time step continuity errors : sum local = 8.464473e-08, global = -1.4361947e-17, cumulative = -1.3245757e-16
ExecutionTime = 3.07 s  ClockTime = 3 s

Time = 375

DILUPBiCGStab:  Solving for Ux, Initial residual = 0.00025103803, Final residual = 1.062966e-06, No Iterations 1
DILUPBiCGStab:  Solving for Uy, Initial residual = 0.0003231372, Final residual = 1.4239802e-06, No Iterations 1
GAMG:  Solving for p, Initial residual = 0.00017968076, Final residual = 1.1828327e-06, No Iterations 6
time step continuity errors : sum local = 8.4267456e-08, global = -3.4532276e-18, cumulative = -1.359108e-16
ExecutionTime = 3.08 s  ClockTime = 3 s

Time = 376

DILUPBiCGStab:  Solving for Ux, Initial residual = 0.00024989172, Final residual = 1.0574922e-06, No Iterations 1
DILUPBiCGStab:  Solving for Uy, Initial residual = 0.00032157429, Final residual = 1.4156061e-06, No Iterations 1
GAMG:  Solving for p, Initial residual = 0.00017889856, Final residual = 1.1774781e-06, No Iterations 6
time step continuity errors : sum local = 8.3889782e-08, global = 1.1927455e-17, cumulative = -1.2398334e-16
ExecutionTime = 3.09 s  ClockTime = 3 s

Time = 377

DILUPBiCGStab:  Solving for Ux, Initial residual = 0.00024875089, Final residual = 1.051783e-06, No Iterations 1
DILUPBiCGStab:  Solving for Uy, Initial residual = 0.00032001956, Final residual = 1.4072808e-06, No Iterations 1
GAMG:  Solving for p, Initial residual = 0.00017807965, Final residual = 1.1721611e-06, No Iterations 6
time step continuity errors : sum local = 8.3514642e-08, global = 1.2555278e-17, cumulative = -1.1142806e-16
ExecutionTime = 3.1 s  ClockTime = 3 s

Time = 378

DILUPBiCGStab:  Solving for Ux, Initial residual = 0.0002476155, Final residual = 1.0461781e-06, No Iterations 1
DILUPBiCGStab:  Solving for Uy, Initial residual = 0.00031847364, Final residual = 1.3990128e-06, No Iterations 1
GAMG:  Solving for p, Initial residual = 0.000177292, Final residual = 1.1668866e-06, No Iterations 6
time step continuity errors : sum local = 8.3142342e-08, global = -1.1435712e-17, cumulative = -1.2286378e-16
ExecutionTime = 3.11 s  ClockTime = 3 s

Time = 379

DILUPBiCGStab:  Solving for Ux, Initial residual = 0.00024648554, Final residual = 1.0406482e-06, No Iterations 1
DILUPBiCGStab:  Solving for Uy, Initial residual = 0.00031693604, Final residual = 1.3908221e-06, No Iterations 1
GAMG:  Solving for p, Initial residual = 0.00017649338, Final residual = 1.161646e-06, No Iterations 6
time step continuity errors : sum local = 8.2772344e-08, global = 7.0090918e-18, cumulative = -1.1585468e-16
ExecutionTime = 3.12 s  ClockTime = 3 s

Time = 380

DILUPBiCGStab:  Solving for Ux, Initial residual = 0.00024536086, Final residual = 1.0352036e-06, No Iterations 1
DILUPBiCGStab:  Solving for Uy, Initial residual = 0.00031540729, Final residual = 1.382627e-06, No Iterations 1
GAMG:  Solving for p, Initial residual = 0.00017566159, Final residual = 1.1564517e-06, No Iterations 6
time step continuity errors : sum local = 8.2405554e-08, global = 1.5825692e-17, cumulative = -1.0002899e-16
ExecutionTime = 3.13 s  ClockTime = 3 s

Time = 381

DILUPBiCGStab:  Solving for Ux, Initial residual = 0.0002442417, Final residual = 1.02982e-06, No Iterations 1
DILUPBiCGStab:  Solving for Uy, Initial residual = 0.00031388924, Final residual = 1.3748608e-06, No Iterations 1
GAMG:  Solving for p, Initial residual = 0.00017481095, Final residual = 1.1513237e-06, No Iterations 6
time step continuity errors : sum local = 8.2043352e-08, global = -1.1744509e-18, cumulative = -1.0120344e-16
ExecutionTime = 3.14 s  ClockTime = 3 s

Time = 382

DILUPBiCGStab:  Solving for Ux, Initial residual = 0.00024312901, Final residual = 1.0244555e-06, No Iterations 1
DILUPBiCGStab:  Solving for Uy, Initial residual = 0.00031238015, Final residual = 1.3669513e-06, No Iterations 1
GAMG:  Solving for p, Initial residual = 0.00017398061, Final residual = 1.1461879e-06, No Iterations 6
time step continuity errors : sum local = 8.1680582e-08, global = 1.3860576e-17, cumulative = -8.7342867e-17
ExecutionTime = 3.14 s  ClockTime = 3 s

Time = 383

DILUPBiCGStab:  Solving for Ux, Initial residual = 0.0002420237, Final residual = 1.0191214e-06, No Iterations 1
DILUPBiCGStab:  Solving for Uy, Initial residual = 0.00031087987, Final residual = 1.3589946e-06, No Iterations 1
GAMG:  Solving for p, Initial residual = 0.00017317647, Final residual = 1.1410465e-06, No Iterations 6
time step continuity errors : sum local = 8.1317467e-08, global = -1.2085903e-18, cumulative = -8.8551457e-17
ExecutionTime = 3.15 s  ClockTime = 3 s

Time = 384

DILUPBiCGStab:  Solving for Ux, Initial residual = 0.00024092422, Final residual = 1.0138149e-06, No Iterations 1
DILUPBiCGStab:  Solving for Uy, Initial residual = 0.00030938921, Final residual = 1.3510535e-06, No Iterations 1
GAMG:  Solving for p, Initial residual = 0.00017236555, Final residual = 1.1359052e-06, No Iterations 6
time step continuity errors : sum local = 8.0954448e-08, global = -1.8349513e-17, cumulative = -1.0690097e-16
ExecutionTime = 3.16 s  ClockTime = 3 s

Time = 385

DILUPBiCGStab:  Solving for Ux, Initial residual = 0.00023983053, Final residual = 1.0085342e-06, No Iterations 1
DILUPBiCGStab:  Solving for Uy, Initial residual = 0.00030790677, Final residual = 1.343147e-06, No Iterations 1
GAMG:  Solving for p, Initial residual = 0.00017153499, Final residual = 1.1307688e-06, No Iterations 6
time step continuity errors : sum local = 8.0591849e-08, global = 9.1496565e-18, cumulative = -9.7751314e-17
ExecutionTime = 3.17 s  ClockTime = 3 s

Time = 386

DILUPBiCGStab:  Solving for Ux, Initial residual = 0.00023874241, Final residual = 1.0032914e-06, No Iterations 1
DILUPBiCGStab:  Solving for Uy, Initial residual = 0.00030643361, Final residual = 1.3352838e-06, No Iterations 1
GAMG:  Solving for p, Initial residual = 0.00017065789, Final residual = 1.1256354e-06, No Iterations 6
time step continuity errors : sum local = 8.0229521e-08, global = -3.2392115e-17, cumulative = -1.3014343e-16
ExecutionTime = 3.18 s  ClockTime = 3 s

Time = 387

DILUPBiCGStab:  Solving for Ux, Initial residual = 0.0002376599, Final residual = 9.9808394e-07, No Iterations 1
DILUPBiCGStab:  Solving for Uy, Initial residual = 0.00030496862, Final residual = 1.3274633e-06, No Iterations 1
GAMG:  Solving for p, Initial residual = 0.00016977005, Final residual = 1.1205042e-06, No Iterations 6
time step continuity errors : sum local = 7.9867386e-08, global = -1.3041277e-17, cumulative = -1.4318471e-16
ExecutionTime = 3.19 s  ClockTime = 3 s

Time = 388

DILUPBiCGStab:  Solving for Ux, Initial residual = 0.00023658262, Final residual = 9.9291374e-07, No Iterations 1
DILUPBiCGStab:  Solving for Uy, Initial residual = 0.00030351204, Final residual = 1.3197169e-06, No Iterations 1
GAMG:  Solving for p, Initial residual = 0.00016889452, Final residual = 1.1153989e-06, No Iterations 6
time step continuity errors : sum local = 7.9507106e-08, global = -1.3849346e-17, cumulative = -1.5703405e-16
ExecutionTime = 3.19 s  ClockTime = 3 s

Time = 389

DILUPBiCGStab:  Solving for Ux, Initial residual = 0.00023551087, Final residual = 9.877864e-07, No Iterations 1
DILUPBiCGStab:  Solving for Uy, Initial residual = 0.00030206413, Final residual = 1.3120384e-06, No Iterations 1
GAMG:  Solving for p, Initial residual = 0.00016802562, Final residual = 1.1103121e-06, No Iterations 6
time step continuity errors : sum local = 7.9148137e-08, global = -1.5943542e-18, cumulative = -1.5862841e-16
ExecutionTime = 3.2 s  ClockTime = 3 s

Time = 390

DILUPBiCGStab:  Solving for Ux, Initial residual = 0.00023444432, Final residual = 9.8259782e-07, No Iterations 1
DILUPBiCGStab:  Solving for Uy, Initial residual = 0.00030062464, Final residual = 1.3044124e-06, No Iterations 1
GAMG:  Solving for p, Initial residual = 0.00016710478, Final residual = 1.105247e-06, No Iterations 6
time step continuity errors : sum local = 7.879074e-08, global = -2.3102228e-18, cumulative = -1.6093863e-16
ExecutionTime = 3.21 s  ClockTime = 3 s

Time = 391

DILUPBiCGStab:  Solving for Ux, Initial residual = 0.00023338291, Final residual = 9.7739906e-07, No Iterations 1
DILUPBiCGStab:  Solving for Uy, Initial residual = 0.00029919447, Final residual = 1.2968418e-06, No Iterations 1
GAMG:  Solving for p, Initial residual = 0.00016613266, Final residual = 1.1001916e-06, No Iterations 6
time step continuity errors : sum local = 7.843409e-08, global = 1.1146424e-18, cumulative = -1.5982399e-16
ExecutionTime = 3.22 s  ClockTime = 3 s

Time = 392

DILUPBiCGStab:  Solving for Ux, Initial residual = 0.00023232658, Final residual = 9.7229865e-07, No Iterations 1
DILUPBiCGStab:  Solving for Uy, Initial residual = 0.00029777241, Final residual = 1.2893334e-06, No Iterations 1
GAMG:  Solving for p, Initial residual = 0.00016524734, Final residual = 1.0951689e-06, No Iterations 6
time step continuity errors : sum local = 7.8079773e-08, global = -2.0797471e-17, cumulative = -1.8062146e-16
ExecutionTime = 3.22 s  ClockTime = 3 s

Time = 393

DILUPBiCGStab:  Solving for Ux, Initial residual = 0.00023127598, Final residual = 9.6724868e-07, No Iterations 1
DILUPBiCGStab:  Solving for Uy, Initial residual = 0.0002963575, Final residual = 1.2818793e-06, No Iterations 1
GAMG:  Solving for p, Initial residual = 0.00016440135, Final residual = 1.0901773e-06, No Iterations 6
time step continuity errors : sum local = 7.7727653e-08, global = 9.8319349e-18, cumulative = -1.7078952e-16
ExecutionTime = 3.23 s  ClockTime = 3 s

Time = 394

DILUPBiCGStab:  Solving for Ux, Initial residual = 0.00023023027, Final residual = 9.6223292e-07, No Iterations 1
DILUPBiCGStab:  Solving for Uy, Initial residual = 0.00029494991, Final residual = 1.274476e-06, No Iterations 1
GAMG:  Solving for p, Initial residual = 0.00016357281, Final residual = 1.085209e-06, No Iterations 6
time step continuity errors : sum local = 7.7377155e-08, global = -1.5761086e-17, cumulative = -1.8655061e-16
ExecutionTime = 3.24 s  ClockTime = 3 s

Time = 395

DILUPBiCGStab:  Solving for Ux, Initial residual = 0.00022918956, Final residual = 9.5724898e-07, No Iterations 1
DILUPBiCGStab:  Solving for Uy, Initial residual = 0.0002935498, Final residual = 1.2671261e-06, No Iterations 1
GAMG:  Solving for p, Initial residual = 0.00016275679, Final residual = 1.0802579e-06, No Iterations 6
time step continuity errors : sum local = 7.7027859e-08, global = 1.0711784e-17, cumulative = -1.7583882e-16
ExecutionTime = 3.25 s  ClockTime = 3 s

Time = 396

DILUPBiCGStab:  Solving for Ux, Initial residual = 0.00022815378, Final residual = 9.5229682e-07, No Iterations 1
DILUPBiCGStab:  Solving for Uy, Initial residual = 0.00029215671, Final residual = 1.2598431e-06, No Iterations 1
GAMG:  Solving for p, Initial residual = 0.00016194651, Final residual = 1.0753269e-06, No Iterations 6
time step continuity errors : sum local = 7.6679979e-08, global = -3.1583145e-18, cumulative = -1.7899714e-16
ExecutionTime = 3.26 s  ClockTime = 3 s

Time = 397

DILUPBiCGStab:  Solving for Ux, Initial residual = 0.00022712305, Final residual = 9.473785e-07, No Iterations 1
DILUPBiCGStab:  Solving for Uy, Initial residual = 0.00029077076, Final residual = 1.2526248e-06, No Iterations 1
GAMG:  Solving for p, Initial residual = 0.00016114318, Final residual = 1.0704158e-06, No Iterations 6
time step continuity errors : sum local = 7.633347e-08, global = 1.1998662e-17, cumulative = -1.6699848e-16
ExecutionTime = 3.27 s  ClockTime = 3 s

Time = 398

DILUPBiCGStab:  Solving for Ux, Initial residual = 0.00022609765, Final residual = 9.4248701e-07, No Iterations 1
DILUPBiCGStab:  Solving for Uy, Initial residual = 0.00028939238, Final residual = 1.2454538e-06, No Iterations 1
GAMG:  Solving for p, Initial residual = 0.00016034725, Final residual = 1.0655154e-06, No Iterations 6
time step continuity errors : sum local = 7.5987711e-08, global = -2.3955647e-18, cumulative = -1.6939404e-16
ExecutionTime = 3.27 s  ClockTime = 3 s

Time = 399

DILUPBiCGStab:  Solving for Ux, Initial residual = 0.00022507719, Final residual = 9.376232e-07, No Iterations 1
DILUPBiCGStab:  Solving for Uy, Initial residual = 0.00028802099, Final residual = 1.2383362e-06, No Iterations 1
GAMG:  Solving for p, Initial residual = 0.00015956188, Final residual = 1.0606316e-06, No Iterations 6
time step continuity errors : sum local = 7.5643095e-08, global = 6.1303381e-18, cumulative = -1.632637e-16
ExecutionTime = 3.28 s  ClockTime = 3 s

Time = 400

DILUPBiCGStab:  Solving for Ux, Initial residual = 0.0002240617, Final residual = 9.3278741e-07, No Iterations 1
DILUPBiCGStab:  Solving for Uy, Initial residual = 0.00028665653, Final residual = 1.2312712e-06, No Iterations 1
GAMG:  Solving for p, Initial residual = 0.00015879089, Final residual = 1.0557663e-06, No Iterations 6
time step continuity errors : sum local = 7.5299738e-08, global = -1.2897142e-17, cumulative = -1.7616085e-16
ExecutionTime = 3.29 s  ClockTime = 3 s

Time = 401

DILUPBiCGStab:  Solving for Ux, Initial residual = 0.0002230509, Final residual = 9.2798008e-07, No Iterations 1
DILUPBiCGStab:  Solving for Uy, Initial residual = 0.00028529907, Final residual = 1.2242539e-06, No Iterations 1
GAMG:  Solving for p, Initial residual = 0.00015802478, Final residual = 1.0510886e-06, No Iterations 6
time step continuity errors : sum local = 7.497172e-08, global = 7.7337748e-18, cumulative = -1.6842707e-16
ExecutionTime = 3.3 s  ClockTime = 3 s

Time = 402

DILUPBiCGStab:  Solving for Ux, Initial residual = 0.00022204453, Final residual = 9.2321324e-07, No Iterations 1
DILUPBiCGStab:  Solving for Uy, Initial residual = 0.00028394897, Final residual = 1.2173351e-06, No Iterations 1
GAMG:  Solving for p, Initial residual = 0.00015726354, Final residual = 1.0462629e-06, No Iterations 6
time step continuity errors : sum local = 7.4631306e-08, global = 2.3822802e-19, cumulative = -1.6818884e-16
ExecutionTime = 3.31 s  ClockTime = 3 s

Time = 403

DILUPBiCGStab:  Solving for Ux, Initial residual = 0.0002210433, Final residual = 9.1847157e-07, No Iterations 1
DILUPBiCGStab:  Solving for Uy, Initial residual = 0.00028260561, Final residual = 1.2104757e-06, No Iterations 1
GAMG:  Solving for p, Initial residual = 0.00015650859, Final residual = 1.0414584e-06, No Iterations 6
time step continuity errors : sum local = 7.4292272e-08, global = 1.3044241e-17, cumulative = -1.551446e-16
ExecutionTime = 3.32 s  ClockTime = 3 s

Time = 404

DILUPBiCGStab:  Solving for Ux, Initial residual = 0.00022004699, Final residual = 9.1375464e-07, No Iterations 1
DILUPBiCGStab:  Solving for Uy, Initial residual = 0.00028126909, Final residual = 1.2036273e-06, No Iterations 1
GAMG:  Solving for p, Initial residual = 0.00015575974, Final residual = 1.0366818e-06, No Iterations 6
time step continuity errors : sum local = 7.3955073e-08, global = -5.714885e-18, cumulative = -1.6085949e-16
ExecutionTime = 3.32 s  ClockTime = 3 s

Time = 405

DILUPBiCGStab:  Solving for Ux, Initial residual = 0.00021905547, Final residual = 9.0906336e-07, No Iterations 1
DILUPBiCGStab:  Solving for Uy, Initial residual = 0.00027993945, Final residual = 1.196811e-06, No Iterations 1
GAMG:  Solving for p, Initial residual = 0.00015501119, Final residual = 1.0319179e-06, No Iterations 6
time step continuity errors : sum local = 7.3618733e-08, global = 7.2074563e-18, cumulative = -1.5365203e-16
ExecutionTime = 3.33 s  ClockTime = 3 s

Time = 406

DILUPBiCGStab:  Solving for Ux, Initial residual = 0.00021806881, Final residual = 9.0440298e-07, No Iterations 1
DILUPBiCGStab:  Solving for Uy, Initial residual = 0.00027861735, Final residual = 1.190037e-06, No Iterations 1
GAMG:  Solving for p, Initial residual = 0.00015426839, Final residual = 1.0271832e-06, No Iterations 6
time step continuity errors : sum local = 7.3284439e-08, global = -9.8978579e-18, cumulative = -1.6354989e-16
ExecutionTime = 3.34 s  ClockTime = 3 s

Time = 407

DILUPBiCGStab:  Solving for Ux, Initial residual = 0.00021708665, Final residual = 8.9976913e-07, No Iterations 1
DILUPBiCGStab:  Solving for Uy, Initial residual = 0.00027730279, Final residual = 1.1833066e-06, No Iterations 1
GAMG:  Solving for p, Initial residual = 0.00015353001, Final residual = 1.0224656e-06, No Iterations 6
time step continuity errors : sum local = 7.2951383e-08, global = -5.4980545e-18, cumulative = -1.6904794e-16
ExecutionTime = 3.35 s  ClockTime = 3 s

Time = 408

DILUPBiCGStab:  Solving for Ux, Initial residual = 0.00021610942, Final residual = 8.9516179e-07, No Iterations 1
DILUPBiCGStab:  Solving for Uy, Initial residual = 0.00027599552, Final residual = 1.1766192e-06, No Iterations 1
GAMG:  Solving for p, Initial residual = 0.00015279605, Final residual = 1.0177638e-06, No Iterations 6
time step continuity errors : sum local = 7.2619477e-08, global = 1.5053638e-17, cumulative = -1.539943e-16
ExecutionTime = 3.36 s  ClockTime = 3 s

Time = 409

DILUPBiCGStab:  Solving for Ux, Initial residual = 0.00021513655, Final residual = 8.9058253e-07, No Iterations 1
DILUPBiCGStab:  Solving for Uy, Initial residual = 0.00027469523, Final residual = 1.1699763e-06, No Iterations 1
GAMG:  Solving for p, Initial residual = 0.00015206715, Final residual = 1.0130768e-06, No Iterations 6
time step continuity errors : sum local = 7.2288609e-08, global = -1.4917259e-17, cumulative = -1.6891156e-16
ExecutionTime = 3.37 s  ClockTime = 3 s

Time = 410

DILUPBiCGStab:  Solving for Ux, Initial residual = 0.0002141682, Final residual = 8.860397e-07, No Iterations 1
DILUPBiCGStab:  Solving for Uy, Initial residual = 0.00027340235, Final residual = 1.1633793e-06, No Iterations 1
GAMG:  Solving for p, Initial residual = 0.00015134364, Final residual = 1.0084081e-06, No Iterations 6
time step continuity errors : sum local = 7.1959034e-08, global = 5.6470198e-18, cumulative = -1.6326454e-16
ExecutionTime = 3.37 s  ClockTime = 4 s

Time = 411

DILUPBiCGStab:  Solving for Ux, Initial residual = 0.0002132044, Final residual = 8.8154232e-07, No Iterations 1
DILUPBiCGStab:  Solving for Uy, Initial residual = 0.00027211635, Final residual = 1.1568287e-06, No Iterations 1
GAMG:  Solving for p, Initial residual = 0.00015062572, Final residual = 1.0037614e-06, No Iterations 6
time step continuity errors : sum local = 7.1630959e-08, global = 1.8439957e-17, cumulative = -1.4482459e-16
ExecutionTime = 3.38 s  ClockTime = 4 s

Time = 412

DILUPBiCGStab:  Solving for Ux, Initial residual = 0.00021224495, Final residual = 8.7704946e-07, No Iterations 1
DILUPBiCGStab:  Solving for Uy, Initial residual = 0.00027083733, Final residual = 1.1503213e-06, No Iterations 1
GAMG:  Solving for p, Initial residual = 0.00014991231, Final residual = 9.9913938e-07, No Iterations 6
time step continuity errors : sum local = 7.1304606e-08, global = 1.314883e-18, cumulative = -1.435097e-16
ExecutionTime = 3.4 s  ClockTime = 4 s

Time = 413

DILUPBiCGStab:  Solving for Ux, Initial residual = 0.00021128981, Final residual = 8.7257645e-07, No Iterations 1
DILUPBiCGStab:  Solving for Uy, Initial residual = 0.00026956528, Final residual = 1.1438548e-06, No Iterations 1
GAMG:  Solving for p, Initial residual = 0.00014919915, Final residual = 9.9453735e-07, No Iterations 6
time step continuity errors : sum local = 7.0979649e-08, global = -5.014713e-18, cumulative = -1.4852442e-16
ExecutionTime = 3.41 s  ClockTime = 4 s

Time = 414

DILUPBiCGStab:  Solving for Ux, Initial residual = 0.00021033894, Final residual = 8.682952e-07, No Iterations 1
DILUPBiCGStab:  Solving for Uy, Initial residual = 0.00026829999, Final residual = 1.1381788e-06, No Iterations 1
GAMG:  Solving for p, Initial residual = 0.00014848387, Final residual = 9.9004709e-07, No Iterations 6
time step continuity errors : sum local = 7.066295e-08, global = -6.9240113e-18, cumulative = -1.5544843e-16
ExecutionTime = 3.41 s  ClockTime = 4 s

Time = 415

DILUPBiCGStab:  Solving for Ux, Initial residual = 0.00020939229, Final residual = 8.6424863e-07, No Iterations 1
DILUPBiCGStab:  Solving for Uy, Initial residual = 0.0002670414, Final residual = 1.1321191e-06, No Iterations 1
GAMG:  Solving for p, Initial residual = 0.0001479829, Final residual = 9.8551517e-07, No Iterations 6
time step continuity errors : sum local = 7.0343158e-08, global = -1.9522058e-17, cumulative = -1.7497049e-16
ExecutionTime = 3.42 s  ClockTime = 4 s

Time = 416

DILUPBiCGStab:  Solving for Ux, Initial residual = 0.0002084498, Final residual = 8.5987404e-07, No Iterations 1
DILUPBiCGStab:  Solving for Uy, Initial residual = 0.00026578939, Final residual = 1.1253328e-06, No Iterations 1
GAMG:  Solving for p, Initial residual = 0.00014732142, Final residual = 9.8090901e-07, No Iterations 6
time step continuity errors : sum local = 7.0017801e-08, global = 9.9425124e-19, cumulative = -1.7397624e-16
ExecutionTime = 3.43 s  ClockTime = 4 s

Time = 417

DILUPBiCGStab:  Solving for Ux, Initial residual = 0.0002075115, Final residual = 8.552964e-07, No Iterations 1
DILUPBiCGStab:  Solving for Uy, Initial residual = 0.00026454398, Final residual = 1.1184508e-06, No Iterations 1
GAMG:  Solving for p, Initial residual = 0.00014654517, Final residual = 9.7630024e-07, No Iterations 6
time step continuity errors : sum local = 6.9692099e-08, global = -1.8544953e-17, cumulative = -1.9252119e-16
ExecutionTime = 3.44 s  ClockTime = 4 s

Time = 418

DILUPBiCGStab:  Solving for Ux, Initial residual = 0.00020657739, Final residual = 8.5090005e-07, No Iterations 1
DILUPBiCGStab:  Solving for Uy, Initial residual = 0.00026330472, Final residual = 1.1121415e-06, No Iterations 1
GAMG:  Solving for p, Initial residual = 0.00014575706, Final residual = 9.7177531e-07, No Iterations 6
time step continuity errors : sum local = 6.9372314e-08, global = -9.6381034e-18, cumulative = -2.0215929e-16
ExecutionTime = 3.45 s  ClockTime = 4 s

Time = 419

DILUPBiCGStab:  Solving for Ux, Initial residual = 0.00020564743, Final residual = 8.4656429e-07, No Iterations 1
DILUPBiCGStab:  Solving for Uy, Initial residual = 0.00026207178, Final residual = 1.1059353e-06, No Iterations 1
GAMG:  Solving for p, Initial residual = 0.00014504705, Final residual = 9.6728685e-07, No Iterations 6
time step continuity errors : sum local = 6.9055186e-08, global = 5.9790699e-18, cumulative = -1.9618022e-16
ExecutionTime = 3.46 s  ClockTime = 4 s

Time = 420

DILUPBiCGStab:  Solving for Ux, Initial residual = 0.00020472163, Final residual = 8.4226955e-07, No Iterations 1
DILUPBiCGStab:  Solving for Uy, Initial residual = 0.00026084542, Final residual = 1.0997656e-06, No Iterations 1
GAMG:  Solving for p, Initial residual = 0.00014436037, Final residual = 9.6281328e-07, No Iterations 6
time step continuity errors : sum local = 6.8739162e-08, global = -5.6813114e-18, cumulative = -2.0186153e-16
ExecutionTime = 3.46 s  ClockTime = 4 s

Time = 421

DILUPBiCGStab:  Solving for Ux, Initial residual = 0.00020380032, Final residual = 8.3801588e-07, No Iterations 1
DILUPBiCGStab:  Solving for Uy, Initial residual = 0.00025962532, Final residual = 1.0936331e-06, No Iterations 1
GAMG:  Solving for p, Initial residual = 0.00014367906, Final residual = 9.5835328e-07, No Iterations 6
time step continuity errors : sum local = 6.842411e-08, global = 1.1757357e-17, cumulative = -1.9010418e-16
ExecutionTime = 3.47 s  ClockTime = 4 s

Time = 422

DILUPBiCGStab:  Solving for Ux, Initial residual = 0.00020288318, Final residual = 8.3379341e-07, No Iterations 1
DILUPBiCGStab:  Solving for Uy, Initial residual = 0.00025841138, Final residual = 1.0875413e-06, No Iterations 1
GAMG:  Solving for p, Initial residual = 0.00014298875, Final residual = 9.5392593e-07, No Iterations 6
time step continuity errors : sum local = 6.8111373e-08, global = 2.0879858e-18, cumulative = -1.8801619e-16
ExecutionTime = 3.48 s  ClockTime = 4 s

Time = 423

DILUPBiCGStab:  Solving for Ux, Initial residual = 0.00020197028, Final residual = 8.2959722e-07, No Iterations 1
DILUPBiCGStab:  Solving for Uy, Initial residual = 0.00025720407, Final residual = 1.0814893e-06, No Iterations 1
GAMG:  Solving for p, Initial residual = 0.00014231259, Final residual = 9.4955381e-07, No Iterations 6
time step continuity errors : sum local = 6.7802496e-08, global = 2.2934641e-18, cumulative = -1.8572273e-16
ExecutionTime = 3.48 s  ClockTime = 4 s

Time = 424

DILUPBiCGStab:  Solving for Ux, Initial residual = 0.00020106148, Final residual = 8.2542868e-07, No Iterations 1
DILUPBiCGStab:  Solving for Uy, Initial residual = 0.000256003, Final residual = 1.0754764e-06, No Iterations 1
GAMG:  Solving for p, Initial residual = 0.00014168107, Final residual = 9.4522283e-07, No Iterations 6
time step continuity errors : sum local = 6.7496373e-08, global = 7.4997356e-18, cumulative = -1.7822299e-16
ExecutionTime = 3.49 s  ClockTime = 4 s

Time = 425

DILUPBiCGStab:  Solving for Ux, Initial residual = 0.00020015675, Final residual = 8.2128398e-07, No Iterations 1
DILUPBiCGStab:  Solving for Uy, Initial residual = 0.00025480775, Final residual = 1.0695027e-06, No Iterations 1
GAMG:  Solving for p, Initial residual = 0.00014104776, Final residual = 9.4089371e-07, No Iterations 6
time step continuity errors : sum local = 6.71904e-08, global = -5.5885646e-19, cumulative = -1.7878185e-16
ExecutionTime = 3.5 s  ClockTime = 4 s

Time = 426

DILUPBiCGStab:  Solving for Ux, Initial residual = 0.00019925624, Final residual = 8.1716126e-07, No Iterations 1
DILUPBiCGStab:  Solving for Uy, Initial residual = 0.00025361876, Final residual = 1.063569e-06, No Iterations 1
GAMG:  Solving for p, Initial residual = 0.00014040671, Final residual = 9.3655958e-07, No Iterations 6
time step continuity errors : sum local = 6.6884137e-08, global = 1.9244529e-17, cumulative = -1.5953732e-16
ExecutionTime = 3.51 s  ClockTime = 4 s

Time = 427

DILUPBiCGStab:  Solving for Ux, Initial residual = 0.00019835974, Final residual = 8.1306494e-07, No Iterations 1
DILUPBiCGStab:  Solving for Uy, Initial residual = 0.00025243633, Final residual = 1.0576761e-06, No Iterations 1
GAMG:  Solving for p, Initial residual = 0.00013976385, Final residual = 9.322295e-07, No Iterations 6
time step continuity errors : sum local = 6.6578177e-08, global = -9.0341424e-18, cumulative = -1.6857146e-16
ExecutionTime = 3.52 s  ClockTime = 4 s

Time = 428

DILUPBiCGStab:  Solving for Ux, Initial residual = 0.00019746725, Final residual = 8.0899271e-07, No Iterations 1
DILUPBiCGStab:  Solving for Uy, Initial residual = 0.00025126012, Final residual = 1.0518226e-06, No Iterations 1
GAMG:  Solving for p, Initial residual = 0.00013911339, Final residual = 9.2792965e-07, No Iterations 6
time step continuity errors : sum local = 6.627434e-08, global = -6.7167992e-18, cumulative = -1.7528826e-16
ExecutionTime = 3.53 s  ClockTime = 4 s

Time = 429

DILUPBiCGStab:  Solving for Ux, Initial residual = 0.00019657907, Final residual = 8.0494334e-07, No Iterations 1
DILUPBiCGStab:  Solving for Uy, Initial residual = 0.00025009057, Final residual = 1.046008e-06, No Iterations 1
GAMG:  Solving for p, Initial residual = 0.0001384593, Final residual = 9.2365362e-07, No Iterations 6
time step continuity errors : sum local = 6.5972178e-08, global = 7.3433356e-18, cumulative = -1.6794492e-16
ExecutionTime = 3.53 s  ClockTime = 4 s

Time = 430

DILUPBiCGStab:  Solving for Ux, Initial residual = 0.00019569485, Final residual = 8.0091726e-07, No Iterations 1
DILUPBiCGStab:  Solving for Uy, Initial residual = 0.00024892721, Final residual = 1.0402319e-06, No Iterations 1
GAMG:  Solving for p, Initial residual = 0.00013781081, Final residual = 9.193803e-07, No Iterations 6
time step continuity errors : sum local = 6.5670249e-08, global = 7.4540388e-18, cumulative = -1.6049089e-16
ExecutionTime = 3.54 s  ClockTime = 4 s

Time = 431

DILUPBiCGStab:  Solving for Ux, Initial residual = 0.00019481455, Final residual = 7.9691409e-07, No Iterations 1
DILUPBiCGStab:  Solving for Uy, Initial residual = 0.00024776967, Final residual = 1.0344923e-06, No Iterations 1
GAMG:  Solving for p, Initial residual = 0.00013716643, Final residual = 9.1511436e-07, No Iterations 6
time step continuity errors : sum local = 6.5368842e-08, global = 3.0146664e-18, cumulative = -1.5747622e-16
ExecutionTime = 3.55 s  ClockTime = 4 s

Time = 432

DILUPBiCGStab:  Solving for Ux, Initial residual = 0.00019393818, Final residual = 7.9293341e-07, No Iterations 1
DILUPBiCGStab:  Solving for Uy, Initial residual = 0.00024661792, Final residual = 1.0287897e-06, No Iterations 1
GAMG:  Solving for p, Initial residual = 0.00013652541, Final residual = 9.108576e-07, No Iterations 6
time step continuity errors : sum local = 6.5068062e-08, global = 1.1946437e-17, cumulative = -1.4552978e-16
ExecutionTime = 3.56 s  ClockTime = 4 s

Time = 433

DILUPBiCGStab:  Solving for Ux, Initial residual = 0.00019306573, Final residual = 7.8897582e-07, No Iterations 1
DILUPBiCGStab:  Solving for Uy, Initial residual = 0.00024547161, Final residual = 1.0231235e-06, No Iterations 1
GAMG:  Solving for p, Initial residual = 0.00013588894, Final residual = 9.0661546e-07, No Iterations 6
time step continuity errors : sum local = 6.476828e-08, global = -4.6805552e-18, cumulative = -1.5021034e-16
ExecutionTime = 3.57 s  ClockTime = 4 s

Time = 434

DILUPBiCGStab:  Solving for Ux, Initial residual = 0.000192197, Final residual = 7.8504727e-07, No Iterations 1
DILUPBiCGStab:  Solving for Uy, Initial residual = 0.00024433068, Final residual = 1.0176192e-06, No Iterations 1
GAMG:  Solving for p, Initial residual = 0.0001352572, Final residual = 9.024095e-07, No Iterations 6
time step continuity errors : sum local = 6.4470995e-08, global = 1.3166518e-17, cumulative = -1.3704382e-16
ExecutionTime = 3.58 s  ClockTime = 4 s

Time = 435

DILUPBiCGStab:  Solving for Ux, Initial residual = 0.00019133226, Final residual = 7.8114889e-07, No Iterations 1
DILUPBiCGStab:  Solving for Uy, Initial residual = 0.00024319543, Final residual = 1.0121137e-06, No Iterations 1
GAMG:  Solving for p, Initial residual = 0.00013462978, Final residual = 8.9822065e-07, No Iterations 6
time step continuity errors : sum local = 6.4174846e-08, global = 2.1862476e-17, cumulative = -1.1518134e-16
ExecutionTime = 3.58 s  ClockTime = 4 s

Time = 436

DILUPBiCGStab:  Solving for Ux, Initial residual = 0.0001904715, Final residual = 7.7727025e-07, No Iterations 1
DILUPBiCGStab:  Solving for Uy, Initial residual = 0.00024206649, Final residual = 1.0065971e-06, No Iterations 1
GAMG:  Solving for p, Initial residual = 0.00013400553, Final residual = 8.9404489e-07, No Iterations 6
time step continuity errors : sum local = 6.3879607e-08, global = -1.3450175e-17, cumulative = -1.2863152e-16
ExecutionTime = 3.59 s  ClockTime = 4 s

Time = 437

DILUPBiCGStab:  Solving for Ux, Initial residual = 0.0001896146, Final residual = 7.7341271e-07, No Iterations 1
DILUPBiCGStab:  Solving for Uy, Initial residual = 0.00024094359, Final residual = 1.0010983e-06, No Iterations 1
GAMG:  Solving for p, Initial residual = 0.00013338289, Final residual = 8.8988441e-07, No Iterations 6
time step continuity errors : sum local = 6.3585488e-08, global = -1.4640687e-17, cumulative = -1.432722e-16
ExecutionTime = 3.6 s  ClockTime = 4 s

Time = 438

DILUPBiCGStab:  Solving for Ux, Initial residual = 0.00018876147, Final residual = 7.695641e-07, No Iterations 1
DILUPBiCGStab:  Solving for Uy, Initial residual = 0.00023982623, Final residual = 9.9562782e-07, No Iterations 1
GAMG:  Solving for p, Initial residual = 0.00013276542, Final residual = 8.8574256e-07, No Iterations 6
time step continuity errors : sum local = 6.3292769e-08, global = -2.833527e-18, cumulative = -1.4610573e-16
ExecutionTime = 3.61 s  ClockTime = 4 s

Time = 439

DILUPBiCGStab:  Solving for Ux, Initial residual = 0.00018791294, Final residual = 7.6571107e-07, No Iterations 1
DILUPBiCGStab:  Solving for Uy, Initial residual = 0.00023871455, Final residual = 9.9018834e-07, No Iterations 1
GAMG:  Solving for p, Initial residual = 0.00013215378, Final residual = 8.816062e-07, No Iterations 6
time step continuity errors : sum local = 6.3000431e-08, global = -2.106925e-18, cumulative = -1.4821266e-16
ExecutionTime = 3.62 s  ClockTime = 4 s

Time = 440

DILUPBiCGStab:  Solving for Ux, Initial residual = 0.00018706867, Final residual = 7.6190237e-07, No Iterations 1
DILUPBiCGStab:  Solving for Uy, Initial residual = 0.00023760838, Final residual = 9.8478203e-07, No Iterations 1
GAMG:  Solving for p, Initial residual = 0.00013154234, Final residual = 8.7748992e-07, No Iterations 6
time step continuity errors : sum local = 6.2709462e-08, global = 1.3040228e-17, cumulative = -1.3517243e-16
ExecutionTime = 3.63 s  ClockTime = 4 s

Time = 441

DILUPBiCGStab:  Solving for Ux, Initial residual = 0.00018622872, Final residual = 7.5812332e-07, No Iterations 1
DILUPBiCGStab:  Solving for Uy, Initial residual = 0.00023650752, Final residual = 9.7940847e-07, No Iterations 1
GAMG:  Solving for p, Initial residual = 0.00013093342, Final residual = 8.7339935e-07, No Iterations 6
time step continuity errors : sum local = 6.2420272e-08, global = 8.9721998e-18, cumulative = -1.2620023e-16
ExecutionTime = 3.63 s  ClockTime = 4 s

Time = 442

DILUPBiCGStab:  Solving for Ux, Initial residual = 0.00018539271, Final residual = 7.5437012e-07, No Iterations 1
DILUPBiCGStab:  Solving for Uy, Initial residual = 0.0002354127, Final residual = 9.7406758e-07, No Iterations 1
GAMG:  Solving for p, Initial residual = 0.00013033006, Final residual = 8.6933404e-07, No Iterations 6
time step continuity errors : sum local = 6.2132834e-08, global = 1.0492323e-18, cumulative = -1.25151e-16
ExecutionTime = 3.64 s  ClockTime = 4 s

Time = 443

DILUPBiCGStab:  Solving for Ux, Initial residual = 0.00018456067, Final residual = 7.5063935e-07, No Iterations 1
DILUPBiCGStab:  Solving for Uy, Initial residual = 0.00023432315, Final residual = 9.6876074e-07, No Iterations 1
GAMG:  Solving for p, Initial residual = 0.00012973192, Final residual = 8.6528605e-07, No Iterations 6
time step continuity errors : sum local = 6.18466e-08, global = -2.15017e-17, cumulative = -1.466527e-16
ExecutionTime = 3.65 s  ClockTime = 4 s

Time = 444

DILUPBiCGStab:  Solving for Ux, Initial residual = 0.00018373249, Final residual = 7.4692941e-07, No Iterations 1
DILUPBiCGStab:  Solving for Uy, Initial residual = 0.00023323872, Final residual = 9.6348752e-07, No Iterations 1
GAMG:  Solving for p, Initial residual = 0.00012913584, Final residual = 8.6124877e-07, No Iterations 6
time step continuity errors : sum local = 6.1561111e-08, global = -1.6083832e-18, cumulative = -1.4826108e-16
ExecutionTime = 3.66 s  ClockTime = 4 s

Time = 445

DILUPBiCGStab:  Solving for Ux, Initial residual = 0.00018290824, Final residual = 7.4324027e-07, No Iterations 1
DILUPBiCGStab:  Solving for Uy, Initial residual = 0.00023215965, Final residual = 9.5824657e-07, No Iterations 1
GAMG:  Solving for p, Initial residual = 0.00012854189, Final residual = 8.5722557e-07, No Iterations 6
time step continuity errors : sum local = 6.127661e-08, global = 9.4602132e-18, cumulative = -1.3880087e-16
ExecutionTime = 3.67 s  ClockTime = 4 s

Time = 446

DILUPBiCGStab:  Solving for Ux, Initial residual = 0.00018208777, Final residual = 7.3957453e-07, No Iterations 1
DILUPBiCGStab:  Solving for Uy, Initial residual = 0.00023108598, Final residual = 9.5303855e-07, No Iterations 1
GAMG:  Solving for p, Initial residual = 0.00012794993, Final residual = 8.5321707e-07, No Iterations 6
time step continuity errors : sum local = 6.0993132e-08, global = 7.748353e-18, cumulative = -1.3105251e-16
ExecutionTime = 3.68 s  ClockTime = 4 s

Time = 447

DILUPBiCGStab:  Solving for Ux, Initial residual = 0.00018127097, Final residual = 7.3593082e-07, No Iterations 1
DILUPBiCGStab:  Solving for Uy, Initial residual = 0.00023001803, Final residual = 9.478635e-07, No Iterations 1
GAMG:  Solving for p, Initial residual = 0.00012736109, Final residual = 8.4923186e-07, No Iterations 6
time step continuity errors : sum local = 6.0711259e-08, global = 4.8479368e-18, cumulative = -1.2620458e-16
ExecutionTime = 3.68 s  ClockTime = 4 s

Time = 448

DILUPBiCGStab:  Solving for Ux, Initial residual = 0.00018045826, Final residual = 7.3230747e-07, No Iterations 1
DILUPBiCGStab:  Solving for Uy, Initial residual = 0.00022895519, Final residual = 9.4272265e-07, No Iterations 1
GAMG:  Solving for p, Initial residual = 0.00012677636, Final residual = 8.4527734e-07, No Iterations 6
time step continuity errors : sum local = 6.0431526e-08, global = -5.3852734e-18, cumulative = -1.3158985e-16
ExecutionTime = 3.69 s  ClockTime = 4 s

Time = 449

DILUPBiCGStab:  Solving for Ux, Initial residual = 0.00017964935, Final residual = 7.2870337e-07, No Iterations 1
DILUPBiCGStab:  Solving for Uy, Initial residual = 0.00022789747, Final residual = 9.3761775e-07, No Iterations 1
GAMG:  Solving for p, Initial residual = 0.00012619498, Final residual = 8.4133483e-07, No Iterations 6
time step continuity errors : sum local = 6.0152601e-08, global = 1.4655295e-17, cumulative = -1.1693456e-16
ExecutionTime = 3.7 s  ClockTime = 4 s

Time = 450

DILUPBiCGStab:  Solving for Ux, Initial residual = 0.00017884398, Final residual = 7.2498469e-07, No Iterations 1
DILUPBiCGStab:  Solving for Uy, Initial residual = 0.00022684494, Final residual = 9.3254937e-07, No Iterations 1
GAMG:  Solving for p, Initial residual = 0.00012560619, Final residual = 8.3739339e-07, No Iterations 6
time step continuity errors : sum local = 5.9873693e-08, global = 1.9586687e-17, cumulative = -9.7347868e-17
ExecutionTime = 3.71 s  ClockTime = 4 s

Time = 451

DILUPBiCGStab:  Solving for Ux, Initial residual = 0.00017804225, Final residual = 7.2138969e-07, No Iterations 1
DILUPBiCGStab:  Solving for Uy, Initial residual = 0.00022579732, Final residual = 9.2751405e-07, No Iterations 1
GAMG:  Solving for p, Initial residual = 0.00012503015, Final residual = 8.3347276e-07, No Iterations 6
time step continuity errors : sum local = 5.9596268e-08, global = -1.875859e-17, cumulative = -1.1610646e-16
ExecutionTime = 3.72 s  ClockTime = 4 s

Time = 452

DILUPBiCGStab:  Solving for Ux, Initial residual = 0.00017724425, Final residual = 7.178328e-07, No Iterations 1
DILUPBiCGStab:  Solving for Uy, Initial residual = 0.00022475491, Final residual = 9.2251193e-07, No Iterations 1
GAMG:  Solving for p, Initial residual = 0.00012445707, Final residual = 8.2957273e-07, No Iterations 6
time step continuity errors : sum local = 5.9320341e-08, global = -1.3891142e-17, cumulative = -1.299976e-16
ExecutionTime = 3.73 s  ClockTime = 4 s

Time = 453

DILUPBiCGStab:  Solving for Ux, Initial residual = 0.00017644988, Final residual = 7.1431376e-07, No Iterations 1
DILUPBiCGStab:  Solving for Uy, Initial residual = 0.00022371749, Final residual = 9.1754221e-07, No Iterations 1
GAMG:  Solving for p, Initial residual = 0.00012388794, Final residual = 8.2567759e-07, No Iterations 6
time step continuity errors : sum local = 5.9044837e-08, global = -1.3178006e-17, cumulative = -1.4317561e-16
ExecutionTime = 3.73 s  ClockTime = 4 s

Time = 454

DILUPBiCGStab:  Solving for Ux, Initial residual = 0.00017565929, Final residual = 7.1080874e-07, No Iterations 1
DILUPBiCGStab:  Solving for Uy, Initial residual = 0.00022268517, Final residual = 9.1260772e-07, No Iterations 1
GAMG:  Solving for p, Initial residual = 0.00012333176, Final residual = 8.2179241e-07, No Iterations 6
time step continuity errors : sum local = 5.8769948e-08, global = -1.8780375e-18, cumulative = -1.4505364e-16
ExecutionTime = 3.74 s  ClockTime = 4 s

Time = 455

DILUPBiCGStab:  Solving for Ux, Initial residual = 0.0001748722, Final residual = 7.0739959e-07, No Iterations 1
DILUPBiCGStab:  Solving for Uy, Initial residual = 0.00022165787, Final residual = 9.0844684e-07, No Iterations 1
GAMG:  Solving for p, Initial residual = 0.00012294467, Final residual = 8.1793444e-07, No Iterations 6
time step continuity errors : sum local = 5.8496668e-08, global = 2.1548703e-17, cumulative = -1.2350494e-16
ExecutionTime = 3.75 s  ClockTime = 4 s

Time = 456

DILUPBiCGStab:  Solving for Ux, Initial residual = 0.0001740887, Final residual = 7.0387255e-07, No Iterations 1
DILUPBiCGStab:  Solving for Uy, Initial residual = 0.00022063538, Final residual = 9.0394211e-07, No Iterations 1
GAMG:  Solving for p, Initial residual = 0.00012257786, Final residual = 8.1416779e-07, No Iterations 6
time step continuity errors : sum local = 5.8229754e-08, global = 6.6849098e-18, cumulative = -1.1682003e-16
ExecutionTime = 3.76 s  ClockTime = 4 s

Time = 457

DILUPBiCGStab:  Solving for Ux, Initial residual = 0.00017330865, Final residual = 7.0037255e-07, No Iterations 1
DILUPBiCGStab:  Solving for Uy, Initial residual = 0.00021961793, Final residual = 8.9875034e-07, No Iterations 1
GAMG:  Solving for p, Initial residual = 0.00012199574, Final residual = 8.1042867e-07, No Iterations 6
time step continuity errors : sum local = 5.7965018e-08, global = 1.3123512e-17, cumulative = -1.0369652e-16
ExecutionTime = 3.76 s  ClockTime = 4 s

Time = 458

DILUPBiCGStab:  Solving for Ux, Initial residual = 0.00017253203, Final residual = 6.969695e-07, No Iterations 1
DILUPBiCGStab:  Solving for Uy, Initial residual = 0.00021860516, Final residual = 8.9332478e-07, No Iterations 1
GAMG:  Solving for p, Initial residual = 0.00012127686, Final residual = 8.0665383e-07, No Iterations 6
time step continuity errors : sum local = 5.7698076e-08, global = -3.5856413e-17, cumulative = -1.3955293e-16
ExecutionTime = 3.77 s  ClockTime = 4 s

Time = 459

DILUPBiCGStab:  Solving for Ux, Initial residual = 0.00017175883, Final residual = 6.9359071e-07, No Iterations 1
DILUPBiCGStab:  Solving for Uy, Initial residual = 0.0002175972, Final residual = 8.883579e-07, No Iterations 1
GAMG:  Solving for p, Initial residual = 0.00012066398, Final residual = 8.0284232e-07, No Iterations 6
time step continuity errors : sum local = 5.7428728e-08, global = -7.8114768e-18, cumulative = -1.4736441e-16
ExecutionTime = 3.79 s  ClockTime = 4 s

Time = 460

DILUPBiCGStab:  Solving for Ux, Initial residual = 0.00017098919, Final residual = 6.902328e-07, No Iterations 1
DILUPBiCGStab:  Solving for Uy, Initial residual = 0.00021659436, Final residual = 8.835932e-07, No Iterations 1
GAMG:  Solving for p, Initial residual = 0.00012007301, Final residual = 7.9903061e-07, No Iterations 6
time step continuity errors : sum local = 5.7159426e-08, global = -3.3003514e-18, cumulative = -1.5066476e-16
ExecutionTime = 3.8 s  ClockTime = 4 s

Time = 461

DILUPBiCGStab:  Solving for Ux, Initial residual = 0.00017022332, Final residual = 6.8688289e-07, No Iterations 1
DILUPBiCGStab:  Solving for Uy, Initial residual = 0.00021559635, Final residual = 8.7886238e-07, No Iterations 1
GAMG:  Solving for p, Initial residual = 0.00011949783, Final residual = 7.9524647e-07, No Iterations 6
time step continuity errors : sum local = 5.6891923e-08, global = -6.3788595e-18, cumulative = -1.5704362e-16
ExecutionTime = 3.8 s  ClockTime = 4 s

Time = 462

DILUPBiCGStab:  Solving for Ux, Initial residual = 0.00016946089, Final residual = 6.8355015e-07, No Iterations 1
DILUPBiCGStab:  Solving for Uy, Initial residual = 0.0002146031, Final residual = 8.7416417e-07, No Iterations 1
GAMG:  Solving for p, Initial residual = 0.00011893457, Final residual = 7.9149052e-07, No Iterations 6
time step continuity errors : sum local = 5.6626296e-08, global = -9.6051485e-18, cumulative = -1.6664877e-16
ExecutionTime = 3.81 s  ClockTime = 4 s

Time = 463

DILUPBiCGStab:  Solving for Ux, Initial residual = 0.00016870181, Final residual = 6.802283e-07, No Iterations 1
DILUPBiCGStab:  Solving for Uy, Initial residual = 0.00021361442, Final residual = 8.6949477e-07, No Iterations 1
GAMG:  Solving for p, Initial residual = 0.00011837967, Final residual = 7.8776647e-07, No Iterations 6
time step continuity errors : sum local = 5.6362802e-08, global = 1.6982097e-17, cumulative = -1.4966667e-16
ExecutionTime = 3.82 s  ClockTime = 4 s

Time = 464

DILUPBiCGStab:  Solving for Ux, Initial residual = 0.00016794607, Final residual = 6.769203e-07, No Iterations 1
DILUPBiCGStab:  Solving for Uy, Initial residual = 0.00021263046, Final residual = 8.6485476e-07, No Iterations 1
GAMG:  Solving for p, Initial residual = 0.00011783124, Final residual = 7.8406844e-07, No Iterations 6
time step continuity errors : sum local = 5.610105e-08, global = -1.6317977e-17, cumulative = -1.6598465e-16
ExecutionTime = 3.83 s  ClockTime = 4 s

Time = 465

DILUPBiCGStab:  Solving for Ux, Initial residual = 0.00016719381, Final residual = 6.736278e-07, No Iterations 1
DILUPBiCGStab:  Solving for Uy, Initial residual = 0.00021165134, Final residual = 8.6024378e-07, No Iterations 1
GAMG:  Solving for p, Initial residual = 0.00011728823, Final residual = 7.8039272e-07, No Iterations 6
time step continuity errors : sum local = 5.5840819e-08, global = -1.7324735e-18, cumulative = -1.6771712e-16
ExecutionTime = 3.84 s  ClockTime = 4 s

Time = 466

DILUPBiCGStab:  Solving for Ux, Initial residual = 0.00016644489, Final residual = 6.7035207e-07, No Iterations 1
DILUPBiCGStab:  Solving for Uy, Initial residual = 0.00021067728, Final residual = 8.5566305e-07, No Iterations 1
GAMG:  Solving for p, Initial residual = 0.00011675116, Final residual = 7.7673647e-07, No Iterations 6
time step continuity errors : sum local = 5.5581925e-08, global = 1.3681832e-17, cumulative = -1.5403529e-16
ExecutionTime = 3.85 s  ClockTime = 4 s

Time = 467

DILUPBiCGStab:  Solving for Ux, Initial residual = 0.00016569931, Final residual = 6.6709374e-07, No Iterations 1
DILUPBiCGStab:  Solving for Uy, Initial residual = 0.00020970777, Final residual = 8.511118e-07, No Iterations 1
GAMG:  Solving for p, Initial residual = 0.00011622011, Final residual = 7.7309703e-07, No Iterations 6
time step continuity errors : sum local = 5.5324204e-08, global = -3.1314543e-18, cumulative = -1.5716674e-16
ExecutionTime = 3.85 s  ClockTime = 4 s

Time = 468

DILUPBiCGStab:  Solving for Ux, Initial residual = 0.00016495702, Final residual = 6.6385412e-07, No Iterations 1
DILUPBiCGStab:  Solving for Uy, Initial residual = 0.00020874271, Final residual = 8.4658842e-07, No Iterations 1
GAMG:  Solving for p, Initial residual = 0.00011569065, Final residual = 7.6947539e-07, No Iterations 6
time step continuity errors : sum local = 5.506772e-08, global = 2.4035354e-17, cumulative = -1.3313139e-16
ExecutionTime = 3.86 s  ClockTime = 4 s

Time = 469

DILUPBiCGStab:  Solving for Ux, Initial residual = 0.00016421807, Final residual = 6.6063307e-07, No Iterations 1
DILUPBiCGStab:  Solving for Uy, Initial residual = 0.00020778252, Final residual = 8.4209243e-07, No Iterations 1
GAMG:  Solving for p, Initial residual = 0.00011516399, Final residual = 7.658683e-07, No Iterations 6
time step continuity errors : sum local = 5.4812247e-08, global = 3.4699704e-17, cumulative = -9.8431686e-17
ExecutionTime = 3.87 s  ClockTime = 4 s

Time = 470

DILUPBiCGStab:  Solving for Ux, Initial residual = 0.00016348256, Final residual = 6.5742943e-07, No Iterations 1
DILUPBiCGStab:  Solving for Uy, Initial residual = 0.00020682736, Final residual = 8.3762526e-07, No Iterations 1
GAMG:  Solving for p, Initial residual = 0.00011464017, Final residual = 7.6227834e-07, No Iterations 6
time step continuity errors : sum local = 5.4557978e-08, global = 1.626965e-19, cumulative = -9.826899e-17
ExecutionTime = 3.88 s  ClockTime = 4 s

Time = 471

DILUPBiCGStab:  Solving for Ux, Initial residual = 0.0001627503, Final residual = 6.5424361e-07, No Iterations 1
DILUPBiCGStab:  Solving for Uy, Initial residual = 0.00020587681, Final residual = 8.3318536e-07, No Iterations 1
GAMG:  Solving for p, Initial residual = 0.00011411905, Final residual = 7.587079e-07, No Iterations 6
time step continuity errors : sum local = 5.4305078e-08, global = 1.2413996e-18, cumulative = -9.702759e-17
ExecutionTime = 3.89 s  ClockTime = 4 s

Time = 472

DILUPBiCGStab:  Solving for Ux, Initial residual = 0.00016202126, Final residual = 6.5107546e-07, No Iterations 1
DILUPBiCGStab:  Solving for Uy, Initial residual = 0.00020493142, Final residual = 8.2877326e-07, No Iterations 1
GAMG:  Solving for p, Initial residual = 0.00011360055, Final residual = 7.5515543e-07, No Iterations 6
time step continuity errors : sum local = 5.4053429e-08, global = -9.4107213e-18, cumulative = -1.0643831e-16
ExecutionTime = 3.9 s  ClockTime = 4 s

Time = 473

DILUPBiCGStab:  Solving for Ux, Initial residual = 0.00016129544, Final residual = 6.4792443e-07, No Iterations 1
DILUPBiCGStab:  Solving for Uy, Initial residual = 0.00020399074, Final residual = 8.2438894e-07, No Iterations 1
GAMG:  Solving for p, Initial residual = 0.00011308482, Final residual = 7.5162426e-07, No Iterations 6
time step continuity errors : sum local = 5.3803268e-08, global = -6.5848407e-18, cumulative = -1.1302315e-16
ExecutionTime = 3.9 s  ClockTime = 4 s

Time = 474

DILUPBiCGStab:  Solving for Ux, Initial residual = 0.00016057282, Final residual = 6.4480439e-07, No Iterations 1
DILUPBiCGStab:  Solving for Uy, Initial residual = 0.00020305491, Final residual = 8.2018003e-07, No Iterations 1
GAMG:  Solving for p, Initial residual = 0.00011257315, Final residual = 7.4812607e-07, No Iterations 6
time step continuity errors : sum local = 5.3555481e-08, global = -3.0322522e-18, cumulative = -1.160554e-16
ExecutionTime = 3.91 s  ClockTime = 4 s

Time = 475

DILUPBiCGStab:  Solving for Ux, Initial residual = 0.00015985339, Final residual = 6.4169491e-07, No Iterations 1
DILUPBiCGStab:  Solving for Uy, Initial residual = 0.00020212385, Final residual = 8.159089e-07, No Iterations 1
GAMG:  Solving for p, Initial residual = 0.00011206471, Final residual = 7.4462958e-07, No Iterations 6
time step continuity errors : sum local = 5.3307778e-08, global = -9.2423404e-18, cumulative = -1.2529774e-16
ExecutionTime = 3.92 s  ClockTime = 4 s

Time = 476

DILUPBiCGStab:  Solving for Ux, Initial residual = 0.00015913729, Final residual = 6.3860203e-07, No Iterations 1
DILUPBiCGStab:  Solving for Uy, Initial residual = 0.00020119749, Final residual = 8.1162751e-07, No Iterations 1
GAMG:  Solving for p, Initial residual = 0.0001115584, Final residual = 7.4114272e-07, No Iterations 6
time step continuity errors : sum local = 5.3060723e-08, global = 3.4440558e-18, cumulative = -1.2185369e-16
ExecutionTime = 3.93 s  ClockTime = 4 s

Time = 477

DILUPBiCGStab:  Solving for Ux, Initial residual = 0.00015842444, Final residual = 6.3552469e-07, No Iterations 1
DILUPBiCGStab:  Solving for Uy, Initial residual = 0.00020027597, Final residual = 8.0735898e-07, No Iterations 1
GAMG:  Solving for p, Initial residual = 0.00011105337, Final residual = 7.376691e-07, No Iterations 6
time step continuity errors : sum local = 5.2814588e-08, global = 2.1891249e-17, cumulative = -9.996244e-17
ExecutionTime = 3.94 s  ClockTime = 4 s

Time = 478

DILUPBiCGStab:  Solving for Ux, Initial residual = 0.00015771473, Final residual = 6.324627e-07, No Iterations 1
DILUPBiCGStab:  Solving for Uy, Initial residual = 0.00019935875, Final residual = 8.031109e-07, No Iterations 1
GAMG:  Solving for p, Initial residual = 0.00011054768, Final residual = 7.3420506e-07, No Iterations 6
time step continuity errors : sum local = 5.2569111e-08, global = 2.2749022e-17, cumulative = -7.7213418e-17
ExecutionTime = 3.95 s  ClockTime = 4 s

Time = 479

DILUPBiCGStab:  Solving for Ux, Initial residual = 0.00015700818, Final residual = 6.294164e-07, No Iterations 1
DILUPBiCGStab:  Solving for Uy, Initial residual = 0.00019844595, Final residual = 7.9888678e-07, No Iterations 1
GAMG:  Solving for p, Initial residual = 0.00011004505, Final residual = 7.3076068e-07, No Iterations 6
time step continuity errors : sum local = 5.2324988e-08, global = 4.0788408e-17, cumulative = -3.642501e-17
ExecutionTime = 3.95 s  ClockTime = 4 s

Time = 480

DILUPBiCGStab:  Solving for Ux, Initial residual = 0.00015630474, Final residual = 6.2638595e-07, No Iterations 1
DILUPBiCGStab:  Solving for Uy, Initial residual = 0.00019753738, Final residual = 7.9468566e-07, No Iterations 1
GAMG:  Solving for p, Initial residual = 0.00010954615, Final residual = 7.2733659e-07, No Iterations 6
time step continuity errors : sum local = 5.2082267e-08, global = 1.7739854e-17, cumulative = -1.8685156e-17
ExecutionTime = 3.96 s  ClockTime = 4 s

Time = 481

DILUPBiCGStab:  Solving for Ux, Initial residual = 0.00015560451, Final residual = 6.2337126e-07, No Iterations 1
DILUPBiCGStab:  Solving for Uy, Initial residual = 0.00019663309, Final residual = 7.9050709e-07, No Iterations 1
GAMG:  Solving for p, Initial residual = 0.00010904845, Final residual = 7.2392687e-07, No Iterations 6
time step continuity errors : sum local = 5.1840536e-08, global = 3.4234643e-17, cumulative = 1.5549488e-17
ExecutionTime = 3.97 s  ClockTime = 4 s

Time = 482

DILUPBiCGStab:  Solving for Ux, Initial residual = 0.00015490752, Final residual = 6.2037247e-07, No Iterations 1
DILUPBiCGStab:  Solving for Uy, Initial residual = 0.00019573306, Final residual = 7.8635215e-07, No Iterations 1
GAMG:  Solving for p, Initial residual = 0.000108552, Final residual = 7.2053565e-07, No Iterations 6
time step continuity errors : sum local = 5.160009e-08, global = 3.7658622e-18, cumulative = 1.931535e-17
ExecutionTime = 3.98 s  ClockTime = 4 s

Time = 483

DILUPBiCGStab:  Solving for Ux, Initial residual = 0.00015421365, Final residual = 6.1768054e-07, No Iterations 1
DILUPBiCGStab:  Solving for Uy, Initial residual = 0.00019483713, Final residual = 7.8222052e-07, No Iterations 1
GAMG:  Solving for p, Initial residual = 0.0001082176, Final residual = 7.1717188e-07, No Iterations 6
time step continuity errors : sum local = 5.1361588e-08, global = 5.8296579e-18, cumulative = 2.5145008e-17
ExecutionTime = 3.99 s  ClockTime = 4 s

Time = 484

DILUPBiCGStab:  Solving for Ux, Initial residual = 0.00015352297, Final residual = 6.1443007e-07, No Iterations 1
DILUPBiCGStab:  Solving for Uy, Initial residual = 0.00019394551, Final residual = 7.7811199e-07, No Iterations 1
GAMG:  Solving for p, Initial residual = 0.00010764806, Final residual = 7.1377366e-07, No Iterations 6
time step continuity errors : sum local = 5.1120627e-08, global = 5.3951102e-18, cumulative = 3.0540118e-17
ExecutionTime = 4 s  ClockTime = 4 s

Time = 485

DILUPBiCGStab:  Solving for Ux, Initial residual = 0.00015283535, Final residual = 6.1148053e-07, No Iterations 1
DILUPBiCGStab:  Solving for Uy, Initial residual = 0.00019305797, Final residual = 7.7402907e-07, No Iterations 1
GAMG:  Solving for p, Initial residual = 0.00010706977, Final residual = 7.103802e-07, No Iterations 6
time step continuity errors : sum local = 5.0880033e-08, global = 1.0848924e-17, cumulative = 4.1389042e-17
ExecutionTime = 4.01 s  ClockTime = 4 s

Time = 486

DILUPBiCGStab:  Solving for Ux, Initial residual = 0.00015215078, Final residual = 6.0854512e-07, No Iterations 1
DILUPBiCGStab:  Solving for Uy, Initial residual = 0.00019217472, Final residual = 7.6997016e-07, No Iterations 1
GAMG:  Solving for p, Initial residual = 0.00010651737, Final residual = 7.0700825e-07, No Iterations 6
time step continuity errors : sum local = 5.0640971e-08, global = 1.2186389e-17, cumulative = 5.357543e-17
ExecutionTime = 4.01 s  ClockTime = 4 s

Time = 487

DILUPBiCGStab:  Solving for Ux, Initial residual = 0.00015146924, Final residual = 6.0562442e-07, No Iterations 1
DILUPBiCGStab:  Solving for Uy, Initial residual = 0.00019129578, Final residual = 7.6593526e-07, No Iterations 1
GAMG:  Solving for p, Initial residual = 0.00010598752, Final residual = 7.0366191e-07, No Iterations 6
time step continuity errors : sum local = 5.0403703e-08, global = -2.4196595e-17, cumulative = 2.9378836e-17
ExecutionTime = 4.02 s  ClockTime = 4 s

Time = 488

DILUPBiCGStab:  Solving for Ux, Initial residual = 0.0001507907, Final residual = 6.0271845e-07, No Iterations 1
DILUPBiCGStab:  Solving for Uy, Initial residual = 0.00019042089, Final residual = 7.6192525e-07, No Iterations 1
GAMG:  Solving for p, Initial residual = 0.0001054753, Final residual = 7.0034265e-07, No Iterations 6
time step continuity errors : sum local = 5.0168319e-08, global = -1.1208013e-17, cumulative = 1.8170823e-17
ExecutionTime = 4.03 s  ClockTime = 4 s

Time = 489

DILUPBiCGStab:  Solving for Ux, Initial residual = 0.0001501152, Final residual = 5.9982928e-07, No Iterations 1
DILUPBiCGStab:  Solving for Uy, Initial residual = 0.00018954995, Final residual = 7.5794021e-07, No Iterations 1
GAMG:  Solving for p, Initial residual = 0.00010498064, Final residual = 6.970518e-07, No Iterations 6
time step continuity errors : sum local = 4.9934959e-08, global = 1.3203669e-17, cumulative = 3.1374492e-17
ExecutionTime = 4.04 s  ClockTime = 4 s

Time = 490

DILUPBiCGStab:  Solving for Ux, Initial residual = 0.00014944266, Final residual = 5.9695505e-07, No Iterations 1
DILUPBiCGStab:  Solving for Uy, Initial residual = 0.000188683, Final residual = 7.5397918e-07, No Iterations 1
GAMG:  Solving for p, Initial residual = 0.00010449313, Final residual = 6.9378698e-07, No Iterations 6
time step continuity errors : sum local = 4.970343e-08, global = 1.546933e-17, cumulative = 4.6843821e-17
ExecutionTime = 4.04 s  ClockTime = 4 s

Time = 491

DILUPBiCGStab:  Solving for Ux, Initial residual = 0.00014877305, Final residual = 5.9409439e-07, No Iterations 1
DILUPBiCGStab:  Solving for Uy, Initial residual = 0.00018782007, Final residual = 7.5004129e-07, No Iterations 1
GAMG:  Solving for p, Initial residual = 0.00010401127, Final residual = 6.9054217e-07, No Iterations 6
time step continuity errors : sum local = 4.9473259e-08, global = 1.1393943e-17, cumulative = 5.8237764e-17
ExecutionTime = 4.05 s  ClockTime = 4 s

Time = 492

DILUPBiCGStab:  Solving for Ux, Initial residual = 0.00014810639, Final residual = 5.9124915e-07, No Iterations 1
DILUPBiCGStab:  Solving for Uy, Initial residual = 0.00018696109, Final residual = 7.4612789e-07, No Iterations 1
GAMG:  Solving for p, Initial residual = 0.00010353393, Final residual = 6.8731452e-07, No Iterations 6
time step continuity errors : sum local = 4.9244264e-08, global = -1.2096094e-17, cumulative = 4.6141671e-17
ExecutionTime = 4.06 s  ClockTime = 4 s

Time = 493

DILUPBiCGStab:  Solving for Ux, Initial residual = 0.00014744268, Final residual = 5.8842297e-07, No Iterations 1
DILUPBiCGStab:  Solving for Uy, Initial residual = 0.00018610656, Final residual = 7.422388e-07, No Iterations 1
GAMG:  Solving for p, Initial residual = 0.0001030605, Final residual = 6.8411017e-07, No Iterations 6
time step continuity errors : sum local = 4.9016894e-08, global = -1.8573216e-17, cumulative = 2.7568455e-17
ExecutionTime = 4.07 s  ClockTime = 4 s

Time = 494

DILUPBiCGStab:  Solving for Ux, Initial residual = 0.0001467819, Final residual = 5.856115e-07, No Iterations 1
DILUPBiCGStab:  Solving for Uy, Initial residual = 0.00018525595, Final residual = 7.3837196e-07, No Iterations 1
GAMG:  Solving for p, Initial residual = 0.00010259083, Final residual = 6.80921e-07, No Iterations 6
time step continuity errors : sum local = 4.8790594e-08, global = 1.7006053e-17, cumulative = 4.4574507e-17
ExecutionTime = 4.07 s  ClockTime = 4 s

Time = 495

DILUPBiCGStab:  Solving for Ux, Initial residual = 0.00014612415, Final residual = 5.8281373e-07, No Iterations 1
DILUPBiCGStab:  Solving for Uy, Initial residual = 0.00018440922, Final residual = 7.3452631e-07, No Iterations 1
GAMG:  Solving for p, Initial residual = 0.0001021202, Final residual = 6.7774133e-07, No Iterations 6
time step continuity errors : sum local = 4.8564961e-08, global = -1.0532259e-18, cumulative = 4.3521282e-17
ExecutionTime = 4.08 s  ClockTime = 4 s

Time = 496

DILUPBiCGStab:  Solving for Ux, Initial residual = 0.00014546933, Final residual = 5.800308e-07, No Iterations 1
DILUPBiCGStab:  Solving for Uy, Initial residual = 0.00018356634, Final residual = 7.3070435e-07, No Iterations 1
GAMG:  Solving for p, Initial residual = 0.00010163817, Final residual = 6.7456706e-07, No Iterations 6
time step continuity errors : sum local = 4.8339718e-08, global = -7.4918211e-18, cumulative = 3.602946e-17
ExecutionTime = 4.09 s  ClockTime = 4 s

Time = 497

DILUPBiCGStab:  Solving for Ux, Initial residual = 0.00014481739, Final residual = 5.772635e-07, No Iterations 1
DILUPBiCGStab:  Solving for Uy, Initial residual = 0.00018272726, Final residual = 7.2690645e-07, No Iterations 1
GAMG:  Solving for p, Initial residual = 0.000101161, Final residual = 6.7140833e-07, No Iterations 6
time step continuity errors : sum local = 4.8115545e-08, global = -2.1133432e-17, cumulative = 1.4896028e-17
ExecutionTime = 4.1 s  ClockTime = 4 s

Time = 498

DILUPBiCGStab:  Solving for Ux, Initial residual = 0.00014416833, Final residual = 5.7451041e-07, No Iterations 1
DILUPBiCGStab:  Solving for Uy, Initial residual = 0.00018189197, Final residual = 7.23132e-07, No Iterations 1
GAMG:  Solving for p, Initial residual = 0.00010069137, Final residual = 6.6826629e-07, No Iterations 6
time step continuity errors : sum local = 4.7892532e-08, global = 7.9996637e-18, cumulative = 2.2895692e-17
ExecutionTime = 4.11 s  ClockTime = 4 s

Time = 499

DILUPBiCGStab:  Solving for Ux, Initial residual = 0.00014352222, Final residual = 5.7177233e-07, No Iterations 1
DILUPBiCGStab:  Solving for Uy, Initial residual = 0.00018106047, Final residual = 7.1938051e-07, No Iterations 1
GAMG:  Solving for p, Initial residual = 0.00010022904, Final residual = 6.651416e-07, No Iterations 6
time step continuity errors : sum local = 4.7670733e-08, global = 2.2040194e-17, cumulative = 4.4935886e-17
ExecutionTime = 4.12 s  ClockTime = 4 s

Time = 500

DILUPBiCGStab:  Solving for Ux, Initial residual = 0.00014287896, Final residual = 5.6904886e-07, No Iterations 1
DILUPBiCGStab:  Solving for Uy, Initial residual = 0.00018023311, Final residual = 7.1565101e-07, No Iterations 1
GAMG:  Solving for p, Initial residual = 9.9769972e-05, Final residual = 6.620327e-07, No Iterations 6
time step continuity errors : sum local = 4.7450042e-08, global = -1.6369077e-17, cumulative = 2.8566809e-17
ExecutionTime = 4.12 s  ClockTime = 4 s

Time = 501

DILUPBiCGStab:  Solving for Ux, Initial residual = 0.00014223853, Final residual = 5.6633838e-07, No Iterations 1
DILUPBiCGStab:  Solving for Uy, Initial residual = 0.00017940963, Final residual = 7.1194325e-07, No Iterations 1
GAMG:  Solving for p, Initial residual = 9.9313685e-05, Final residual = 6.5893773e-07, No Iterations 6
time step continuity errors : sum local = 4.7230321e-08, global = 1.6646838e-17, cumulative = 4.5213647e-17
ExecutionTime = 4.13 s  ClockTime = 4 s

Time = 502

DILUPBiCGStab:  Solving for Ux, Initial residual = 0.00014160097, Final residual = 5.636421e-07, No Iterations 1
DILUPBiCGStab:  Solving for Uy, Initial residual = 0.00017858994, Final residual = 7.082581e-07, No Iterations 1
GAMG:  Solving for p, Initial residual = 9.8860513e-05, Final residual = 6.5585524e-07, No Iterations 6
time step continuity errors : sum local = 4.7011449e-08, global = -1.1478885e-17, cumulative = 3.3734762e-17
ExecutionTime = 4.15 s  ClockTime = 4 s

Time = 503

DILUPBiCGStab:  Solving for Ux, Initial residual = 0.00014096626, Final residual = 5.6096025e-07, No Iterations 1
DILUPBiCGStab:  Solving for Uy, Initial residual = 0.00017777393, Final residual = 7.0459676e-07, No Iterations 1
GAMG:  Solving for p, Initial residual = 9.8410497e-05, Final residual = 6.5278796e-07, No Iterations 6
time step continuity errors : sum local = 4.6793638e-08, global = 3.87908e-19, cumulative = 3.412267e-17
ExecutionTime = 4.15 s  ClockTime = 4 s

Time = 504

DILUPBiCGStab:  Solving for Ux, Initial residual = 0.00014033435, Final residual = 5.5829259e-07, No Iterations 1
DILUPBiCGStab:  Solving for Uy, Initial residual = 0.0001769616, Final residual = 7.0095726e-07, No Iterations 1
GAMG:  Solving for p, Initial residual = 9.7963001e-05, Final residual = 6.4973603e-07, No Iterations 6
time step continuity errors : sum local = 4.6576897e-08, global = 1.1769377e-17, cumulative = 4.5892047e-17
ExecutionTime = 4.16 s  ClockTime = 4 s

Time = 505

DILUPBiCGStab:  Solving for Ux, Initial residual = 0.00013970522, Final residual = 5.5565294e-07, No Iterations 1
DILUPBiCGStab:  Solving for Uy, Initial residual = 0.00017615293, Final residual = 6.9734193e-07, No Iterations 1
GAMG:  Solving for p, Initial residual = 9.7518874e-05, Final residual = 6.4668633e-07, No Iterations 6
time step continuity errors : sum local = 4.6360371e-08, global = 1.3375663e-17, cumulative = 5.926771e-17
ExecutionTime = 4.17 s  ClockTime = 4 s

Time = 506

DILUPBiCGStab:  Solving for Ux, Initial residual = 0.00013907887, Final residual = 5.5304296e-07, No Iterations 1
DILUPBiCGStab:  Solving for Uy, Initial residual = 0.00017534796, Final residual = 6.9375153e-07, No Iterations 1
GAMG:  Solving for p, Initial residual = 9.7075498e-05, Final residual = 6.4362554e-07, No Iterations 6
time step continuity errors : sum local = 4.6143209e-08, global = 4.8806766e-18, cumulative = 6.4148387e-17
ExecutionTime = 4.18 s  ClockTime = 4 s

Time = 507

DILUPBiCGStab:  Solving for Ux, Initial residual = 0.00013845528, Final residual = 5.5041884e-07, No Iterations 1
DILUPBiCGStab:  Solving for Uy, Initial residual = 0.00017454687, Final residual = 6.9021822e-07, No Iterations 1
GAMG:  Solving for p, Initial residual = 9.6652064e-05, Final residual = 6.4059516e-07, No Iterations 6
time step continuity errors : sum local = 4.5928138e-08, global = 3.545177e-18, cumulative = 6.7693564e-17
ExecutionTime = 4.19 s  ClockTime = 4 s

Time = 508

DILUPBiCGStab:  Solving for Ux, Initial residual = 0.00013783445, Final residual = 5.4779909e-07, No Iterations 1
DILUPBiCGStab:  Solving for Uy, Initial residual = 0.00017374959, Final residual = 6.8669584e-07, No Iterations 1
GAMG:  Solving for p, Initial residual = 9.6235153e-05, Final residual = 6.3759126e-07, No Iterations 6
time step continuity errors : sum local = 4.5714855e-08, global = 5.8181568e-18, cumulative = 7.3511721e-17
ExecutionTime = 4.2 s  ClockTime = 4 s

Time = 509

DILUPBiCGStab:  Solving for Ux, Initial residual = 0.00013721638, Final residual = 5.4519038e-07, No Iterations 1
DILUPBiCGStab:  Solving for Uy, Initial residual = 0.00017295598, Final residual = 6.8318238e-07, No Iterations 1
GAMG:  Solving for p, Initial residual = 9.5810713e-05, Final residual = 6.346062e-07, No Iterations 6
time step continuity errors : sum local = 4.5502853e-08, global = 5.777797e-18, cumulative = 7.9289518e-17
ExecutionTime = 4.2 s  ClockTime = 4 s

Time = 510

DILUPBiCGStab:  Solving for Ux, Initial residual = 0.00013660116, Final residual = 5.4259446e-07, No Iterations 1
DILUPBiCGStab:  Solving for Uy, Initial residual = 0.000172166, Final residual = 6.7968298e-07, No Iterations 1
GAMG:  Solving for p, Initial residual = 9.5381715e-05, Final residual = 6.3163757e-07, No Iterations 6
time step continuity errors : sum local = 4.5291992e-08, global = 1.6498256e-17, cumulative = 9.5787774e-17
ExecutionTime = 4.21 s  ClockTime = 4 s

Time = 511

DILUPBiCGStab:  Solving for Ux, Initial residual = 0.00013598869, Final residual = 5.4001084e-07, No Iterations 1
DILUPBiCGStab:  Solving for Uy, Initial residual = 0.00017137958, Final residual = 6.7620013e-07, No Iterations 1
GAMG:  Solving for p, Initial residual = 9.4935879e-05, Final residual = 6.2868185e-07, No Iterations 6
time step continuity errors : sum local = 4.5082032e-08, global = 3.7779238e-17, cumulative = 1.3356701e-16
ExecutionTime = 4.22 s  ClockTime = 4 s

Time = 512

DILUPBiCGStab:  Solving for Ux, Initial residual = 0.00013537892, Final residual = 5.374404e-07, No Iterations 1
DILUPBiCGStab:  Solving for Uy, Initial residual = 0.00017059674, Final residual = 6.7273435e-07, No Iterations 1
GAMG:  Solving for p, Initial residual = 9.4491633e-05, Final residual = 6.2574056e-07, No Iterations 6
time step continuity errors : sum local = 4.4873087e-08, global = -2.3695747e-17, cumulative = 1.0987126e-16
ExecutionTime = 4.23 s  ClockTime = 4 s

Time = 513

DILUPBiCGStab:  Solving for Ux, Initial residual = 0.00013477184, Final residual = 5.3482969e-07, No Iterations 1
DILUPBiCGStab:  Solving for Uy, Initial residual = 0.00016981772, Final residual = 6.6928465e-07, No Iterations 1
GAMG:  Solving for p, Initial residual = 9.4054502e-05, Final residual = 6.2281338e-07, No Iterations 6
time step continuity errors : sum local = 4.4665141e-08, global = 2.0112155e-17, cumulative = 1.2998342e-16
ExecutionTime = 4.24 s  ClockTime = 4 s

Time = 514

DILUPBiCGStab:  Solving for Ux, Initial residual = 0.00013416753, Final residual = 5.3222384e-07, No Iterations 1
DILUPBiCGStab:  Solving for Uy, Initial residual = 0.00016904257, Final residual = 6.6585353e-07, No Iterations 1
GAMG:  Solving for p, Initial residual = 9.3633284e-05, Final residual = 6.1989889e-07, No Iterations 6
time step continuity errors : sum local = 4.44581e-08, global = -1.1426759e-17, cumulative = 1.1855666e-16
ExecutionTime = 4.25 s  ClockTime = 4 s

Time = 515

DILUPBiCGStab:  Solving for Ux, Initial residual = 0.00013356593, Final residual = 5.2968557e-07, No Iterations 1
DILUPBiCGStab:  Solving for Uy, Initial residual = 0.00016827099, Final residual = 6.6244368e-07, No Iterations 1
GAMG:  Solving for p, Initial residual = 9.3212861e-05, Final residual = 6.1699998e-07, No Iterations 6
time step continuity errors : sum local = 4.4252149e-08, global = -1.6502584e-19, cumulative = 1.1839164e-16
ExecutionTime = 4.25 s  ClockTime = 4 s

Time = 516

DILUPBiCGStab:  Solving for Ux, Initial residual = 0.00013296699, Final residual = 5.2717274e-07, No Iterations 1
DILUPBiCGStab:  Solving for Uy, Initial residual = 0.00016750318, Final residual = 6.5905275e-07, No Iterations 1
GAMG:  Solving for p, Initial residual = 9.2793365e-05, Final residual = 6.1411529e-07, No Iterations 6
time step continuity errors : sum local = 4.4047183e-08, global = 1.2821233e-18, cumulative = 1.1967376e-16
ExecutionTime = 4.26 s  ClockTime = 4 s

Time = 517

DILUPBiCGStab:  Solving for Ux, Initial residual = 0.0001323708, Final residual = 5.2467865e-07, No Iterations 1
DILUPBiCGStab:  Solving for Uy, Initial residual = 0.00016673913, Final residual = 6.556788e-07, No Iterations 1
GAMG:  Solving for p, Initial residual = 9.2376539e-05, Final residual = 6.1124601e-07, No Iterations 6
time step continuity errors : sum local = 4.3843287e-08, global = -2.7769446e-19, cumulative = 1.1939606e-16
ExecutionTime = 4.27 s  ClockTime = 4 s

Time = 518

DILUPBiCGStab:  Solving for Ux, Initial residual = 0.00013177724, Final residual = 5.2219959e-07, No Iterations 1
DILUPBiCGStab:  Solving for Uy, Initial residual = 0.00016597856, Final residual = 6.5232389e-07, No Iterations 1
GAMG:  Solving for p, Initial residual = 9.1961347e-05, Final residual = 6.0839149e-07, No Iterations 6
time step continuity errors : sum local = 4.3640413e-08, global = -1.1487593e-17, cumulative = 1.0790847e-16
ExecutionTime = 4.28 s  ClockTime = 4 s

Time = 519

DILUPBiCGStab:  Solving for Ux, Initial residual = 0.0001311863, Final residual = 5.1973242e-07, No Iterations 1
DILUPBiCGStab:  Solving for Uy, Initial residual = 0.00016522141, Final residual = 6.4898725e-07, No Iterations 1
GAMG:  Solving for p, Initial residual = 9.1547657e-05, Final residual = 6.0555102e-07, No Iterations 6
time step continuity errors : sum local = 4.3438518e-08, global = -8.6357987e-18, cumulative = 9.9272673e-17
ExecutionTime = 4.29 s  ClockTime = 4 s

Time = 520

DILUPBiCGStab:  Solving for Ux, Initial residual = 0.000130598, Final residual = 5.1727744e-07, No Iterations 1
DILUPBiCGStab:  Solving for Uy, Initial residual = 0.00016446793, Final residual = 6.4566875e-07, No Iterations 1
GAMG:  Solving for p, Initial residual = 9.1134948e-05, Final residual = 6.0272525e-07, No Iterations 6
time step continuity errors : sum local = 4.3237645e-08, global = -2.0476744e-17, cumulative = 7.8795929e-17
ExecutionTime = 4.3 s  ClockTime = 4 s

Time = 521

DILUPBiCGStab:  Solving for Ux, Initial residual = 0.00013001249, Final residual = 5.1483567e-07, No Iterations 1
DILUPBiCGStab:  Solving for Uy, Initial residual = 0.00016371795, Final residual = 6.4236817e-07, No Iterations 1
GAMG:  Solving for p, Initial residual = 9.0723395e-05, Final residual = 5.9991321e-07, No Iterations 6
time step continuity errors : sum local = 4.303773e-08, global = -3.7754707e-18, cumulative = 7.5020458e-17
ExecutionTime = 4.3 s  ClockTime = 4 s

Time = 522

DILUPBiCGStab:  Solving for Ux, Initial residual = 0.00012942972, Final residual = 5.1240667e-07, No Iterations 1
DILUPBiCGStab:  Solving for Uy, Initial residual = 0.00016297143, Final residual = 6.3908524e-07, No Iterations 1
GAMG:  Solving for p, Initial residual = 9.0313394e-05, Final residual = 5.9711455e-07, No Iterations 6
time step continuity errors : sum local = 4.283875e-08, global = -2.9073857e-17, cumulative = 4.5946602e-17
ExecutionTime = 4.31 s  ClockTime = 4 s

Time = 523

DILUPBiCGStab:  Solving for Ux, Initial residual = 0.00012884958, Final residual = 5.0999019e-07, No Iterations 1
DILUPBiCGStab:  Solving for Uy, Initial residual = 0.00016222839, Final residual = 6.3582046e-07, No Iterations 1
GAMG:  Solving for p, Initial residual = 8.9905243e-05, Final residual = 5.9432802e-07, No Iterations 6
time step continuity errors : sum local = 4.2640621e-08, global = 2.120318e-17, cumulative = 6.7149782e-17
ExecutionTime = 4.32 s  ClockTime = 4 s

Time = 524

DILUPBiCGStab:  Solving for Ux, Initial residual = 0.00012827199, Final residual = 5.0759593e-07, No Iterations 1
DILUPBiCGStab:  Solving for Uy, Initial residual = 0.00016148872, Final residual = 6.3258776e-07, No Iterations 1
GAMG:  Solving for p, Initial residual = 8.9498187e-05, Final residual = 5.9156138e-07, No Iterations 6
time step continuity errors : sum local = 4.2443914e-08, global = -8.3965383e-18, cumulative = 5.8753243e-17
ExecutionTime = 4.33 s  ClockTime = 4 s

Time = 525

DILUPBiCGStab:  Solving for Ux, Initial residual = 0.00012769715, Final residual = 5.0522688e-07, No Iterations 1
DILUPBiCGStab:  Solving for Uy, Initial residual = 0.00016075261, Final residual = 6.2950015e-07, No Iterations 1
GAMG:  Solving for p, Initial residual = 8.9090814e-05, Final residual = 5.8882343e-07, No Iterations 6
time step continuity errors : sum local = 4.2249291e-08, global = -1.0731749e-17, cumulative = 4.8021495e-17
ExecutionTime = 4.34 s  ClockTime = 4 s

Time = 526

DILUPBiCGStab:  Solving for Ux, Initial residual = 0.00012712485, Final residual = 5.0286586e-07, No Iterations 1
DILUPBiCGStab:  Solving for Uy, Initial residual = 0.00016002, Final residual = 6.2633352e-07, No Iterations 1
GAMG:  Solving for p, Initial residual = 8.8690503e-05, Final residual = 5.8609008e-07, No Iterations 6
time step continuity errors : sum local = 4.2054988e-08, global = -8.6030489e-18, cumulative = 3.9418446e-17
ExecutionTime = 4.35 s  ClockTime = 4 s

Time = 527

DILUPBiCGStab:  Solving for Ux, Initial residual = 0.00012655507, Final residual = 5.0051475e-07, No Iterations 1
DILUPBiCGStab:  Solving for Uy, Initial residual = 0.00015929082, Final residual = 6.2315536e-07, No Iterations 1
GAMG:  Solving for p, Initial residual = 8.831133e-05, Final residual = 5.833601e-07, No Iterations 6
time step continuity errors : sum local = 4.1860901e-08, global = 6.6663809e-18, cumulative = 4.6084827e-17
ExecutionTime = 4.35 s  ClockTime = 4 s

Time = 528

DILUPBiCGStab:  Solving for Ux, Initial residual = 0.00012598779, Final residual = 4.9817408e-07, No Iterations 1
DILUPBiCGStab:  Solving for Uy, Initial residual = 0.00015856501, Final residual = 6.1998434e-07, No Iterations 1
GAMG:  Solving for p, Initial residual = 8.7938095e-05, Final residual = 5.8063935e-07, No Iterations 6
time step continuity errors : sum local = 4.1667437e-08, global = 5.5895704e-18, cumulative = 5.1674397e-17
ExecutionTime = 4.36 s  ClockTime = 4 s

Time = 529

DILUPBiCGStab:  Solving for Ux, Initial residual = 0.00012542301, Final residual = 4.958453e-07, No Iterations 1
DILUPBiCGStab:  Solving for Uy, Initial residual = 0.00015784251, Final residual = 6.1682592e-07, No Iterations 1
GAMG:  Solving for p, Initial residual = 8.7557251e-05, Final residual = 5.7793627e-07, No Iterations 6
time step continuity errors : sum local = 4.1475181e-08, global = 1.0758642e-18, cumulative = 5.2750261e-17
ExecutionTime = 4.37 s  ClockTime = 4 s

Time = 530

DILUPBiCGStab:  Solving for Ux, Initial residual = 0.00012486086, Final residual = 4.9352611e-07, No Iterations 1
DILUPBiCGStab:  Solving for Uy, Initial residual = 0.00015712337, Final residual = 6.1368244e-07, No Iterations 1
GAMG:  Solving for p, Initial residual = 8.7171313e-05, Final residual = 5.752485e-07, No Iterations 6
time step continuity errors : sum local = 4.1283954e-08, global = 1.5410911e-17, cumulative = 6.8161172e-17
ExecutionTime = 4.38 s  ClockTime = 5 s

Time = 531

DILUPBiCGStab:  Solving for Ux, Initial residual = 0.00012430123, Final residual = 4.9121591e-07, No Iterations 1
DILUPBiCGStab:  Solving for Uy, Initial residual = 0.00015640756, Final residual = 6.1055587e-07, No Iterations 1
GAMG:  Solving for p, Initial residual = 8.678238e-05, Final residual = 5.7257181e-07, No Iterations 6
time step continuity errors : sum local = 4.1093476e-08, global = 1.9136989e-18, cumulative = 7.0074871e-17
ExecutionTime = 4.39 s  ClockTime = 5 s

Time = 532

DILUPBiCGStab:  Solving for Ux, Initial residual = 0.0001237441, Final residual = 4.8891533e-07, No Iterations 1
DILUPBiCGStab:  Solving for Uy, Initial residual = 0.00015569496, Final residual = 6.0744762e-07, No Iterations 1
GAMG:  Solving for p, Initial residual = 8.6391619e-05, Final residual = 5.6990761e-07, No Iterations 6
time step continuity errors : sum local = 4.0903874e-08, global = 1.0045738e-17, cumulative = 8.0120609e-17
ExecutionTime = 4.4 s  ClockTime = 5 s

Time = 533

DILUPBiCGStab:  Solving for Ux, Initial residual = 0.00012318944, Final residual = 4.8662541e-07, No Iterations 1
DILUPBiCGStab:  Solving for Uy, Initial residual = 0.00015498574, Final residual = 6.0435737e-07, No Iterations 1
GAMG:  Solving for p, Initial residual = 8.6000078e-05, Final residual = 5.6725561e-07, No Iterations 6
time step continuity errors : sum local = 4.071514e-08, global = 4.2660748e-18, cumulative = 8.4386684e-17
ExecutionTime = 4.4 s  ClockTime = 5 s

Time = 534

DILUPBiCGStab:  Solving for Ux, Initial residual = 0.00012263725, Final residual = 4.8434949e-07, No Iterations 1
DILUPBiCGStab:  Solving for Uy, Initial residual = 0.00015427989, Final residual = 6.012841e-07, No Iterations 1
GAMG:  Solving for p, Initial residual = 8.5608842e-05, Final residual = 5.6461515e-07, No Iterations 6
time step continuity errors : sum local = 4.052723e-08, global = 1.0993045e-17, cumulative = 9.5379729e-17
ExecutionTime = 4.41 s  ClockTime = 5 s

Time = 535

DILUPBiCGStab:  Solving for Ux, Initial residual = 0.00012208754, Final residual = 4.8208338e-07, No Iterations 1
DILUPBiCGStab:  Solving for Uy, Initial residual = 0.00015357741, Final residual = 5.9822758e-07, No Iterations 1
GAMG:  Solving for p, Initial residual = 8.5218105e-05, Final residual = 5.6198832e-07, No Iterations 6
time step continuity errors : sum local = 4.0340278e-08, global = -4.2909167e-18, cumulative = 9.1088812e-17
ExecutionTime = 4.42 s  ClockTime = 5 s

Time = 536

DILUPBiCGStab:  Solving for Ux, Initial residual = 0.00012154033, Final residual = 4.7982702e-07, No Iterations 1
DILUPBiCGStab:  Solving for Uy, Initial residual = 0.0001528782, Final residual = 5.9519261e-07, No Iterations 1
GAMG:  Solving for p, Initial residual = 8.4828053e-05, Final residual = 5.5937416e-07, No Iterations 6
time step continuity errors : sum local = 4.0154216e-08, global = 1.2131755e-17, cumulative = 1.0322057e-16
ExecutionTime = 4.43 s  ClockTime = 5 s

Time = 537

DILUPBiCGStab:  Solving for Ux, Initial residual = 0.00012099564, Final residual = 4.7758118e-07, No Iterations 1
DILUPBiCGStab:  Solving for Uy, Initial residual = 0.0001521823, Final residual = 5.9217996e-07, No Iterations 1
GAMG:  Solving for p, Initial residual = 8.4438996e-05, Final residual = 5.5677396e-07, No Iterations 6
time step continuity errors : sum local = 3.9969138e-08, global = -6.058787e-18, cumulative = 9.716178e-17
ExecutionTime = 4.43 s  ClockTime = 5 s

Time = 538

DILUPBiCGStab:  Solving for Ux, Initial residual = 0.00012045336, Final residual = 4.7534598e-07, No Iterations 1
DILUPBiCGStab:  Solving for Uy, Initial residual = 0.00015148967, Final residual = 5.8918397e-07, No Iterations 1
GAMG:  Solving for p, Initial residual = 8.4051163e-05, Final residual = 5.5418494e-07, No Iterations 6
time step continuity errors : sum local = 3.9784844e-08, global = -1.092701e-17, cumulative = 8.6234771e-17
ExecutionTime = 4.44 s  ClockTime = 5 s

Time = 539

DILUPBiCGStab:  Solving for Ux, Initial residual = 0.0001199135, Final residual = 4.7312139e-07, No Iterations 1
DILUPBiCGStab:  Solving for Uy, Initial residual = 0.00015080047, Final residual = 5.8620532e-07, No Iterations 1
GAMG:  Solving for p, Initial residual = 8.3664268e-05, Final residual = 5.5160039e-07, No Iterations 6
time step continuity errors : sum local = 3.9600863e-08, global = -2.2935733e-17, cumulative = 6.3299038e-17
ExecutionTime = 4.45 s  ClockTime = 5 s

Time = 540

DILUPBiCGStab:  Solving for Ux, Initial residual = 0.00011937604, Final residual = 4.7090734e-07, No Iterations 1
DILUPBiCGStab:  Solving for Uy, Initial residual = 0.00015011439, Final residual = 5.8324472e-07, No Iterations 1
GAMG:  Solving for p, Initial residual = 8.3279025e-05, Final residual = 5.4902884e-07, No Iterations 6
time step continuity errors : sum local = 3.9417795e-08, global = -1.6528776e-17, cumulative = 4.6770262e-17
ExecutionTime = 4.47 s  ClockTime = 5 s

Time = 541

DILUPBiCGStab:  Solving for Ux, Initial residual = 0.00011884102, Final residual = 4.6870421e-07, No Iterations 1
DILUPBiCGStab:  Solving for Uy, Initial residual = 0.00014943144, Final residual = 5.802994e-07, No Iterations 1
GAMG:  Solving for p, Initial residual = 8.2895431e-05, Final residual = 5.4647235e-07, No Iterations 6
time step continuity errors : sum local = 3.9235782e-08, global = -9.0423877e-18, cumulative = 3.7727874e-17
ExecutionTime = 4.47 s  ClockTime = 5 s

Time = 542

DILUPBiCGStab:  Solving for Ux, Initial residual = 0.00011830837, Final residual = 4.6651184e-07, No Iterations 1
DILUPBiCGStab:  Solving for Uy, Initial residual = 0.00014875165, Final residual = 5.7737062e-07, No Iterations 1
GAMG:  Solving for p, Initial residual = 8.2514481e-05, Final residual = 5.4393313e-07, No Iterations 6
time step continuity errors : sum local = 3.9054985e-08, global = 1.0922715e-17, cumulative = 4.8650589e-17
ExecutionTime = 4.48 s  ClockTime = 5 s

Time = 543

DILUPBiCGStab:  Solving for Ux, Initial residual = 0.00011777807, Final residual = 4.6433044e-07, No Iterations 1
DILUPBiCGStab:  Solving for Uy, Initial residual = 0.00014807494, Final residual = 5.7445857e-07, No Iterations 1
GAMG:  Solving for p, Initial residual = 8.2135687e-05, Final residual = 5.4140534e-07, No Iterations 6
time step continuity errors : sum local = 3.8874994e-08, global = -3.7708054e-18, cumulative = 4.4879783e-17
ExecutionTime = 4.49 s  ClockTime = 5 s

Time = 544

DILUPBiCGStab:  Solving for Ux, Initial residual = 0.00011725011, Final residual = 4.6215923e-07, No Iterations 1
DILUPBiCGStab:  Solving for Uy, Initial residual = 0.00014740124, Final residual = 5.7156282e-07, No Iterations 1
GAMG:  Solving for p, Initial residual = 8.1760028e-05, Final residual = 5.3888806e-07, No Iterations 6
time step continuity errors : sum local = 3.8695746e-08, global = -5.2132297e-18, cumulative = 3.9666554e-17
ExecutionTime = 4.5 s  ClockTime = 5 s

Time = 545

DILUPBiCGStab:  Solving for Ux, Initial residual = 0.00011672448, Final residual = 4.5999804e-07, No Iterations 1
DILUPBiCGStab:  Solving for Uy, Initial residual = 0.00014673071, Final residual = 5.6868421e-07, No Iterations 1
GAMG:  Solving for p, Initial residual = 8.1386292e-05, Final residual = 5.3638027e-07, No Iterations 6
time step continuity errors : sum local = 3.8517163e-08, global = -5.1706067e-18, cumulative = 3.4495947e-17
ExecutionTime = 4.5 s  ClockTime = 5 s

Time = 546

DILUPBiCGStab:  Solving for Ux, Initial residual = 0.00011620118, Final residual = 4.5784717e-07, No Iterations 1
DILUPBiCGStab:  Solving for Uy, Initial residual = 0.00014606317, Final residual = 5.6582263e-07, No Iterations 1
GAMG:  Solving for p, Initial residual = 8.1014628e-05, Final residual = 5.3388516e-07, No Iterations 6
time step continuity errors : sum local = 3.8339474e-08, global = 4.6747087e-18, cumulative = 3.9170656e-17
ExecutionTime = 4.51 s  ClockTime = 5 s

Time = 547

DILUPBiCGStab:  Solving for Ux, Initial residual = 0.00011568023, Final residual = 4.557065e-07, No Iterations 1
DILUPBiCGStab:  Solving for Uy, Initial residual = 0.00014539865, Final residual = 5.6297695e-07, No Iterations 1
GAMG:  Solving for p, Initial residual = 8.0647836e-05, Final residual = 5.3140271e-07, No Iterations 6
time step continuity errors : sum local = 3.8162672e-08, global = 1.3634683e-17, cumulative = 5.2805338e-17
ExecutionTime = 4.52 s  ClockTime = 5 s

Time = 548

DILUPBiCGStab:  Solving for Ux, Initial residual = 0.00011516165, Final residual = 4.5357586e-07, No Iterations 1
DILUPBiCGStab:  Solving for Uy, Initial residual = 0.00014473714, Final residual = 5.6014715e-07, No Iterations 1
GAMG:  Solving for p, Initial residual = 8.0280496e-05, Final residual = 5.2893209e-07, No Iterations 6
time step continuity errors : sum local = 3.7986703e-08, global = 3.3726205e-18, cumulative = 5.6177959e-17
ExecutionTime = 4.53 s  ClockTime = 5 s

Time = 549

DILUPBiCGStab:  Solving for Ux, Initial residual = 0.00011464537, Final residual = 4.5144967e-07, No Iterations 1
DILUPBiCGStab:  Solving for Uy, Initial residual = 0.00014407864, Final residual = 5.5733323e-07, No Iterations 1
GAMG:  Solving for p, Initial residual = 7.9910784e-05, Final residual = 5.2647797e-07, No Iterations 6
time step continuity errors : sum local = 3.7811895e-08, global = -9.4636741e-19, cumulative = 5.5231591e-17
ExecutionTime = 4.54 s  ClockTime = 5 s

Time = 550

DILUPBiCGStab:  Solving for Ux, Initial residual = 0.00011413134, Final residual = 4.4933211e-07, No Iterations 1
DILUPBiCGStab:  Solving for Uy, Initial residual = 0.0001434231, Final residual = 5.5453526e-07, No Iterations 1
GAMG:  Solving for p, Initial residual = 7.9545774e-05, Final residual = 5.24046e-07, No Iterations 6
time step continuity errors : sum local = 3.7638645e-08, global = -1.8649356e-17, cumulative = 3.6582235e-17
ExecutionTime = 4.55 s  ClockTime = 5 s

Time = 551

DILUPBiCGStab:  Solving for Ux, Initial residual = 0.00011361959, Final residual = 4.4723152e-07, No Iterations 1
DILUPBiCGStab:  Solving for Uy, Initial residual = 0.00014277067, Final residual = 5.5175267e-07, No Iterations 1
GAMG:  Solving for p, Initial residual = 7.9185357e-05, Final residual = 5.2162104e-07, No Iterations 6
time step continuity errors : sum local = 3.746589e-08, global = 1.8436175e-17, cumulative = 5.501841e-17
ExecutionTime = 4.56 s  ClockTime = 5 s

Time = 552

DILUPBiCGStab:  Solving for Ux, Initial residual = 0.00011311008, Final residual = 4.4514069e-07, No Iterations 1
DILUPBiCGStab:  Solving for Uy, Initial residual = 0.00014212117, Final residual = 5.4898571e-07, No Iterations 1
GAMG:  Solving for p, Initial residual = 7.8828276e-05, Final residual = 5.192063e-07, No Iterations 6
time step continuity errors : sum local = 3.7293867e-08, global = -2.5213987e-18, cumulative = 5.2497012e-17
ExecutionTime = 4.56 s  ClockTime = 5 s

Time = 553

DILUPBiCGStab:  Solving for Ux, Initial residual = 0.00011260281, Final residual = 4.4305986e-07, No Iterations 1
DILUPBiCGStab:  Solving for Uy, Initial residual = 0.00014147458, Final residual = 5.4623461e-07, No Iterations 1
GAMG:  Solving for p, Initial residual = 7.8473605e-05, Final residual = 5.1679919e-07, No Iterations 6
time step continuity errors : sum local = 3.7122385e-08, global = 8.8713665e-18, cumulative = 6.1368378e-17
ExecutionTime = 4.57 s  ClockTime = 5 s

Time = 554

DILUPBiCGStab:  Solving for Ux, Initial residual = 0.00011209779, Final residual = 4.4098891e-07, No Iterations 1
DILUPBiCGStab:  Solving for Uy, Initial residual = 0.00014083088, Final residual = 5.434996e-07, No Iterations 1
GAMG:  Solving for p, Initial residual = 7.8121934e-05, Final residual = 5.1439869e-07, No Iterations 6
time step continuity errors : sum local = 3.6951365e-08, global = 1.0754142e-17, cumulative = 7.212252e-17
ExecutionTime = 4.58 s  ClockTime = 5 s

Time = 555

DILUPBiCGStab:  Solving for Ux, Initial residual = 0.00011159501, Final residual = 4.3892854e-07, No Iterations 1
DILUPBiCGStab:  Solving for Uy, Initial residual = 0.00014019013, Final residual = 5.4077941e-07, No Iterations 1
GAMG:  Solving for p, Initial residual = 7.7772567e-05, Final residual = 5.1200872e-07, No Iterations 6
time step continuity errors : sum local = 3.6781081e-08, global = 4.323104e-18, cumulative = 7.6445624e-17
ExecutionTime = 4.59 s  ClockTime = 5 s

Time = 556

DILUPBiCGStab:  Solving for Ux, Initial residual = 0.00011109454, Final residual = 4.3687801e-07, No Iterations 1
DILUPBiCGStab:  Solving for Uy, Initial residual = 0.00013955231, Final residual = 5.3807418e-07, No Iterations 1
GAMG:  Solving for p, Initial residual = 7.7423992e-05, Final residual = 5.0963092e-07, No Iterations 6
time step continuity errors : sum local = 3.661165e-08, global = -9.521451e-18, cumulative = 6.6924173e-17
ExecutionTime = 4.6 s  ClockTime = 5 s

Time = 557

DILUPBiCGStab:  Solving for Ux, Initial residual = 0.00011059634, Final residual = 4.348374e-07, No Iterations 1
DILUPBiCGStab:  Solving for Uy, Initial residual = 0.00013891735, Final residual = 5.3538416e-07, No Iterations 1
GAMG:  Solving for p, Initial residual = 7.7077302e-05, Final residual = 5.0726563e-07, No Iterations 6
time step continuity errors : sum local = 3.6443097e-08, global = 9.5209547e-18, cumulative = 7.6445128e-17
ExecutionTime = 4.61 s  ClockTime = 5 s

Time = 558

DILUPBiCGStab:  Solving for Ux, Initial residual = 0.00011010035, Final residual = 4.3280692e-07, No Iterations 1
DILUPBiCGStab:  Solving for Uy, Initial residual = 0.00013828523, Final residual = 5.3270895e-07, No Iterations 1
GAMG:  Solving for p, Initial residual = 7.6731787e-05, Final residual = 5.0491043e-07, No Iterations 6
time step continuity errors : sum local = 3.6275256e-08, global = -1.9107402e-17, cumulative = 5.7337726e-17
ExecutionTime = 4.61 s  ClockTime = 5 s

Time = 559

DILUPBiCGStab:  Solving for Ux, Initial residual = 0.00010960656, Final residual = 4.3078625e-07, No Iterations 1
DILUPBiCGStab:  Solving for Uy, Initial residual = 0.00013765595, Final residual = 5.30049e-07, No Iterations 1
GAMG:  Solving for p, Initial residual = 7.6387159e-05, Final residual = 5.0256733e-07, No Iterations 6
time step continuity errors : sum local = 3.6108267e-08, global = -1.4565162e-17, cumulative = 4.2772564e-17
ExecutionTime = 4.62 s  ClockTime = 5 s

Time = 560

DILUPBiCGStab:  Solving for Ux, Initial residual = 0.00010911504, Final residual = 4.2877568e-07, No Iterations 1
DILUPBiCGStab:  Solving for Uy, Initial residual = 0.00013702954, Final residual = 5.2740386e-07, No Iterations 1
GAMG:  Solving for p, Initial residual = 7.6044765e-05, Final residual = 5.0023472e-07, No Iterations 6
time step continuity errors : sum local = 3.5942012e-08, global = 1.3669735e-17, cumulative = 5.6442299e-17
ExecutionTime = 4.63 s  ClockTime = 5 s

Time = 561

DILUPBiCGStab:  Solving for Ux, Initial residual = 0.00010862568, Final residual = 4.2677524e-07, No Iterations 1
DILUPBiCGStab:  Solving for Uy, Initial residual = 0.00013640599, Final residual = 5.2477343e-07, No Iterations 1
GAMG:  Solving for p, Initial residual = 7.5705649e-05, Final residual = 4.9791255e-07, No Iterations 6
time step continuity errors : sum local = 3.577649e-08, global = -1.3838996e-18, cumulative = 5.50584e-17
ExecutionTime = 4.64 s  ClockTime = 5 s

Time = 562

DILUPBiCGStab:  Solving for Ux, Initial residual = 0.00010813848, Final residual = 4.247847e-07, No Iterations 1
DILUPBiCGStab:  Solving for Uy, Initial residual = 0.00013578529, Final residual = 5.2215763e-07, No Iterations 1
GAMG:  Solving for p, Initial residual = 7.5368612e-05, Final residual = 4.9560096e-07, No Iterations 6
time step continuity errors : sum local = 3.5611712e-08, global = -6.6760027e-18, cumulative = 4.8382397e-17
ExecutionTime = 4.65 s  ClockTime = 5 s

Time = 563

DILUPBiCGStab:  Solving for Ux, Initial residual = 0.00010765343, Final residual = 4.2280406e-07, No Iterations 1
DILUPBiCGStab:  Solving for Uy, Initial residual = 0.00013516737, Final residual = 5.1955635e-07, No Iterations 1
GAMG:  Solving for p, Initial residual = 7.5033676e-05, Final residual = 4.9329993e-07, No Iterations 6
time step continuity errors : sum local = 3.5447678e-08, global = -1.3958613e-17, cumulative = 3.4423784e-17
ExecutionTime = 4.66 s  ClockTime = 5 s

Time = 564

DILUPBiCGStab:  Solving for Ux, Initial residual = 0.0001071705, Final residual = 4.2083307e-07, No Iterations 1
DILUPBiCGStab:  Solving for Uy, Initial residual = 0.00013455222, Final residual = 5.1696963e-07, No Iterations 1
GAMG:  Solving for p, Initial residual = 7.4700361e-05, Final residual = 4.9100976e-07, No Iterations 6
time step continuity errors : sum local = 3.5284406e-08, global = -1.8652976e-17, cumulative = 1.5770808e-17
ExecutionTime = 4.67 s  ClockTime = 5 s

Time = 565

DILUPBiCGStab:  Solving for Ux, Initial residual = 0.00010668971, Final residual = 4.1887189e-07, No Iterations 1
DILUPBiCGStab:  Solving for Uy, Initial residual = 0.00013393982, Final residual = 5.143971e-07, No Iterations 1
GAMG:  Solving for p, Initial residual = 7.4368433e-05, Final residual = 4.8873093e-07, No Iterations 6
time step continuity errors : sum local = 3.5121931e-08, global = -1.9707419e-17, cumulative = -3.9366113e-18
ExecutionTime = 4.67 s  ClockTime = 5 s

Time = 566

DILUPBiCGStab:  Solving for Ux, Initial residual = 0.00010621103, Final residual = 4.1692011e-07, No Iterations 1
DILUPBiCGStab:  Solving for Uy, Initial residual = 0.00013333027, Final residual = 5.1183903e-07, No Iterations 1
GAMG:  Solving for p, Initial residual = 7.4037822e-05, Final residual = 4.8646558e-07, No Iterations 6
time step continuity errors : sum local = 3.4960406e-08, global = 7.965789e-18, cumulative = 4.0291777e-18
ExecutionTime = 4.68 s  ClockTime = 5 s

Time = 567

DILUPBiCGStab:  Solving for Ux, Initial residual = 0.00010573452, Final residual = 4.1497786e-07, No Iterations 1
DILUPBiCGStab:  Solving for Uy, Initial residual = 0.00013272347, Final residual = 5.0929535e-07, No Iterations 1
GAMG:  Solving for p, Initial residual = 7.370903e-05, Final residual = 4.8421103e-07, No Iterations 6
time step continuity errors : sum local = 3.4799641e-08, global = 1.6559759e-18, cumulative = 5.6851536e-18
ExecutionTime = 4.69 s  ClockTime = 5 s

Time = 568

DILUPBiCGStab:  Solving for Ux, Initial residual = 0.00010526015, Final residual = 4.1304558e-07, No Iterations 1
DILUPBiCGStab:  Solving for Uy, Initial residual = 0.00013211938, Final residual = 5.0676586e-07, No Iterations 1
GAMG:  Solving for p, Initial residual = 7.3381917e-05, Final residual = 4.8196577e-07, No Iterations 6
time step continuity errors : sum local = 3.4639528e-08, global = -3.3713916e-17, cumulative = -2.8028763e-17
ExecutionTime = 4.7 s  ClockTime = 5 s

Time = 569

DILUPBiCGStab:  Solving for Ux, Initial residual = 0.00010478787, Final residual = 4.1112296e-07, No Iterations 1
DILUPBiCGStab:  Solving for Uy, Initial residual = 0.00013151801, Final residual = 5.0425018e-07, No Iterations 1
GAMG:  Solving for p, Initial residual = 7.3056298e-05, Final residual = 4.7973106e-07, No Iterations 6
time step continuity errors : sum local = 3.4480157e-08, global = -2.8036791e-19, cumulative = -2.8309131e-17
ExecutionTime = 4.71 s  ClockTime = 5 s

Time = 570

DILUPBiCGStab:  Solving for Ux, Initial residual = 0.00010431767, Final residual = 4.0920982e-07, No Iterations 1
DILUPBiCGStab:  Solving for Uy, Initial residual = 0.00013091939, Final residual = 5.0174858e-07, No Iterations 1
GAMG:  Solving for p, Initial residual = 7.2732494e-05, Final residual = 4.775071e-07, No Iterations 6
time step continuity errors : sum local = 3.432154e-08, global = 3.59989e-20, cumulative = -2.8273132e-17
ExecutionTime = 4.72 s  ClockTime = 5 s

Time = 571

DILUPBiCGStab:  Solving for Ux, Initial residual = 0.00010384953, Final residual = 4.0730598e-07, No Iterations 1
DILUPBiCGStab:  Solving for Uy, Initial residual = 0.00013032359, Final residual = 4.9926136e-07, No Iterations 1
GAMG:  Solving for p, Initial residual = 7.2409416e-05, Final residual = 4.7529356e-07, No Iterations 6
time step continuity errors : sum local = 3.4163661e-08, global = -2.4413938e-18, cumulative = -3.0714526e-17
ExecutionTime = 4.72 s  ClockTime = 5 s

Time = 572

DILUPBiCGStab:  Solving for Ux, Initial residual = 0.00010338345, Final residual = 4.0541135e-07, No Iterations 1
DILUPBiCGStab:  Solving for Uy, Initial residual = 0.00012973053, Final residual = 4.9678769e-07, No Iterations 1
GAMG:  Solving for p, Initial residual = 7.2088062e-05, Final residual = 4.730913e-07, No Iterations 6
time step continuity errors : sum local = 3.400658e-08, global = 2.8983535e-17, cumulative = -1.7309904e-18
ExecutionTime = 4.73 s  ClockTime = 5 s

Time = 573

DILUPBiCGStab:  Solving for Ux, Initial residual = 0.00010291944, Final residual = 4.0354035e-07, No Iterations 1
DILUPBiCGStab:  Solving for Uy, Initial residual = 0.00012914025, Final residual = 4.9432765e-07, No Iterations 1
GAMG:  Solving for p, Initial residual = 7.1767946e-05, Final residual = 4.708932e-07, No Iterations 6
time step continuity errors : sum local = 3.3849895e-08, global = 2.8772796e-17, cumulative = 2.7041806e-17
ExecutionTime = 4.74 s  ClockTime = 5 s

Time = 574

DILUPBiCGStab:  Solving for Ux, Initial residual = 0.0001024575, Final residual = 4.0166941e-07, No Iterations 1
DILUPBiCGStab:  Solving for Uy, Initial residual = 0.0001285527, Final residual = 4.9188187e-07, No Iterations 1
GAMG:  Solving for p, Initial residual = 7.1449029e-05, Final residual = 4.6870974e-07, No Iterations 6
time step continuity errors : sum local = 3.3694241e-08, global = -3.8672944e-18, cumulative = 2.3174511e-17
ExecutionTime = 4.75 s  ClockTime = 5 s

Time = 575

DILUPBiCGStab:  Solving for Ux, Initial residual = 0.0001019976, Final residual = 3.99803e-07, No Iterations 1
DILUPBiCGStab:  Solving for Uy, Initial residual = 0.0001279678, Final residual = 4.8944963e-07, No Iterations 1
GAMG:  Solving for p, Initial residual = 7.1131566e-05, Final residual = 4.6653961e-07, No Iterations 6
time step continuity errors : sum local = 3.3539492e-08, global = -6.9313302e-18, cumulative = 1.6243181e-17
ExecutionTime = 4.76 s  ClockTime = 5 s

Time = 576

DILUPBiCGStab:  Solving for Ux, Initial residual = 0.00010153973, Final residual = 3.9794738e-07, No Iterations 1
DILUPBiCGStab:  Solving for Uy, Initial residual = 0.0001273856, Final residual = 4.8703138e-07, No Iterations 1
GAMG:  Solving for p, Initial residual = 7.081559e-05, Final residual = 4.6437886e-07, No Iterations 6
time step continuity errors : sum local = 3.3385374e-08, global = 2.3196513e-17, cumulative = 3.9439695e-17
ExecutionTime = 4.77 s  ClockTime = 5 s

Time = 577

DILUPBiCGStab:  Solving for Ux, Initial residual = 0.00010108391, Final residual = 3.9610088e-07, No Iterations 1
DILUPBiCGStab:  Solving for Uy, Initial residual = 0.0001268061, Final residual = 4.8462617e-07, No Iterations 1
GAMG:  Solving for p, Initial residual = 7.0501329e-05, Final residual = 4.6222889e-07, No Iterations 6
time step continuity errors : sum local = 3.3232002e-08, global = -5.2944787e-18, cumulative = 3.4145216e-17
ExecutionTime = 4.77 s  ClockTime = 5 s

Time = 578

DILUPBiCGStab:  Solving for Ux, Initial residual = 0.00010063016, Final residual = 3.9426191e-07, No Iterations 1
DILUPBiCGStab:  Solving for Uy, Initial residual = 0.00012622923, Final residual = 4.8223392e-07, No Iterations 1
GAMG:  Solving for p, Initial residual = 7.0188846e-05, Final residual = 4.6008859e-07, No Iterations 6
time step continuity errors : sum local = 3.3079307e-08, global = -4.1475564e-18, cumulative = 2.9997659e-17
ExecutionTime = 4.78 s  ClockTime = 5 s

Time = 579

DILUPBiCGStab:  Solving for Ux, Initial residual = 0.00010017846, Final residual = 3.9243123e-07, No Iterations 1
DILUPBiCGStab:  Solving for Uy, Initial residual = 0.00012565496, Final residual = 4.7985442e-07, No Iterations 1
GAMG:  Solving for p, Initial residual = 6.9877887e-05, Final residual = 4.5795869e-07, No Iterations 6
time step continuity errors : sum local = 3.292734e-08, global = -2.9460335e-18, cumulative = 2.7051626e-17
ExecutionTime = 4.79 s  ClockTime = 5 s

Time = 580

DILUPBiCGStab:  Solving for Ux, Initial residual = 9.9728769e-05, Final residual = 3.9060909e-07, No Iterations 1
DILUPBiCGStab:  Solving for Uy, Initial residual = 0.00012508327, Final residual = 4.774877e-07, No Iterations 1
GAMG:  Solving for p, Initial residual = 6.9570418e-05, Final residual = 4.5583897e-07, No Iterations 6
time step continuity errors : sum local = 3.2776089e-08, global = 5.8996507e-19, cumulative = 2.7641591e-17
ExecutionTime = 4.8 s  ClockTime = 5 s

Time = 581

DILUPBiCGStab:  Solving for Ux, Initial residual = 9.9281062e-05, Final residual = 3.8879559e-07, No Iterations 1
DILUPBiCGStab:  Solving for Uy, Initial residual = 0.00012451425, Final residual = 4.7513351e-07, No Iterations 1
GAMG:  Solving for p, Initial residual = 6.9265418e-05, Final residual = 4.5372918e-07, No Iterations 6
time step continuity errors : sum local = 3.262554e-08, global = 4.3277891e-18, cumulative = 3.196938e-17
ExecutionTime = 4.81 s  ClockTime = 5 s

Time = 582

DILUPBiCGStab:  Solving for Ux, Initial residual = 9.883533e-05, Final residual = 3.8699139e-07, No Iterations 1
DILUPBiCGStab:  Solving for Uy, Initial residual = 0.00012394778, Final residual = 4.7279183e-07, No Iterations 1
GAMG:  Solving for p, Initial residual = 6.8968242e-05, Final residual = 4.516297e-07, No Iterations 6
time step continuity errors : sum local = 3.247573e-08, global = 9.9071885e-18, cumulative = 4.1876569e-17
ExecutionTime = 4.82 s  ClockTime = 5 s

Time = 583

DILUPBiCGStab:  Solving for Ux, Initial residual = 9.8391512e-05, Final residual = 3.8519454e-07, No Iterations 1
DILUPBiCGStab:  Solving for Uy, Initial residual = 0.00012338385, Final residual = 4.7046132e-07, No Iterations 1
GAMG:  Solving for p, Initial residual = 6.8667054e-05, Final residual = 4.4954532e-07, No Iterations 6
time step continuity errors : sum local = 3.2326997e-08, global = 5.1178789e-18, cumulative = 4.6994448e-17
ExecutionTime = 4.82 s  ClockTime = 5 s

Time = 584

DILUPBiCGStab:  Solving for Ux, Initial residual = 9.7949639e-05, Final residual = 3.8341092e-07, No Iterations 1
DILUPBiCGStab:  Solving for Uy, Initial residual = 0.00012282246, Final residual = 4.6814496e-07, No Iterations 1
GAMG:  Solving for p, Initial residual = 6.8365612e-05, Final residual = 4.4747133e-07, No Iterations 6
time step continuity errors : sum local = 3.2179001e-08, global = -5.6704554e-18, cumulative = 4.1323992e-17
ExecutionTime = 4.83 s  ClockTime = 5 s

Time = 585

DILUPBiCGStab:  Solving for Ux, Initial residual = 9.7509735e-05, Final residual = 3.8163505e-07, No Iterations 1
DILUPBiCGStab:  Solving for Uy, Initial residual = 0.00012226362, Final residual = 4.6584481e-07, No Iterations 1
GAMG:  Solving for p, Initial residual = 6.806374e-05, Final residual = 4.454023e-07, No Iterations 6
time step continuity errors : sum local = 3.2031344e-08, global = -6.6592539e-18, cumulative = 3.4664738e-17
ExecutionTime = 4.84 s  ClockTime = 5 s

Time = 586

DILUPBiCGStab:  Solving for Ux, Initial residual = 9.7071777e-05, Final residual = 3.79867e-07, No Iterations 1
DILUPBiCGStab:  Solving for Uy, Initial residual = 0.00012170732, Final residual = 4.6355994e-07, No Iterations 1
GAMG:  Solving for p, Initial residual = 6.7758941e-05, Final residual = 4.4334178e-07, No Iterations 6
time step continuity errors : sum local = 3.1884279e-08, global = 8.0609082e-18, cumulative = 4.2725646e-17
ExecutionTime = 4.85 s  ClockTime = 5 s

Time = 587

DILUPBiCGStab:  Solving for Ux, Initial residual = 9.6635751e-05, Final residual = 3.7810744e-07, No Iterations 1
DILUPBiCGStab:  Solving for Uy, Initial residual = 0.00012115362, Final residual = 4.6128388e-07, No Iterations 1
GAMG:  Solving for p, Initial residual = 6.7455736e-05, Final residual = 4.4128947e-07, No Iterations 6
time step continuity errors : sum local = 3.1737789e-08, global = 1.0924932e-17, cumulative = 5.3650578e-17
ExecutionTime = 4.86 s  ClockTime = 5 s

Time = 588

DILUPBiCGStab:  Solving for Ux, Initial residual = 9.6201645e-05, Final residual = 3.7635609e-07, No Iterations 1
DILUPBiCGStab:  Solving for Uy, Initial residual = 0.00012060248, Final residual = 4.5901845e-07, No Iterations 1
GAMG:  Solving for p, Initial residual = 6.7154307e-05, Final residual = 4.3924627e-07, No Iterations 6
time step continuity errors : sum local = 3.1591937e-08, global = 1.3216765e-17, cumulative = 6.6867343e-17
ExecutionTime = 4.87 s  ClockTime = 5 s

Time = 589

DILUPBiCGStab:  Solving for Ux, Initial residual = 9.5769454e-05, Final residual = 3.7461304e-07, No Iterations 1
DILUPBiCGStab:  Solving for Uy, Initial residual = 0.00012005385, Final residual = 4.5676411e-07, No Iterations 1
GAMG:  Solving for p, Initial residual = 6.6854534e-05, Final residual = 4.3721287e-07, No Iterations 6
time step continuity errors : sum local = 3.1446773e-08, global = -6.8026539e-18, cumulative = 6.0064689e-17
ExecutionTime = 4.87 s  ClockTime = 5 s

Time = 590

DILUPBiCGStab:  Solving for Ux, Initial residual = 9.5339163e-05, Final residual = 3.7287822e-07, No Iterations 1
DILUPBiCGStab:  Solving for Uy, Initial residual = 0.0001195077, Final residual = 4.5452093e-07, No Iterations 1
GAMG:  Solving for p, Initial residual = 6.6556328e-05, Final residual = 4.3518951e-07, No Iterations 6
time step continuity errors : sum local = 3.1302315e-08, global = 1.6537253e-17, cumulative = 7.6601942e-17
ExecutionTime = 4.88 s  ClockTime = 5 s

Time = 591

DILUPBiCGStab:  Solving for Ux, Initial residual = 9.4910769e-05, Final residual = 3.7115178e-07, No Iterations 1
DILUPBiCGStab:  Solving for Uy, Initial residual = 0.00011896403, Final residual = 4.5228923e-07, No Iterations 1
GAMG:  Solving for p, Initial residual = 6.6259592e-05, Final residual = 4.3317591e-07, No Iterations 6
time step continuity errors : sum local = 3.1158545e-08, global = -5.8398488e-18, cumulative = 7.0762093e-17
ExecutionTime = 4.89 s  ClockTime = 5 s

Time = 592

DILUPBiCGStab:  Solving for Ux, Initial residual = 9.448429e-05, Final residual = 3.6943641e-07, No Iterations 1
DILUPBiCGStab:  Solving for Uy, Initial residual = 0.0001184228, Final residual = 4.500675e-07, No Iterations 1
GAMG:  Solving for p, Initial residual = 6.5964248e-05, Final residual = 4.3117984e-07, No Iterations 6
time step continuity errors : sum local = 3.1015974e-08, global = 2.6194851e-17, cumulative = 9.6956944e-17
ExecutionTime = 4.9 s  ClockTime = 5 s

Time = 593

DILUPBiCGStab:  Solving for Ux, Initial residual = 9.405972e-05, Final residual = 3.677556e-07, No Iterations 1
DILUPBiCGStab:  Solving for Uy, Initial residual = 0.00011788402, Final residual = 4.480981e-07, No Iterations 1
GAMG:  Solving for p, Initial residual = 6.5670297e-05, Final residual = 4.2923393e-07, No Iterations 6
time step continuity errors : sum local = 3.0876749e-08, global = 9.0244743e-18, cumulative = 1.0598142e-16
ExecutionTime = 4.91 s  ClockTime = 5 s

Time = 594

DILUPBiCGStab:  Solving for Ux, Initial residual = 9.3637013e-05, Final residual = 3.6610838e-07, No Iterations 1
DILUPBiCGStab:  Solving for Uy, Initial residual = 0.00011734767, Final residual = 4.4597975e-07, No Iterations 1
GAMG:  Solving for p, Initial residual = 6.5431498e-05, Final residual = 4.2727481e-07, No Iterations 6
time step continuity errors : sum local = 3.0736683e-08, global = 1.1267636e-17, cumulative = 1.1724905e-16
ExecutionTime = 4.92 s  ClockTime = 5 s

Time = 595

DILUPBiCGStab:  Solving for Ux, Initial residual = 9.321617e-05, Final residual = 3.644528e-07, No Iterations 1
DILUPBiCGStab:  Solving for Uy, Initial residual = 0.00011681372, Final residual = 4.4381622e-07, No Iterations 1
GAMG:  Solving for p, Initial residual = 6.5183462e-05, Final residual = 4.2531002e-07, No Iterations 6
time step continuity errors : sum local = 3.0596322e-08, global = -2.0177364e-17, cumulative = 9.7071691e-17
ExecutionTime = 4.92 s  ClockTime = 5 s

Time = 596

DILUPBiCGStab:  Solving for Ux, Initial residual = 9.2797183e-05, Final residual = 3.6279611e-07, No Iterations 1
DILUPBiCGStab:  Solving for Uy, Initial residual = 0.00011628219, Final residual = 4.4164329e-07, No Iterations 1
GAMG:  Solving for p, Initial residual = 6.4920627e-05, Final residual = 4.233492e-07, No Iterations 6
time step continuity errors : sum local = 3.0456294e-08, global = -1.3323564e-19, cumulative = 9.6938455e-17
ExecutionTime = 4.93 s  ClockTime = 5 s

Time = 597

DILUPBiCGStab:  Solving for Ux, Initial residual = 9.2380044e-05, Final residual = 3.6114076e-07, No Iterations 1
DILUPBiCGStab:  Solving for Uy, Initial residual = 0.00011575309, Final residual = 4.3947362e-07, No Iterations 1
GAMG:  Solving for p, Initial residual = 6.4649386e-05, Final residual = 4.2139536e-07, No Iterations 6
time step continuity errors : sum local = 3.0316767e-08, global = 1.4440171e-17, cumulative = 1.1137863e-16
ExecutionTime = 4.94 s  ClockTime = 5 s

Time = 598

DILUPBiCGStab:  Solving for Ux, Initial residual = 9.1964751e-05, Final residual = 3.594882e-07, No Iterations 1
DILUPBiCGStab:  Solving for Uy, Initial residual = 0.00011522648, Final residual = 4.3731074e-07, No Iterations 1
GAMG:  Solving for p, Initial residual = 6.4377077e-05, Final residual = 4.1944933e-07, No Iterations 6
time step continuity errors : sum local = 3.0177788e-08, global = -2.3619176e-17, cumulative = 8.775945e-17
ExecutionTime = 4.95 s  ClockTime = 5 s

Time = 599

DILUPBiCGStab:  Solving for Ux, Initial residual = 9.1551296e-05, Final residual = 3.5784032e-07, No Iterations 1
DILUPBiCGStab:  Solving for Uy, Initial residual = 0.00011470224, Final residual = 4.3515573e-07, No Iterations 1
GAMG:  Solving for p, Initial residual = 6.4098222e-05, Final residual = 4.1751049e-07, No Iterations 6
time step continuity errors : sum local = 3.003931e-08, global = -9.8370965e-19, cumulative = 8.677574e-17
ExecutionTime = 4.96 s  ClockTime = 5 s

Time = 600

DILUPBiCGStab:  Solving for Ux, Initial residual = 9.1139669e-05, Final residual = 3.561991e-07, No Iterations 1
DILUPBiCGStab:  Solving for Uy, Initial residual = 0.0001141804, Final residual = 4.3300983e-07, No Iterations 1
GAMG:  Solving for p, Initial residual = 6.3814905e-05, Final residual = 4.1557736e-07, No Iterations 6
time step continuity errors : sum local = 2.9901236e-08, global = 3.1057826e-17, cumulative = 1.1783357e-16
ExecutionTime = 4.97 s  ClockTime = 5 s

Time = 601

DILUPBiCGStab:  Solving for Ux, Initial residual = 9.0729864e-05, Final residual = 3.5456297e-07, No Iterations 1
DILUPBiCGStab:  Solving for Uy, Initial residual = 0.00011366099, Final residual = 4.3087462e-07, No Iterations 1
GAMG:  Solving for p, Initial residual = 6.352857e-05, Final residual = 4.1365269e-07, No Iterations 6
time step continuity errors : sum local = 2.9763756e-08, global = -6.0891412e-18, cumulative = 1.1174443e-16
ExecutionTime = 4.97 s  ClockTime = 5 s

Time = 602

DILUPBiCGStab:  Solving for Ux, Initial residual = 9.0321873e-05, Final residual = 3.5293215e-07, No Iterations 1
DILUPBiCGStab:  Solving for Uy, Initial residual = 0.00011314391, Final residual = 4.2874971e-07, No Iterations 1
GAMG:  Solving for p, Initial residual = 6.3240485e-05, Final residual = 4.1174504e-07, No Iterations 6
time step continuity errors : sum local = 2.9627469e-08, global = 1.5343611e-17, cumulative = 1.2708804e-16
ExecutionTime = 4.98 s  ClockTime = 5 s

Time = 603

DILUPBiCGStab:  Solving for Ux, Initial residual = 8.9915689e-05, Final residual = 3.51307e-07, No Iterations 1
DILUPBiCGStab:  Solving for Uy, Initial residual = 0.00011262917, Final residual = 4.2663561e-07, No Iterations 1
GAMG:  Solving for p, Initial residual = 6.2951421e-05, Final residual = 4.0984372e-07, No Iterations 6
time step continuity errors : sum local = 2.9491628e-08, global = -1.2754463e-17, cumulative = 1.1433357e-16
ExecutionTime = 4.99 s  ClockTime = 5 s

Time = 604

DILUPBiCGStab:  Solving for Ux, Initial residual = 8.9511306e-05, Final residual = 3.4968784e-07, No Iterations 1
DILUPBiCGStab:  Solving for Uy, Initial residual = 0.00011211677, Final residual = 4.2453255e-07, No Iterations 1
GAMG:  Solving for p, Initial residual = 6.2665038e-05, Final residual = 4.0794845e-07, No Iterations 6
time step continuity errors : sum local = 2.9356212e-08, global = -2.1145582e-18, cumulative = 1.1221902e-16
ExecutionTime = 5 s  ClockTime = 5 s

Time = 605

DILUPBiCGStab:  Solving for Ux, Initial residual = 8.9108715e-05, Final residual = 3.4807512e-07, No Iterations 1
DILUPBiCGStab:  Solving for Uy, Initial residual = 0.00011160667, Final residual = 4.2244089e-07, No Iterations 1
GAMG:  Solving for p, Initial residual = 6.2378992e-05, Final residual = 4.0606053e-07, No Iterations 6
time step continuity errors : sum local = 2.9221313e-08, global = -4.600269e-18, cumulative = 1.0761875e-16
ExecutionTime = 5 s  ClockTime = 5 s

Time = 606

DILUPBiCGStab:  Solving for Ux, Initial residual = 8.8707909e-05, Final residual = 3.4646893e-07, No Iterations 1
DILUPBiCGStab:  Solving for Uy, Initial residual = 0.00011109886, Final residual = 4.2036053e-07, No Iterations 1
GAMG:  Solving for p, Initial residual = 6.2092432e-05, Final residual = 4.0418098e-07, No Iterations 6
time step continuity errors : sum local = 2.9087001e-08, global = 1.2769458e-17, cumulative = 1.203882e-16
ExecutionTime = 5.01 s  ClockTime = 5 s

Time = 607

DILUPBiCGStab:  Solving for Ux, Initial residual = 8.8308893e-05, Final residual = 3.448695e-07, No Iterations 1
DILUPBiCGStab:  Solving for Uy, Initial residual = 0.00011059341, Final residual = 4.1829176e-07, No Iterations 1
GAMG:  Solving for p, Initial residual = 6.1800798e-05, Final residual = 4.0231162e-07, No Iterations 6
time step continuity errors : sum local = 2.895341e-08, global = 5.638738e-18, cumulative = 1.2602694e-16
ExecutionTime = 5.02 s  ClockTime = 5 s

Time = 608

DILUPBiCGStab:  Solving for Ux, Initial residual = 8.7911678e-05, Final residual = 3.4327693e-07, No Iterations 1
DILUPBiCGStab:  Solving for Uy, Initial residual = 0.00011009023, Final residual = 4.1623515e-07, No Iterations 1
GAMG:  Solving for p, Initial residual = 6.1511375e-05, Final residual = 4.0045055e-07, No Iterations 6
time step continuity errors : sum local = 2.8820404e-08, global = 4.2656652e-17, cumulative = 1.6868359e-16
ExecutionTime = 5.03 s  ClockTime = 5 s

Time = 609

DILUPBiCGStab:  Solving for Ux, Initial residual = 8.7516256e-05, Final residual = 3.4169174e-07, No Iterations 1
DILUPBiCGStab:  Solving for Uy, Initial residual = 0.00010958942, Final residual = 4.1419021e-07, No Iterations 1
GAMG:  Solving for p, Initial residual = 6.1226284e-05, Final residual = 3.9859728e-07, No Iterations 6
time step continuity errors : sum local = 2.8687947e-08, global = -9.0942156e-18, cumulative = 1.5958938e-16
ExecutionTime = 5.04 s  ClockTime = 5 s

Time = 610

DILUPBiCGStab:  Solving for Ux, Initial residual = 8.7122585e-05, Final residual = 3.4011394e-07, No Iterations 1
DILUPBiCGStab:  Solving for Uy, Initial residual = 0.00010909088, Final residual = 4.1215681e-07, No Iterations 1
GAMG:  Solving for p, Initial residual = 6.0943644e-05, Final residual = 3.96752e-07, No Iterations 6
time step continuity errors : sum local = 2.8556054e-08, global = -1.58721e-17, cumulative = 1.4371728e-16
ExecutionTime = 5.05 s  ClockTime = 5 s

Time = 611

DILUPBiCGStab:  Solving for Ux, Initial residual = 8.673066e-05, Final residual = 3.3854443e-07, No Iterations 1
DILUPBiCGStab:  Solving for Uy, Initial residual = 0.00010859458, Final residual = 4.1013509e-07, No Iterations 1
GAMG:  Solving for p, Initial residual = 6.0667116e-05, Final residual = 3.9491631e-07, No Iterations 6
time step continuity errors : sum local = 2.8424845e-08, global = 8.741691e-18, cumulative = 1.5245897e-16
ExecutionTime = 5.05 s  ClockTime = 5 s

Time = 612

DILUPBiCGStab:  Solving for Ux, Initial residual = 8.6340473e-05, Final residual = 3.3698184e-07, No Iterations 1
DILUPBiCGStab:  Solving for Uy, Initial residual = 0.00010810051, Final residual = 4.0812472e-07, No Iterations 1
GAMG:  Solving for p, Initial residual = 6.0390178e-05, Final residual = 3.9308996e-07, No Iterations 6
time step continuity errors : sum local = 2.8294288e-08, global = -3.1126674e-18, cumulative = 1.493463e-16
ExecutionTime = 5.06 s  ClockTime = 5 s

Time = 613

DILUPBiCGStab:  Solving for Ux, Initial residual = 8.5952018e-05, Final residual = 3.3538746e-07, No Iterations 1
DILUPBiCGStab:  Solving for Uy, Initial residual = 0.00010760865, Final residual = 4.0608595e-07, No Iterations 1
GAMG:  Solving for p, Initial residual = 6.0112807e-05, Final residual = 3.9126411e-07, No Iterations 6
time step continuity errors : sum local = 2.8163795e-08, global = 1.0974874e-17, cumulative = 1.6032118e-16
ExecutionTime = 5.07 s  ClockTime = 5 s

Time = 614

DILUPBiCGStab:  Solving for Ux, Initial residual = 8.5565301e-05, Final residual = 3.3381191e-07, No Iterations 1
DILUPBiCGStab:  Solving for Uy, Initial residual = 0.00010711901, Final residual = 4.0410091e-07, No Iterations 1
GAMG:  Solving for p, Initial residual = 5.9836507e-05, Final residual = 3.8944856e-07, No Iterations 6
time step continuity errors : sum local = 2.8034021e-08, global = 5.5460673e-18, cumulative = 1.6586724e-16
ExecutionTime = 5.08 s  ClockTime = 5 s

Time = 615

DILUPBiCGStab:  Solving for Ux, Initial residual = 8.5180308e-05, Final residual = 3.3226155e-07, No Iterations 1
DILUPBiCGStab:  Solving for Uy, Initial residual = 0.00010663164, Final residual = 4.0213582e-07, No Iterations 1
GAMG:  Solving for p, Initial residual = 5.9562686e-05, Final residual = 3.8764569e-07, No Iterations 6
time step continuity errors : sum local = 2.7905117e-08, global = 3.3547567e-17, cumulative = 1.9941481e-16
ExecutionTime = 5.09 s  ClockTime = 5 s

Time = 616

DILUPBiCGStab:  Solving for Ux, Initial residual = 8.4797026e-05, Final residual = 3.3072444e-07, No Iterations 1
DILUPBiCGStab:  Solving for Uy, Initial residual = 0.00010614652, Final residual = 4.0018144e-07, No Iterations 1
GAMG:  Solving for p, Initial residual = 5.9294727e-05, Final residual = 3.8585359e-07, No Iterations 6
time step continuity errors : sum local = 2.7776962e-08, global = -2.866028e-17, cumulative = 1.7075453e-16
ExecutionTime = 5.1 s  ClockTime = 5 s

Time = 617

DILUPBiCGStab:  Solving for Ux, Initial residual = 8.4415444e-05, Final residual = 3.2919749e-07, No Iterations 1
DILUPBiCGStab:  Solving for Uy, Initial residual = 0.00010566367, Final residual = 3.9823719e-07, No Iterations 1
GAMG:  Solving for p, Initial residual = 5.9033249e-05, Final residual = 3.8407134e-07, No Iterations 6
time step continuity errors : sum local = 2.7649502e-08, global = 4.0803668e-17, cumulative = 2.115582e-16
ExecutionTime = 5.1 s  ClockTime = 5 s

Time = 618

DILUPBiCGStab:  Solving for Ux, Initial residual = 8.4035553e-05, Final residual = 3.2767953e-07, No Iterations 1
DILUPBiCGStab:  Solving for Uy, Initial residual = 0.00010518298, Final residual = 3.9630303e-07, No Iterations 1
GAMG:  Solving for p, Initial residual = 5.8772255e-05, Final residual = 3.8229859e-07, No Iterations 6
time step continuity errors : sum local = 2.7522713e-08, global = 1.0413039e-17, cumulative = 2.2197124e-16
ExecutionTime = 5.11 s  ClockTime = 5 s

Time = 619

DILUPBiCGStab:  Solving for Ux, Initial residual = 8.3657348e-05, Final residual = 3.2616982e-07, No Iterations 1
DILUPBiCGStab:  Solving for Uy, Initial residual = 0.00010470445, Final residual = 3.9437912e-07, No Iterations 1
GAMG:  Solving for p, Initial residual = 5.8512747e-05, Final residual = 3.805352e-07, No Iterations 6
time step continuity errors : sum local = 2.7396588e-08, global = -9.3682969e-18, cumulative = 2.1260294e-16
ExecutionTime = 5.12 s  ClockTime = 5 s

Time = 620

DILUPBiCGStab:  Solving for Ux, Initial residual = 8.3280831e-05, Final residual = 3.2466813e-07, No Iterations 1
DILUPBiCGStab:  Solving for Uy, Initial residual = 0.00010422808, Final residual = 3.9246527e-07, No Iterations 1
GAMG:  Solving for p, Initial residual = 5.8255036e-05, Final residual = 3.7878098e-07, No Iterations 6
time step continuity errors : sum local = 2.7271114e-08, global = 2.0705019e-17, cumulative = 2.3330796e-16
ExecutionTime = 5.13 s  ClockTime = 5 s

Time = 621

DILUPBiCGStab:  Solving for Ux, Initial residual = 8.290599e-05, Final residual = 3.2317481e-07, No Iterations 1
DILUPBiCGStab:  Solving for Uy, Initial residual = 0.00010375384, Final residual = 3.9056151e-07, No Iterations 1
GAMG:  Solving for p, Initial residual = 5.7998305e-05, Final residual = 3.7703562e-07, No Iterations 6
time step continuity errors : sum local = 2.7146268e-08, global = -1.7208401e-18, cumulative = 2.3158712e-16
ExecutionTime = 5.14 s  ClockTime = 5 s

Time = 622

DILUPBiCGStab:  Solving for Ux, Initial residual = 8.2532803e-05, Final residual = 3.2168927e-07, No Iterations 1
DILUPBiCGStab:  Solving for Uy, Initial residual = 0.00010328177, Final residual = 3.8866773e-07, No Iterations 1
GAMG:  Solving for p, Initial residual = 5.7742663e-05, Final residual = 3.7529829e-07, No Iterations 6
time step continuity errors : sum local = 2.702199e-08, global = 5.3076805e-18, cumulative = 2.368948e-16
ExecutionTime = 5.15 s  ClockTime = 5 s

Time = 623

DILUPBiCGStab:  Solving for Ux, Initial residual = 8.2161266e-05, Final residual = 3.2021119e-07, No Iterations 1
DILUPBiCGStab:  Solving for Uy, Initial residual = 0.00010281192, Final residual = 3.8678372e-07, No Iterations 1
GAMG:  Solving for p, Initial residual = 5.7487988e-05, Final residual = 3.7356866e-07, No Iterations 6
time step continuity errors : sum local = 2.6898258e-08, global = 2.5306989e-17, cumulative = 2.6220179e-16
ExecutionTime = 5.15 s  ClockTime = 5 s

Time = 624

DILUPBiCGStab:  Solving for Ux, Initial residual = 8.1791372e-05, Final residual = 3.1874025e-07, No Iterations 1
DILUPBiCGStab:  Solving for Uy, Initial residual = 0.00010234423, Final residual = 3.8490938e-07, No Iterations 1
GAMG:  Solving for p, Initial residual = 5.7234288e-05, Final residual = 3.7184766e-07, No Iterations 6
time step continuity errors : sum local = 2.6775138e-08, global = 1.8409811e-17, cumulative = 2.806116e-16
ExecutionTime = 5.16 s  ClockTime = 5 s

Time = 625

DILUPBiCGStab:  Solving for Ux, Initial residual = 8.1423174e-05, Final residual = 3.1727644e-07, No Iterations 1
DILUPBiCGStab:  Solving for Uy, Initial residual = 0.00010187865, Final residual = 3.8304484e-07, No Iterations 1
GAMG:  Solving for p, Initial residual = 5.6981604e-05, Final residual = 3.7013532e-07, No Iterations 6
time step continuity errors : sum local = 2.665263e-08, global = 5.8332512e-18, cumulative = 2.8644485e-16
ExecutionTime = 5.17 s  ClockTime = 5 s

Time = 626

DILUPBiCGStab:  Solving for Ux, Initial residual = 8.1056614e-05, Final residual = 3.1581969e-07, No Iterations 1
DILUPBiCGStab:  Solving for Uy, Initial residual = 0.00010141515, Final residual = 3.8118996e-07, No Iterations 1
GAMG:  Solving for p, Initial residual = 5.6729882e-05, Final residual = 3.6843146e-07, No Iterations 6
time step continuity errors : sum local = 2.6530719e-08, global = -2.5081201e-17, cumulative = 2.6136365e-16
ExecutionTime = 5.18 s  ClockTime = 5 s

Time = 627

DILUPBiCGStab:  Solving for Ux, Initial residual = 8.0691681e-05, Final residual = 3.1436989e-07, No Iterations 1
DILUPBiCGStab:  Solving for Uy, Initial residual = 0.00010095374, Final residual = 3.7934463e-07, No Iterations 1
GAMG:  Solving for p, Initial residual = 5.6479108e-05, Final residual = 3.6673587e-07, No Iterations 6
time step continuity errors : sum local = 2.6409393e-08, global = -5.6386719e-18, cumulative = 2.5572498e-16
ExecutionTime = 5.18 s  ClockTime = 5 s

Time = 628

DILUPBiCGStab:  Solving for Ux, Initial residual = 8.0328369e-05, Final residual = 3.1292696e-07, No Iterations 1
DILUPBiCGStab:  Solving for Uy, Initial residual = 0.00010049448, Final residual = 3.7750886e-07, No Iterations 1
GAMG:  Solving for p, Initial residual = 5.6229368e-05, Final residual = 3.6504816e-07, No Iterations 6
time step continuity errors : sum local = 2.6288625e-08, global = 4.1292194e-18, cumulative = 2.598542e-16
ExecutionTime = 5.19 s  ClockTime = 5 s

Time = 629

DILUPBiCGStab:  Solving for Ux, Initial residual = 7.9966671e-05, Final residual = 3.1149081e-07, No Iterations 1
DILUPBiCGStab:  Solving for Uy, Initial residual = 0.00010003734, Final residual = 3.7568271e-07, No Iterations 1
GAMG:  Solving for p, Initial residual = 5.5980574e-05, Final residual = 3.6336833e-07, No Iterations 6
time step continuity errors : sum local = 2.6168412e-08, global = -5.4177948e-18, cumulative = 2.544364e-16
ExecutionTime = 5.2 s  ClockTime = 5 s

Time = 630

DILUPBiCGStab:  Solving for Ux, Initial residual = 7.9606579e-05, Final residual = 3.1006148e-07, No Iterations 1
DILUPBiCGStab:  Solving for Uy, Initial residual = 9.9582243e-05, Final residual = 3.7386593e-07, No Iterations 1
GAMG:  Solving for p, Initial residual = 5.5732728e-05, Final residual = 3.6169631e-07, No Iterations 6
time step continuity errors : sum local = 2.6048752e-08, global = -9.6819439e-18, cumulative = 2.4475446e-16
ExecutionTime = 5.21 s  ClockTime = 5 s

Time = 631

DILUPBiCGStab:  Solving for Ux, Initial residual = 7.9248089e-05, Final residual = 3.0863965e-07, No Iterations 1
DILUPBiCGStab:  Solving for Uy, Initial residual = 9.9129197e-05, Final residual = 3.7204113e-07, No Iterations 1
GAMG:  Solving for p, Initial residual = 5.54813e-05, Final residual = 3.6003315e-07, No Iterations 6
time step continuity errors : sum local = 2.5929721e-08, global = 1.4133592e-17, cumulative = 2.5888805e-16
ExecutionTime = 5.22 s  ClockTime = 5 s

Time = 632

DILUPBiCGStab:  Solving for Ux, Initial residual = 7.8891221e-05, Final residual = 3.0722604e-07, No Iterations 1
DILUPBiCGStab:  Solving for Uy, Initial residual = 9.8678263e-05, Final residual = 3.7024524e-07, No Iterations 1
GAMG:  Solving for p, Initial residual = 5.5231855e-05, Final residual = 3.5837865e-07, No Iterations 6
time step continuity errors : sum local = 2.5811309e-08, global = -2.480986e-18, cumulative = 2.5640706e-16
ExecutionTime = 5.23 s  ClockTime = 5 s

Time = 633

DILUPBiCGStab:  Solving for Ux, Initial residual = 7.8535938e-05, Final residual = 3.0581806e-07, No Iterations 1
DILUPBiCGStab:  Solving for Uy, Initial residual = 9.8229417e-05, Final residual = 3.684579e-07, No Iterations 1
GAMG:  Solving for p, Initial residual = 5.4984865e-05, Final residual = 3.5673093e-07, No Iterations 6
time step continuity errors : sum local = 2.5693373e-08, global = 5.1683303e-18, cumulative = 2.615754e-16
ExecutionTime = 5.24 s  ClockTime = 5 s

Time = 634

DILUPBiCGStab:  Solving for Ux, Initial residual = 7.8182229e-05, Final residual = 3.0441631e-07, No Iterations 1
DILUPBiCGStab:  Solving for Uy, Initial residual = 9.778271e-05, Final residual = 3.6667958e-07, No Iterations 1
GAMG:  Solving for p, Initial residual = 5.4740005e-05, Final residual = 3.5509052e-07, No Iterations 6
time step continuity errors : sum local = 2.5575952e-08, global = 6.4838652e-18, cumulative = 2.6805926e-16
ExecutionTime = 5.25 s  ClockTime = 5 s

Time = 635

DILUPBiCGStab:  Solving for Ux, Initial residual = 7.7830087e-05, Final residual = 3.0302282e-07, No Iterations 1
DILUPBiCGStab:  Solving for Uy, Initial residual = 9.7338035e-05, Final residual = 3.6491027e-07, No Iterations 1
GAMG:  Solving for p, Initial residual = 5.4496902e-05, Final residual = 3.5345778e-07, No Iterations 6
time step continuity errors : sum local = 2.5459073e-08, global = 1.8937936e-18, cumulative = 2.6995305e-16
ExecutionTime = 5.26 s  ClockTime = 5 s

Time = 636

DILUPBiCGStab:  Solving for Ux, Initial residual = 7.7479505e-05, Final residual = 3.0163662e-07, No Iterations 1
DILUPBiCGStab:  Solving for Uy, Initial residual = 9.6895359e-05, Final residual = 3.6315023e-07, No Iterations 1
GAMG:  Solving for p, Initial residual = 5.4255273e-05, Final residual = 3.5183256e-07, No Iterations 6
time step continuity errors : sum local = 2.5342726e-08, global = -1.0002136e-18, cumulative = 2.6895284e-16
ExecutionTime = 5.27 s  ClockTime = 5 s

Time = 637

DILUPBiCGStab:  Solving for Ux, Initial residual = 7.713047e-05, Final residual = 3.0025677e-07, No Iterations 1
DILUPBiCGStab:  Solving for Uy, Initial residual = 9.6454674e-05, Final residual = 3.6139902e-07, No Iterations 1
GAMG:  Solving for p, Initial residual = 5.4014453e-05, Final residual = 3.5021496e-07, No Iterations 6
time step continuity errors : sum local = 2.5226918e-08, global = 1.0546222e-18, cumulative = 2.7000746e-16
ExecutionTime = 5.27 s  ClockTime = 5 s

Time = 638

DILUPBiCGStab:  Solving for Ux, Initial residual = 7.6782983e-05, Final residual = 2.9888321e-07, No Iterations 1
DILUPBiCGStab:  Solving for Uy, Initial residual = 9.6015971e-05, Final residual = 3.5965654e-07, No Iterations 1
GAMG:  Solving for p, Initial residual = 5.3774454e-05, Final residual = 3.4860501e-07, No Iterations 6
time step continuity errors : sum local = 2.5111653e-08, global = 1.5394864e-17, cumulative = 2.8540233e-16
ExecutionTime = 5.28 s  ClockTime = 5 s

Time = 639

DILUPBiCGStab:  Solving for Ux, Initial residual = 7.6437041e-05, Final residual = 2.9751601e-07, No Iterations 1
DILUPBiCGStab:  Solving for Uy, Initial residual = 9.5579266e-05, Final residual = 3.5792294e-07, No Iterations 1
GAMG:  Solving for p, Initial residual = 5.3535271e-05, Final residual = 3.4700242e-07, No Iterations 6
time step continuity errors : sum local = 2.4996906e-08, global = 8.7477328e-18, cumulative = 2.9415006e-16
ExecutionTime = 5.29 s  ClockTime = 5 s

Time = 640

DILUPBiCGStab:  Solving for Ux, Initial residual = 7.6092636e-05, Final residual = 2.9615511e-07, No Iterations 1
DILUPBiCGStab:  Solving for Uy, Initial residual = 9.5144566e-05, Final residual = 3.5619835e-07, No Iterations 1
GAMG:  Solving for p, Initial residual = 5.3296898e-05, Final residual = 3.4540583e-07, No Iterations 6
time step continuity errors : sum local = 2.4882579e-08, global = 1.1490333e-17, cumulative = 3.0564039e-16
ExecutionTime = 5.3 s  ClockTime = 5 s

Time = 641

DILUPBiCGStab:  Solving for Ux, Initial residual = 7.5749758e-05, Final residual = 2.9480041e-07, No Iterations 1
DILUPBiCGStab:  Solving for Uy, Initial residual = 9.4711819e-05, Final residual = 3.544826e-07, No Iterations 1
GAMG:  Solving for p, Initial residual = 5.3059697e-05, Final residual = 3.4381601e-07, No Iterations 6
time step continuity errors : sum local = 2.4768727e-08, global = 1.1989672e-17, cumulative = 3.1763006e-16
ExecutionTime = 5.31 s  ClockTime = 5 s

Time = 642

DILUPBiCGStab:  Solving for Ux, Initial residual = 7.5408403e-05, Final residual = 2.9345246e-07, No Iterations 1
DILUPBiCGStab:  Solving for Uy, Initial residual = 9.4281014e-05, Final residual = 3.5277572e-07, No Iterations 1
GAMG:  Solving for p, Initial residual = 5.2823403e-05, Final residual = 3.4223455e-07, No Iterations 6
time step continuity errors : sum local = 2.4655472e-08, global = 1.3632453e-17, cumulative = 3.3126252e-16
ExecutionTime = 5.32 s  ClockTime = 5 s

Time = 643

DILUPBiCGStab:  Solving for Ux, Initial residual = 7.5068568e-05, Final residual = 2.9211118e-07, No Iterations 1
DILUPBiCGStab:  Solving for Uy, Initial residual = 9.3852155e-05, Final residual = 3.5107764e-07, No Iterations 1
GAMG:  Solving for p, Initial residual = 5.2588667e-05, Final residual = 3.4066084e-07, No Iterations 6
time step continuity errors : sum local = 2.4542772e-08, global = -2.025314e-17, cumulative = 3.1100938e-16
ExecutionTime = 5.32 s  ClockTime = 5 s

Time = 644

DILUPBiCGStab:  Solving for Ux, Initial residual = 7.4730245e-05, Final residual = 2.9077578e-07, No Iterations 1
DILUPBiCGStab:  Solving for Uy, Initial residual = 9.3425223e-05, Final residual = 3.4938827e-07, No Iterations 1
GAMG:  Solving for p, Initial residual = 5.2354912e-05, Final residual = 3.3909481e-07, No Iterations 6
time step continuity errors : sum local = 2.4430617e-08, global = -8.666325e-18, cumulative = 3.0234305e-16
ExecutionTime = 5.33 s  ClockTime = 5 s

Time = 645

DILUPBiCGStab:  Solving for Ux, Initial residual = 7.4393445e-05, Final residual = 2.8944639e-07, No Iterations 1
DILUPBiCGStab:  Solving for Uy, Initial residual = 9.3000212e-05, Final residual = 3.4770755e-07, No Iterations 1
GAMG:  Solving for p, Initial residual = 5.2121727e-05, Final residual = 3.3753641e-07, No Iterations 6
time step continuity errors : sum local = 2.4319002e-08, global = 2.0710048e-17, cumulative = 3.230531e-16
ExecutionTime = 5.34 s  ClockTime = 5 s

Time = 646

DILUPBiCGStab:  Solving for Ux, Initial residual = 7.4058142e-05, Final residual = 2.881231e-07, No Iterations 1
DILUPBiCGStab:  Solving for Uy, Initial residual = 9.2577115e-05, Final residual = 3.460354e-07, No Iterations 1
GAMG:  Solving for p, Initial residual = 5.1889238e-05, Final residual = 3.3598565e-07, No Iterations 6
time step continuity errors : sum local = 2.420793e-08, global = 2.136229e-17, cumulative = 3.4441539e-16
ExecutionTime = 5.34 s  ClockTime = 5 s

Time = 647

DILUPBiCGStab:  Solving for Ux, Initial residual = 7.3724333e-05, Final residual = 2.8680593e-07, No Iterations 1
DILUPBiCGStab:  Solving for Uy, Initial residual = 9.2155927e-05, Final residual = 3.4437172e-07, No Iterations 1
GAMG:  Solving for p, Initial residual = 5.1657662e-05, Final residual = 3.3444239e-07, No Iterations 6
time step continuity errors : sum local = 2.4097389e-08, global = 6.6026748e-18, cumulative = 3.5101806e-16
ExecutionTime = 5.35 s  ClockTime = 5 s

Time = 648

DILUPBiCGStab:  Solving for Ux, Initial residual = 7.339201e-05, Final residual = 2.8549482e-07, No Iterations 1
DILUPBiCGStab:  Solving for Uy, Initial residual = 9.1736637e-05, Final residual = 3.4271648e-07, No Iterations 1
GAMG:  Solving for p, Initial residual = 5.1427136e-05, Final residual = 3.3290639e-07, No Iterations 6
time step continuity errors : sum local = 2.3987361e-08, global = -1.0868253e-17, cumulative = 3.4014981e-16
ExecutionTime = 5.37 s  ClockTime = 5 s

Time = 649

DILUPBiCGStab:  Solving for Ux, Initial residual = 7.3061168e-05, Final residual = 2.8418968e-07, No Iterations 1
DILUPBiCGStab:  Solving for Uy, Initial residual = 9.131924e-05, Final residual = 3.4106988e-07, No Iterations 1
GAMG:  Solving for p, Initial residual = 5.1197438e-05, Final residual = 3.3137801e-07, No Iterations 6
time step continuity errors : sum local = 2.3877874e-08, global = 7.7015809e-18, cumulative = 3.4785139e-16
ExecutionTime = 5.38 s  ClockTime = 5 s

Time = 650

DILUPBiCGStab:  Solving for Ux, Initial residual = 7.2731801e-05, Final residual = 2.8289055e-07, No Iterations 1
DILUPBiCGStab:  Solving for Uy, Initial residual = 9.0903722e-05, Final residual = 3.3942982e-07, No Iterations 1
GAMG:  Solving for p, Initial residual = 5.0968464e-05, Final residual = 3.2985692e-07, No Iterations 6
time step continuity errors : sum local = 2.3768903e-08, global = -1.5130033e-17, cumulative = 3.3272136e-16
ExecutionTime = 5.38 s  ClockTime = 6 s

Time = 651

DILUPBiCGStab:  Solving for Ux, Initial residual = 7.2403902e-05, Final residual = 2.8159748e-07, No Iterations 1
DILUPBiCGStab:  Solving for Uy, Initial residual = 9.0490257e-05, Final residual = 3.3779054e-07, No Iterations 1
GAMG:  Solving for p, Initial residual = 5.0739772e-05, Final residual = 3.2834139e-07, No Iterations 6
time step continuity errors : sum local = 2.3660326e-08, global = 3.7439121e-18, cumulative = 3.3646527e-16
ExecutionTime = 5.39 s  ClockTime = 6 s

Time = 652

DILUPBiCGStab:  Solving for Ux, Initial residual = 7.2077465e-05, Final residual = 2.8031063e-07, No Iterations 1
DILUPBiCGStab:  Solving for Uy, Initial residual = 9.0078594e-05, Final residual = 3.3616402e-07, No Iterations 1
GAMG:  Solving for p, Initial residual = 5.0512122e-05, Final residual = 3.2683051e-07, No Iterations 6
time step continuity errors : sum local = 2.355208e-08, global = 3.3362907e-18, cumulative = 3.3980156e-16
ExecutionTime = 5.4 s  ClockTime = 6 s

Time = 653

DILUPBiCGStab:  Solving for Ux, Initial residual = 7.1752483e-05, Final residual = 2.7902966e-07, No Iterations 1
DILUPBiCGStab:  Solving for Uy, Initial residual = 8.9668752e-05, Final residual = 3.3454663e-07, No Iterations 1
GAMG:  Solving for p, Initial residual = 5.0285572e-05, Final residual = 3.2532754e-07, No Iterations 6
time step continuity errors : sum local = 2.3444394e-08, global = 2.4066721e-18, cumulative = 3.4220823e-16
ExecutionTime = 5.41 s  ClockTime = 6 s

Time = 654

DILUPBiCGStab:  Solving for Ux, Initial residual = 7.1428949e-05, Final residual = 2.7775461e-07, No Iterations 1
DILUPBiCGStab:  Solving for Uy, Initial residual = 8.9260753e-05, Final residual = 3.3293844e-07, No Iterations 1
GAMG:  Solving for p, Initial residual = 5.0060049e-05, Final residual = 3.2383381e-07, No Iterations 6
time step continuity errors : sum local = 2.3337363e-08, global = -4.4584241e-18, cumulative = 3.3774981e-16
ExecutionTime = 5.42 s  ClockTime = 6 s

Time = 655

DILUPBiCGStab:  Solving for Ux, Initial residual = 7.1106858e-05, Final residual = 2.7648545e-07, No Iterations 1
DILUPBiCGStab:  Solving for Uy, Initial residual = 8.8854596e-05, Final residual = 3.313393e-07, No Iterations 1
GAMG:  Solving for p, Initial residual = 4.9835491e-05, Final residual = 3.2234853e-07, No Iterations 6
time step continuity errors : sum local = 2.323093e-08, global = -1.1162438e-18, cumulative = 3.3663357e-16
ExecutionTime = 5.43 s  ClockTime = 6 s

Time = 656

DILUPBiCGStab:  Solving for Ux, Initial residual = 7.0786202e-05, Final residual = 2.7522212e-07, No Iterations 1
DILUPBiCGStab:  Solving for Uy, Initial residual = 8.8450266e-05, Final residual = 3.2974979e-07, No Iterations 1
GAMG:  Solving for p, Initial residual = 4.9611736e-05, Final residual = 3.2087115e-07, No Iterations 6
time step continuity errors : sum local = 2.3125056e-08, global = 2.1470829e-17, cumulative = 3.5810439e-16
ExecutionTime = 5.43 s  ClockTime = 6 s

Time = 657

DILUPBiCGStab:  Solving for Ux, Initial residual = 7.0466976e-05, Final residual = 2.7394173e-07, No Iterations 1
DILUPBiCGStab:  Solving for Uy, Initial residual = 8.8047759e-05, Final residual = 3.2817046e-07, No Iterations 1
GAMG:  Solving for p, Initial residual = 4.9386999e-05, Final residual = 3.1939833e-07, No Iterations 6
time step continuity errors : sum local = 2.3019516e-08, global = 1.2404242e-17, cumulative = 3.7050864e-16
ExecutionTime = 5.44 s  ClockTime = 6 s

Time = 658

DILUPBiCGStab:  Solving for Ux, Initial residual = 7.0149182e-05, Final residual = 2.7267115e-07, No Iterations 1
DILUPBiCGStab:  Solving for Uy, Initial residual = 8.7647077e-05, Final residual = 3.2659987e-07, No Iterations 1
GAMG:  Solving for p, Initial residual = 4.9164663e-05, Final residual = 3.1793241e-07, No Iterations 6
time step continuity errors : sum local = 2.2914467e-08, global = 1.434093e-17, cumulative = 3.8484957e-16
ExecutionTime = 5.45 s  ClockTime = 6 s

Time = 659

DILUPBiCGStab:  Solving for Ux, Initial residual = 6.9832811e-05, Final residual = 2.7141663e-07, No Iterations 1
DILUPBiCGStab:  Solving for Uy, Initial residual = 8.7248234e-05, Final residual = 3.2503697e-07, No Iterations 1
GAMG:  Solving for p, Initial residual = 4.8943311e-05, Final residual = 3.164745e-07, No Iterations 6
time step continuity errors : sum local = 2.2809981e-08, global = -2.8344237e-18, cumulative = 3.8201514e-16
ExecutionTime = 5.46 s  ClockTime = 6 s

Time = 660

DILUPBiCGStab:  Solving for Ux, Initial residual = 6.9517853e-05, Final residual = 2.7017222e-07, No Iterations 1
DILUPBiCGStab:  Solving for Uy, Initial residual = 8.685119e-05, Final residual = 3.2348204e-07, No Iterations 1
GAMG:  Solving for p, Initial residual = 4.8723111e-05, Final residual = 3.1502482e-07, No Iterations 6
time step continuity errors : sum local = 2.2706075e-08, global = -2.2143757e-17, cumulative = 3.5987138e-16
ExecutionTime = 5.46 s  ClockTime = 6 s

Time = 661

DILUPBiCGStab:  Solving for Ux, Initial residual = 6.9204247e-05, Final residual = 2.689401e-07, No Iterations 1
DILUPBiCGStab:  Solving for Uy, Initial residual = 8.6455948e-05, Final residual = 3.219482e-07, No Iterations 1
GAMG:  Solving for p, Initial residual = 4.8504038e-05, Final residual = 3.1358703e-07, No Iterations 6
time step continuity errors : sum local = 2.2603027e-08, global = -3.4337379e-17, cumulative = 3.2553401e-16
ExecutionTime = 5.47 s  ClockTime = 6 s

Time = 662

DILUPBiCGStab:  Solving for Ux, Initial residual = 6.8892048e-05, Final residual = 2.677135e-07, No Iterations 1
DILUPBiCGStab:  Solving for Uy, Initial residual = 8.606251e-05, Final residual = 3.204311e-07, No Iterations 1
GAMG:  Solving for p, Initial residual = 4.8285619e-05, Final residual = 3.1215284e-07, No Iterations 6
time step continuity errors : sum local = 2.2500243e-08, global = -6.5487558e-19, cumulative = 3.2487913e-16
ExecutionTime = 5.48 s  ClockTime = 6 s

Time = 663

DILUPBiCGStab:  Solving for Ux, Initial residual = 6.858126e-05, Final residual = 2.6649169e-07, No Iterations 1
DILUPBiCGStab:  Solving for Uy, Initial residual = 8.5670873e-05, Final residual = 3.189087e-07, No Iterations 1
GAMG:  Solving for p, Initial residual = 4.8067966e-05, Final residual = 3.107214e-07, No Iterations 6
time step continuity errors : sum local = 2.2397655e-08, global = 9.8449978e-18, cumulative = 3.3472413e-16
ExecutionTime = 5.48 s  ClockTime = 6 s

Time = 664

DILUPBiCGStab:  Solving for Ux, Initial residual = 6.8271865e-05, Final residual = 2.6527593e-07, No Iterations 1
DILUPBiCGStab:  Solving for Uy, Initial residual = 8.5281026e-05, Final residual = 3.1738921e-07, No Iterations 1
GAMG:  Solving for p, Initial residual = 4.7851165e-05, Final residual = 3.0929606e-07, No Iterations 6
time step continuity errors : sum local = 2.2295494e-08, global = -7.2535005e-18, cumulative = 3.2747063e-16
ExecutionTime = 5.49 s  ClockTime = 6 s

Time = 665

DILUPBiCGStab:  Solving for Ux, Initial residual = 6.7963852e-05, Final residual = 2.640655e-07, No Iterations 1
DILUPBiCGStab:  Solving for Uy, Initial residual = 8.4892937e-05, Final residual = 3.1587522e-07, No Iterations 1
GAMG:  Solving for p, Initial residual = 4.7635263e-05, Final residual = 3.0787765e-07, No Iterations 6
time step continuity errors : sum local = 2.2193818e-08, global = -2.7136845e-17, cumulative = 3.0033378e-16
ExecutionTime = 5.5 s  ClockTime = 6 s

Time = 666

DILUPBiCGStab:  Solving for Ux, Initial residual = 6.7657222e-05, Final residual = 2.6286039e-07, No Iterations 1
DILUPBiCGStab:  Solving for Uy, Initial residual = 8.4506599e-05, Final residual = 3.1436765e-07, No Iterations 1
GAMG:  Solving for p, Initial residual = 4.7418825e-05, Final residual = 3.0647031e-07, No Iterations 6
time step continuity errors : sum local = 2.2092919e-08, global = 8.5561445e-18, cumulative = 3.0888993e-16
ExecutionTime = 5.51 s  ClockTime = 6 s

Time = 667

DILUPBiCGStab:  Solving for Ux, Initial residual = 6.7351967e-05, Final residual = 2.6166085e-07, No Iterations 1
DILUPBiCGStab:  Solving for Uy, Initial residual = 8.4122033e-05, Final residual = 3.1286679e-07, No Iterations 1
GAMG:  Solving for p, Initial residual = 4.7204481e-05, Final residual = 3.0507519e-07, No Iterations 6
time step continuity errors : sum local = 2.1992881e-08, global = 6.5215449e-18, cumulative = 3.1541147e-16
ExecutionTime = 5.52 s  ClockTime = 6 s

Time = 668

DILUPBiCGStab:  Solving for Ux, Initial residual = 6.7048092e-05, Final residual = 2.6046702e-07, No Iterations 1
DILUPBiCGStab:  Solving for Uy, Initial residual = 8.3739216e-05, Final residual = 3.113731e-07, No Iterations 1
GAMG:  Solving for p, Initial residual = 4.6990965e-05, Final residual = 3.0368323e-07, No Iterations 6
time step continuity errors : sum local = 2.1893069e-08, global = -3.9761315e-18, cumulative = 3.1143534e-16
ExecutionTime = 5.53 s  ClockTime = 6 s

Time = 669

DILUPBiCGStab:  Solving for Ux, Initial residual = 6.6745574e-05, Final residual = 2.5927866e-07, No Iterations 1
DILUPBiCGStab:  Solving for Uy, Initial residual = 8.3358127e-05, Final residual = 3.0988664e-07, No Iterations 1
GAMG:  Solving for p, Initial residual = 4.677829e-05, Final residual = 3.0229596e-07, No Iterations 6
time step continuity errors : sum local = 2.1793594e-08, global = -1.7015568e-18, cumulative = 3.0973378e-16
ExecutionTime = 5.54 s  ClockTime = 6 s

Time = 670

DILUPBiCGStab:  Solving for Ux, Initial residual = 6.6444407e-05, Final residual = 2.5809615e-07, No Iterations 1
DILUPBiCGStab:  Solving for Uy, Initial residual = 8.2978776e-05, Final residual = 3.084077e-07, No Iterations 1
GAMG:  Solving for p, Initial residual = 4.6566782e-05, Final residual = 3.0091492e-07, No Iterations 6
time step continuity errors : sum local = 2.169457e-08, global = -6.836575e-18, cumulative = 3.0289721e-16
ExecutionTime = 5.55 s  ClockTime = 6 s

Time = 671

DILUPBiCGStab:  Solving for Ux, Initial residual = 6.6144584e-05, Final residual = 2.5692024e-07, No Iterations 1
DILUPBiCGStab:  Solving for Uy, Initial residual = 8.2601145e-05, Final residual = 3.0693591e-07, No Iterations 1
GAMG:  Solving for p, Initial residual = 4.635624e-05, Final residual = 2.9953941e-07, No Iterations 6
time step continuity errors : sum local = 2.159594e-08, global = 2.6992121e-17, cumulative = 3.2988933e-16
ExecutionTime = 5.55 s  ClockTime = 6 s

Time = 672

DILUPBiCGStab:  Solving for Ux, Initial residual = 6.58461e-05, Final residual = 2.5575396e-07, No Iterations 1
DILUPBiCGStab:  Solving for Uy, Initial residual = 8.2225252e-05, Final residual = 3.0547164e-07, No Iterations 1
GAMG:  Solving for p, Initial residual = 4.6146658e-05, Final residual = 2.9816626e-07, No Iterations 6
time step continuity errors : sum local = 2.1497465e-08, global = 5.6483995e-18, cumulative = 3.3553773e-16
ExecutionTime = 5.56 s  ClockTime = 6 s

Time = 673

DILUPBiCGStab:  Solving for Ux, Initial residual = 6.5548942e-05, Final residual = 2.5458885e-07, No Iterations 1
DILUPBiCGStab:  Solving for Uy, Initial residual = 8.1851054e-05, Final residual = 3.0401461e-07, No Iterations 1
GAMG:  Solving for p, Initial residual = 4.5938023e-05, Final residual = 2.9680066e-07, No Iterations 6
time step continuity errors : sum local = 2.1399523e-08, global = -3.2242402e-17, cumulative = 3.0329533e-16
ExecutionTime = 5.57 s  ClockTime = 6 s

Time = 674

DILUPBiCGStab:  Solving for Ux, Initial residual = 6.5253105e-05, Final residual = 2.5342775e-07, No Iterations 1
DILUPBiCGStab:  Solving for Uy, Initial residual = 8.1478546e-05, Final residual = 3.0256471e-07, No Iterations 1
GAMG:  Solving for p, Initial residual = 4.5730311e-05, Final residual = 2.9544208e-07, No Iterations 6
time step continuity errors : sum local = 2.1302081e-08, global = -1.1024716e-17, cumulative = 2.9227061e-16
ExecutionTime = 5.58 s  ClockTime = 6 s

Time = 675

DILUPBiCGStab:  Solving for Ux, Initial residual = 6.4958585e-05, Final residual = 2.522641e-07, No Iterations 1
DILUPBiCGStab:  Solving for Uy, Initial residual = 8.1107728e-05, Final residual = 3.0112194e-07, No Iterations 1
GAMG:  Solving for p, Initial residual = 4.5524853e-05, Final residual = 2.9409006e-07, No Iterations 6
time step continuity errors : sum local = 2.1205106e-08, global = 6.0969961e-18, cumulative = 2.9836761e-16
ExecutionTime = 5.59 s  ClockTime = 6 s

Time = 676

DILUPBiCGStab:  Solving for Ux, Initial residual = 6.4665394e-05, Final residual = 2.5110426e-07, No Iterations 1
DILUPBiCGStab:  Solving for Uy, Initial residual = 8.0738603e-05, Final residual = 2.9968633e-07, No Iterations 1
GAMG:  Solving for p, Initial residual = 4.532053e-05, Final residual = 2.927434e-07, No Iterations 6
time step continuity errors : sum local = 2.1108513e-08, global = 8.2895144e-18, cumulative = 3.0665712e-16
ExecutionTime = 5.6 s  ClockTime = 6 s

Time = 677

DILUPBiCGStab:  Solving for Ux, Initial residual = 6.4373542e-05, Final residual = 2.4995477e-07, No Iterations 1
DILUPBiCGStab:  Solving for Uy, Initial residual = 8.037089e-05, Final residual = 2.9825143e-07, No Iterations 1
GAMG:  Solving for p, Initial residual = 4.5114942e-05, Final residual = 2.9140209e-07, No Iterations 6
time step continuity errors : sum local = 2.1012301e-08, global = 1.0597997e-17, cumulative = 3.1725512e-16
ExecutionTime = 5.6 s  ClockTime = 6 s

Time = 678

DILUPBiCGStab:  Solving for Ux, Initial residual = 6.4083014e-05, Final residual = 2.4881222e-07, No Iterations 1
DILUPBiCGStab:  Solving for Uy, Initial residual = 8.0004992e-05, Final residual = 2.9683911e-07, No Iterations 1
GAMG:  Solving for p, Initial residual = 4.4911304e-05, Final residual = 2.9006754e-07, No Iterations 6
time step continuity errors : sum local = 2.0916572e-08, global = -1.5742187e-17, cumulative = 3.0151293e-16
ExecutionTime = 5.61 s  ClockTime = 6 s

Time = 679

DILUPBiCGStab:  Solving for Ux, Initial residual = 6.3793783e-05, Final residual = 2.4767632e-07, No Iterations 1
DILUPBiCGStab:  Solving for Uy, Initial residual = 7.9640843e-05, Final residual = 2.954306e-07, No Iterations 1
GAMG:  Solving for p, Initial residual = 4.4709816e-05, Final residual = 2.8873897e-07, No Iterations 6
time step continuity errors : sum local = 2.0821279e-08, global = -3.1875306e-18, cumulative = 2.983254e-16
ExecutionTime = 5.62 s  ClockTime = 6 s

Time = 680

DILUPBiCGStab:  Solving for Ux, Initial residual = 6.3505845e-05, Final residual = 2.4654848e-07, No Iterations 1
DILUPBiCGStab:  Solving for Uy, Initial residual = 7.9278351e-05, Final residual = 2.9402753e-07, No Iterations 1
GAMG:  Solving for p, Initial residual = 4.4510923e-05, Final residual = 2.8741321e-07, No Iterations 6
time step continuity errors : sum local = 2.0726211e-08, global = -1.9733353e-18, cumulative = 2.9635207e-16
ExecutionTime = 5.63 s  ClockTime = 6 s

Time = 681

DILUPBiCGStab:  Solving for Ux, Initial residual = 6.3219212e-05, Final residual = 2.4542447e-07, No Iterations 1
DILUPBiCGStab:  Solving for Uy, Initial residual = 7.8917545e-05, Final residual = 2.9263015e-07, No Iterations 1
GAMG:  Solving for p, Initial residual = 4.4312449e-05, Final residual = 2.8609273e-07, No Iterations 6
time step continuity errors : sum local = 2.0631503e-08, global = 1.4821475e-17, cumulative = 3.1117354e-16
ExecutionTime = 5.64 s  ClockTime = 6 s

Time = 682

DILUPBiCGStab:  Solving for Ux, Initial residual = 6.2933882e-05, Final residual = 2.4430506e-07, No Iterations 1
DILUPBiCGStab:  Solving for Uy, Initial residual = 7.8558372e-05, Final residual = 2.9123879e-07, No Iterations 1
GAMG:  Solving for p, Initial residual = 4.4114395e-05, Final residual = 2.8477942e-07, No Iterations 6
time step continuity errors : sum local = 2.0537291e-08, global = -3.1882452e-18, cumulative = 3.079853e-16
ExecutionTime = 5.65 s  ClockTime = 6 s

Time = 683

DILUPBiCGStab:  Solving for Ux, Initial residual = 6.2649836e-05, Final residual = 2.4319049e-07, No Iterations 1
DILUPBiCGStab:  Solving for Uy, Initial residual = 7.820082e-05, Final residual = 2.8985384e-07, No Iterations 1
GAMG:  Solving for p, Initial residual = 4.391704e-05, Final residual = 2.8347344e-07, No Iterations 6
time step continuity errors : sum local = 2.0443594e-08, global = 3.4375681e-17, cumulative = 3.4236098e-16
ExecutionTime = 5.65 s  ClockTime = 6 s

Time = 684

DILUPBiCGStab:  Solving for Ux, Initial residual = 6.2367061e-05, Final residual = 2.4208093e-07, No Iterations 1
DILUPBiCGStab:  Solving for Uy, Initial residual = 7.7844883e-05, Final residual = 2.884756e-07, No Iterations 1
GAMG:  Solving for p, Initial residual = 4.3719637e-05, Final residual = 2.8218014e-07, No Iterations 6
time step continuity errors : sum local = 2.0350794e-08, global = -2.7819447e-17, cumulative = 3.1454153e-16
ExecutionTime = 5.66 s  ClockTime = 6 s

Time = 685

DILUPBiCGStab:  Solving for Ux, Initial residual = 6.2085551e-05, Final residual = 2.4097639e-07, No Iterations 1
DILUPBiCGStab:  Solving for Uy, Initial residual = 7.7490554e-05, Final residual = 2.8710397e-07, No Iterations 1
GAMG:  Solving for p, Initial residual = 4.3524198e-05, Final residual = 2.808923e-07, No Iterations 6
time step continuity errors : sum local = 2.0258381e-08, global = 1.1767114e-17, cumulative = 3.2630864e-16
ExecutionTime = 5.67 s  ClockTime = 6 s

Time = 686

DILUPBiCGStab:  Solving for Ux, Initial residual = 6.1805302e-05, Final residual = 2.3987673e-07, No Iterations 1
DILUPBiCGStab:  Solving for Uy, Initial residual = 7.7137826e-05, Final residual = 2.8573898e-07, No Iterations 1
GAMG:  Solving for p, Initial residual = 4.3331003e-05, Final residual = 2.7960899e-07, No Iterations 6
time step continuity errors : sum local = 2.0166292e-08, global = 1.2966777e-17, cumulative = 3.3927542e-16
ExecutionTime = 5.68 s  ClockTime = 6 s

Time = 687

DILUPBiCGStab:  Solving for Ux, Initial residual = 6.1526306e-05, Final residual = 2.3878204e-07, No Iterations 1
DILUPBiCGStab:  Solving for Uy, Initial residual = 7.67867e-05, Final residual = 2.8438072e-07, No Iterations 1
GAMG:  Solving for p, Initial residual = 4.3135135e-05, Final residual = 2.7833128e-07, No Iterations 6
time step continuity errors : sum local = 2.00746e-08, global = -1.4114216e-17, cumulative = 3.2516121e-16
ExecutionTime = 5.69 s  ClockTime = 6 s

Time = 688

DILUPBiCGStab:  Solving for Ux, Initial residual = 6.1248557e-05, Final residual = 2.3769247e-07, No Iterations 1
DILUPBiCGStab:  Solving for Uy, Initial residual = 7.6437178e-05, Final residual = 2.8302921e-07, No Iterations 1
GAMG:  Solving for p, Initial residual = 4.2939352e-05, Final residual = 2.7705913e-07, No Iterations 6
time step continuity errors : sum local = 1.9983304e-08, global = 8.9473149e-19, cumulative = 3.2605594e-16
ExecutionTime = 5.7 s  ClockTime = 6 s

Time = 689

DILUPBiCGStab:  Solving for Ux, Initial residual = 6.0972062e-05, Final residual = 2.3660795e-07, No Iterations 1
DILUPBiCGStab:  Solving for Uy, Initial residual = 7.6089236e-05, Final residual = 2.8168437e-07, No Iterations 1
GAMG:  Solving for p, Initial residual = 4.2745027e-05, Final residual = 2.757925e-07, No Iterations 6
time step continuity errors : sum local = 1.9892402e-08, global = -1.8491907e-17, cumulative = 3.0756403e-16
ExecutionTime = 5.7 s  ClockTime = 6 s

Time = 690

DILUPBiCGStab:  Solving for Ux, Initial residual = 6.0696826e-05, Final residual = 2.3552853e-07, No Iterations 1
DILUPBiCGStab:  Solving for Uy, Initial residual = 7.5742866e-05, Final residual = 2.8034623e-07, No Iterations 1
GAMG:  Solving for p, Initial residual = 4.2552046e-05, Final residual = 2.7453168e-07, No Iterations 6
time step continuity errors : sum local = 1.9801912e-08, global = -2.7970219e-18, cumulative = 3.0476701e-16
ExecutionTime = 5.71 s  ClockTime = 6 s

Time = 691

DILUPBiCGStab:  Solving for Ux, Initial residual = 6.0422823e-05, Final residual = 2.3445415e-07, No Iterations 1
DILUPBiCGStab:  Solving for Uy, Initial residual = 7.5398062e-05, Final residual = 2.790148e-07, No Iterations 1
GAMG:  Solving for p, Initial residual = 4.236032e-05, Final residual = 2.7327649e-07, No Iterations 6
time step continuity errors : sum local = 1.9711824e-08, global = -4.1058162e-17, cumulative = 2.6370885e-16
ExecutionTime = 5.72 s  ClockTime = 6 s

Time = 692

DILUPBiCGStab:  Solving for Ux, Initial residual = 6.0150045e-05, Final residual = 2.3338474e-07, No Iterations 1
DILUPBiCGStab:  Solving for Uy, Initial residual = 7.5054827e-05, Final residual = 2.7769008e-07, No Iterations 1
GAMG:  Solving for p, Initial residual = 4.2169687e-05, Final residual = 2.7202697e-07, No Iterations 6
time step continuity errors : sum local = 1.962214e-08, global = -1.8281658e-17, cumulative = 2.4542719e-16
ExecutionTime = 5.73 s  ClockTime = 6 s

Time = 693

DILUPBiCGStab:  Solving for Ux, Initial residual = 5.9878485e-05, Final residual = 2.3232029e-07, No Iterations 1
DILUPBiCGStab:  Solving for Uy, Initial residual = 7.4713165e-05, Final residual = 2.7637204e-07, No Iterations 1
GAMG:  Solving for p, Initial residual = 4.1980064e-05, Final residual = 2.7078314e-07, No Iterations 6
time step continuity errors : sum local = 1.9532861e-08, global = -1.8739638e-17, cumulative = 2.2668755e-16
ExecutionTime = 5.74 s  ClockTime = 6 s

Time = 694

DILUPBiCGStab:  Solving for Ux, Initial residual = 5.9608144e-05, Final residual = 2.3127919e-07, No Iterations 1
DILUPBiCGStab:  Solving for Uy, Initial residual = 7.4373048e-05, Final residual = 2.7515268e-07, No Iterations 1
GAMG:  Solving for p, Initial residual = 4.180245e-05, Final residual = 2.6953991e-07, No Iterations 6
time step continuity errors : sum local = 1.9443844e-08, global = -5.7651974e-18, cumulative = 2.2092235e-16
ExecutionTime = 5.75 s  ClockTime = 6 s

Time = 695

DILUPBiCGStab:  Solving for Ux, Initial residual = 5.933902e-05, Final residual = 2.3029164e-07, No Iterations 1
DILUPBiCGStab:  Solving for Uy, Initial residual = 7.4034482e-05, Final residual = 2.7432548e-07, No Iterations 1
GAMG:  Solving for p, Initial residual = 4.1785332e-05, Final residual = 2.6831451e-07, No Iterations 6
time step continuity errors : sum local = 1.9356697e-08, global = 1.1428804e-17, cumulative = 2.3235116e-16
ExecutionTime = 5.76 s  ClockTime = 6 s

Time = 696

DILUPBiCGStab:  Solving for Ux, Initial residual = 5.9071098e-05, Final residual = 2.2919298e-07, No Iterations 1
DILUPBiCGStab:  Solving for Uy, Initial residual = 7.3697479e-05, Final residual = 2.7304945e-07, No Iterations 1
GAMG:  Solving for p, Initial residual = 4.1684049e-05, Final residual = 2.6713468e-07, No Iterations 6
time step continuity errors : sum local = 1.9272337e-08, global = -1.6500467e-17, cumulative = 2.1585069e-16
ExecutionTime = 5.77 s  ClockTime = 6 s

Time = 697

DILUPBiCGStab:  Solving for Ux, Initial residual = 5.8804386e-05, Final residual = 2.2805521e-07, No Iterations 1
DILUPBiCGStab:  Solving for Uy, Initial residual = 7.3361977e-05, Final residual = 2.7135339e-07, No Iterations 1
GAMG:  Solving for p, Initial residual = 4.1349753e-05, Final residual = 2.659327e-07, No Iterations 6
time step continuity errors : sum local = 1.9185546e-08, global = 1.0314903e-17, cumulative = 2.2616559e-16
ExecutionTime = 5.78 s  ClockTime = 6 s

Time = 698

DILUPBiCGStab:  Solving for Ux, Initial residual = 5.8538871e-05, Final residual = 2.2702455e-07, No Iterations 1
DILUPBiCGStab:  Solving for Uy, Initial residual = 7.3027972e-05, Final residual = 2.699491e-07, No Iterations 1
GAMG:  Solving for p, Initial residual = 4.106643e-05, Final residual = 2.6470695e-07, No Iterations 6
time step continuity errors : sum local = 1.9097104e-08, global = -7.8294961e-19, cumulative = 2.2538264e-16
ExecutionTime = 5.78 s  ClockTime = 6 s

Time = 699

DILUPBiCGStab:  Solving for Ux, Initial residual = 5.8274523e-05, Final residual = 2.259996e-07, No Iterations 1
DILUPBiCGStab:  Solving for Uy, Initial residual = 7.269549e-05, Final residual = 2.6862293e-07, No Iterations 1
GAMG:  Solving for p, Initial residual = 4.0844418e-05, Final residual = 2.6348072e-07, No Iterations 6
time step continuity errors : sum local = 1.9008828e-08, global = -2.2351042e-17, cumulative = 2.030316e-16
ExecutionTime = 5.79 s  ClockTime = 6 s

Time = 700

DILUPBiCGStab:  Solving for Ux, Initial residual = 5.8011344e-05, Final residual = 2.2497944e-07, No Iterations 1
DILUPBiCGStab:  Solving for Uy, Initial residual = 7.2364518e-05, Final residual = 2.6733424e-07, No Iterations 1
GAMG:  Solving for p, Initial residual = 4.0640319e-05, Final residual = 2.6226516e-07, No Iterations 6
time step continuity errors : sum local = 1.8921444e-08, global = 7.8895693e-18, cumulative = 2.1092117e-16
ExecutionTime = 5.8 s  ClockTime = 6 s

Time = 701

DILUPBiCGStab:  Solving for Ux, Initial residual = 5.7749355e-05, Final residual = 2.2396124e-07, No Iterations 1
DILUPBiCGStab:  Solving for Uy, Initial residual = 7.2035043e-05, Final residual = 2.6606354e-07, No Iterations 1
GAMG:  Solving for p, Initial residual = 4.0443842e-05, Final residual = 2.610601e-07, No Iterations 6
time step continuity errors : sum local = 1.8834862e-08, global = 1.2188897e-17, cumulative = 2.2311007e-16
ExecutionTime = 5.81 s  ClockTime = 6 s

Time = 702

DILUPBiCGStab:  Solving for Ux, Initial residual = 5.7488535e-05, Final residual = 2.2294548e-07, No Iterations 1
DILUPBiCGStab:  Solving for Uy, Initial residual = 7.1707057e-05, Final residual = 2.6480099e-07, No Iterations 1
GAMG:  Solving for p, Initial residual = 4.0252684e-05, Final residual = 2.5986301e-07, No Iterations 6
time step continuity errors : sum local = 1.874887e-08, global = -2.0404878e-17, cumulative = 2.0270519e-16
ExecutionTime = 5.82 s  ClockTime = 6 s

Time = 703

DILUPBiCGStab:  Solving for Ux, Initial residual = 5.7228881e-05, Final residual = 2.2193295e-07, No Iterations 1
DILUPBiCGStab:  Solving for Uy, Initial residual = 7.1380557e-05, Final residual = 2.6354703e-07, No Iterations 1
GAMG:  Solving for p, Initial residual = 4.0065359e-05, Final residual = 2.5867255e-07, No Iterations 6
time step continuity errors : sum local = 1.8663363e-08, global = -1.4261004e-17, cumulative = 1.8844419e-16
ExecutionTime = 5.83 s  ClockTime = 6 s

Time = 704

DILUPBiCGStab:  Solving for Ux, Initial residual = 5.6970391e-05, Final residual = 2.2092412e-07, No Iterations 1
DILUPBiCGStab:  Solving for Uy, Initial residual = 7.1055554e-05, Final residual = 2.6229937e-07, No Iterations 1
GAMG:  Solving for p, Initial residual = 3.9881829e-05, Final residual = 2.5748832e-07, No Iterations 6
time step continuity errors : sum local = 1.8578308e-08, global = -1.2282375e-17, cumulative = 1.7616181e-16
ExecutionTime = 5.83 s  ClockTime = 6 s

Time = 705

DILUPBiCGStab:  Solving for Ux, Initial residual = 5.6713064e-05, Final residual = 2.1991928e-07, No Iterations 1
DILUPBiCGStab:  Solving for Uy, Initial residual = 7.0732018e-05, Final residual = 2.6105797e-07, No Iterations 1
GAMG:  Solving for p, Initial residual = 3.9700579e-05, Final residual = 2.5631019e-07, No Iterations 6
time step continuity errors : sum local = 1.8493694e-08, global = 3.4184397e-18, cumulative = 1.7958025e-16
ExecutionTime = 5.84 s  ClockTime = 6 s

Time = 706

DILUPBiCGStab:  Solving for Ux, Initial residual = 5.6456898e-05, Final residual = 2.1891862e-07, No Iterations 1
DILUPBiCGStab:  Solving for Uy, Initial residual = 7.0409946e-05, Final residual = 2.5982274e-07, No Iterations 1
GAMG:  Solving for p, Initial residual = 3.9520584e-05, Final residual = 2.5514032e-07, No Iterations 6
time step continuity errors : sum local = 1.8409672e-08, global = -1.6833615e-17, cumulative = 1.6274663e-16
ExecutionTime = 5.85 s  ClockTime = 6 s

Time = 707

DILUPBiCGStab:  Solving for Ux, Initial residual = 5.6201879e-05, Final residual = 2.1792224e-07, No Iterations 1
DILUPBiCGStab:  Solving for Uy, Initial residual = 7.0089345e-05, Final residual = 2.5859357e-07, No Iterations 1
GAMG:  Solving for p, Initial residual = 3.9346836e-05, Final residual = 2.5397632e-07, No Iterations 6
time step continuity errors : sum local = 1.832607e-08, global = 8.1255341e-18, cumulative = 1.7087217e-16
ExecutionTime = 5.86 s  ClockTime = 6 s

Time = 708

DILUPBiCGStab:  Solving for Ux, Initial residual = 5.594801e-05, Final residual = 2.1693024e-07, No Iterations 1
DILUPBiCGStab:  Solving for Uy, Initial residual = 6.977021e-05, Final residual = 2.5737043e-07, No Iterations 1
GAMG:  Solving for p, Initial residual = 3.9175299e-05, Final residual = 2.5281724e-07, No Iterations 6
time step continuity errors : sum local = 1.8242821e-08, global = -5.012291e-18, cumulative = 1.6585988e-16
ExecutionTime = 5.87 s  ClockTime = 6 s

Time = 709

DILUPBiCGStab:  Solving for Ux, Initial residual = 5.5695281e-05, Final residual = 2.1594262e-07, No Iterations 1
DILUPBiCGStab:  Solving for Uy, Initial residual = 6.9452519e-05, Final residual = 2.5615335e-07, No Iterations 1
GAMG:  Solving for p, Initial residual = 3.9006933e-05, Final residual = 2.5166312e-07, No Iterations 6
time step continuity errors : sum local = 1.8159925e-08, global = 1.786239e-17, cumulative = 1.8372227e-16
ExecutionTime = 5.88 s  ClockTime = 6 s

Time = 710

DILUPBiCGStab:  Solving for Ux, Initial residual = 5.5443682e-05, Final residual = 2.1495941e-07, No Iterations 1
DILUPBiCGStab:  Solving for Uy, Initial residual = 6.9136268e-05, Final residual = 2.5494224e-07, No Iterations 1
GAMG:  Solving for p, Initial residual = 3.8839501e-05, Final residual = 2.505146e-07, No Iterations 6
time step continuity errors : sum local = 1.807743e-08, global = 7.4198366e-18, cumulative = 1.911421e-16
ExecutionTime = 5.89 s  ClockTime = 6 s

Time = 711

DILUPBiCGStab:  Solving for Ux, Initial residual = 5.5193211e-05, Final residual = 2.1398061e-07, No Iterations 1
DILUPBiCGStab:  Solving for Uy, Initial residual = 6.8821453e-05, Final residual = 2.5373706e-07, No Iterations 1
GAMG:  Solving for p, Initial residual = 3.8674365e-05, Final residual = 2.4937085e-07, No Iterations 6
time step continuity errors : sum local = 1.7995274e-08, global = 6.1270261e-18, cumulative = 1.9726913e-16
ExecutionTime = 5.89 s  ClockTime = 6 s

Time = 712

DILUPBiCGStab:  Solving for Ux, Initial residual = 5.4943862e-05, Final residual = 2.130063e-07, No Iterations 1
DILUPBiCGStab:  Solving for Uy, Initial residual = 6.8508071e-05, Final residual = 2.5253778e-07, No Iterations 1
GAMG:  Solving for p, Initial residual = 3.8496181e-05, Final residual = 2.482287e-07, No Iterations 6
time step continuity errors : sum local = 1.7913232e-08, global = -6.3339933e-18, cumulative = 1.9093514e-16
ExecutionTime = 5.9 s  ClockTime = 6 s

Time = 713

DILUPBiCGStab:  Solving for Ux, Initial residual = 5.469563e-05, Final residual = 2.1203643e-07, No Iterations 1
DILUPBiCGStab:  Solving for Uy, Initial residual = 6.8196107e-05, Final residual = 2.5134445e-07, No Iterations 1
GAMG:  Solving for p, Initial residual = 3.8306086e-05, Final residual = 2.47089e-07, No Iterations 6
time step continuity errors : sum local = 1.7831363e-08, global = 2.6148635e-17, cumulative = 2.1708377e-16
ExecutionTime = 5.91 s  ClockTime = 6 s

Time = 714

DILUPBiCGStab:  Solving for Ux, Initial residual = 5.4448509e-05, Final residual = 2.1107099e-07, No Iterations 1
DILUPBiCGStab:  Solving for Uy, Initial residual = 6.7885565e-05, Final residual = 2.5015708e-07, No Iterations 1
GAMG:  Solving for p, Initial residual = 3.8131163e-05, Final residual = 2.4595665e-07, No Iterations 6
time step continuity errors : sum local = 1.7750017e-08, global = 2.0203046e-17, cumulative = 2.3728682e-16
ExecutionTime = 5.92 s  ClockTime = 6 s

Time = 715

DILUPBiCGStab:  Solving for Ux, Initial residual = 5.4202494e-05, Final residual = 2.1010998e-07, No Iterations 1
DILUPBiCGStab:  Solving for Uy, Initial residual = 6.7576443e-05, Final residual = 2.4897552e-07, No Iterations 1
GAMG:  Solving for p, Initial residual = 3.7958717e-05, Final residual = 2.4483137e-07, No Iterations 6
time step continuity errors : sum local = 1.7669175e-08, global = -1.8857547e-17, cumulative = 2.1842927e-16
ExecutionTime = 5.93 s  ClockTime = 6 s

Time = 716

DILUPBiCGStab:  Solving for Ux, Initial residual = 5.3957582e-05, Final residual = 2.0915355e-07, No Iterations 1
DILUPBiCGStab:  Solving for Uy, Initial residual = 6.7268722e-05, Final residual = 2.4779974e-07, No Iterations 1
GAMG:  Solving for p, Initial residual = 3.7789119e-05, Final residual = 2.437123e-07, No Iterations 6
time step continuity errors : sum local = 1.7588775e-08, global = 1.2158311e-17, cumulative = 2.3058758e-16
ExecutionTime = 5.94 s  ClockTime = 6 s

Time = 717

DILUPBiCGStab:  Solving for Ux, Initial residual = 5.371378e-05, Final residual = 2.0820151e-07, No Iterations 1
DILUPBiCGStab:  Solving for Uy, Initial residual = 6.6962404e-05, Final residual = 2.4662973e-07, No Iterations 1
GAMG:  Solving for p, Initial residual = 3.7621606e-05, Final residual = 2.4259898e-07, No Iterations 6
time step continuity errors : sum local = 1.7508787e-08, global = 1.7794839e-18, cumulative = 2.3236707e-16
ExecutionTime = 5.94 s  ClockTime = 6 s

Time = 718

DILUPBiCGStab:  Solving for Ux, Initial residual = 5.3471071e-05, Final residual = 2.072542e-07, No Iterations 1
DILUPBiCGStab:  Solving for Uy, Initial residual = 6.6657476e-05, Final residual = 2.4546546e-07, No Iterations 1
GAMG:  Solving for p, Initial residual = 3.7453825e-05, Final residual = 2.4149118e-07, No Iterations 6
time step continuity errors : sum local = 1.742921e-08, global = 3.5169337e-18, cumulative = 2.35884e-16
ExecutionTime = 5.95 s  ClockTime = 6 s

Time = 719

DILUPBiCGStab:  Solving for Ux, Initial residual = 5.3229449e-05, Final residual = 2.0631099e-07, No Iterations 1
DILUPBiCGStab:  Solving for Uy, Initial residual = 6.6353929e-05, Final residual = 2.4430695e-07, No Iterations 1
GAMG:  Solving for p, Initial residual = 3.7287538e-05, Final residual = 2.4038751e-07, No Iterations 6
time step continuity errors : sum local = 1.7349914e-08, global = 2.1325351e-17, cumulative = 2.5720935e-16
ExecutionTime = 5.96 s  ClockTime = 6 s

Time = 720

DILUPBiCGStab:  Solving for Ux, Initial residual = 5.2988908e-05, Final residual = 2.0537203e-07, No Iterations 1
DILUPBiCGStab:  Solving for Uy, Initial residual = 6.6051757e-05, Final residual = 2.4315413e-07, No Iterations 1
GAMG:  Solving for p, Initial residual = 3.7122003e-05, Final residual = 2.392895e-07, No Iterations 6
time step continuity errors : sum local = 1.7271012e-08, global = 9.5635049e-18, cumulative = 2.6677286e-16
ExecutionTime = 5.97 s  ClockTime = 6 s

Time = 721

DILUPBiCGStab:  Solving for Ux, Initial residual = 5.2749445e-05, Final residual = 2.0443736e-07, No Iterations 1
DILUPBiCGStab:  Solving for Uy, Initial residual = 6.5750954e-05, Final residual = 2.4200694e-07, No Iterations 1
GAMG:  Solving for p, Initial residual = 3.6956532e-05, Final residual = 2.3819744e-07, No Iterations 6
time step continuity errors : sum local = 1.7192532e-08, global = -1.1292101e-17, cumulative = 2.5548075e-16
ExecutionTime = 5.98 s  ClockTime = 6 s

Time = 722

DILUPBiCGStab:  Solving for Ux, Initial residual = 5.2511052e-05, Final residual = 2.0350695e-07, No Iterations 1
DILUPBiCGStab:  Solving for Uy, Initial residual = 6.5451514e-05, Final residual = 2.4086535e-07, No Iterations 1
GAMG:  Solving for p, Initial residual = 3.6791471e-05, Final residual = 2.3711081e-07, No Iterations 6
time step continuity errors : sum local = 1.711444e-08, global = 4.1807032e-18, cumulative = 2.5966146e-16
ExecutionTime = 5.99 s  ClockTime = 6 s

Time = 723

DILUPBiCGStab:  Solving for Ux, Initial residual = 5.2273725e-05, Final residual = 2.0258081e-07, No Iterations 1
DILUPBiCGStab:  Solving for Uy, Initial residual = 6.5153431e-05, Final residual = 2.3972934e-07, No Iterations 1
GAMG:  Solving for p, Initial residual = 3.66272e-05, Final residual = 2.3602882e-07, No Iterations 6
time step continuity errors : sum local = 1.703668e-08, global = -6.6204889e-19, cumulative = 2.5899941e-16
ExecutionTime = 5.99 s  ClockTime = 6 s

Time = 724

DILUPBiCGStab:  Solving for Ux, Initial residual = 5.2037461e-05, Final residual = 2.0165893e-07, No Iterations 1
DILUPBiCGStab:  Solving for Uy, Initial residual = 6.4856696e-05, Final residual = 2.3859891e-07, No Iterations 1
GAMG:  Solving for p, Initial residual = 3.6463721e-05, Final residual = 2.3495106e-07, No Iterations 6
time step continuity errors : sum local = 1.6959223e-08, global = -1.5132972e-17, cumulative = 2.4386644e-16
ExecutionTime = 6 s  ClockTime = 6 s

Time = 725

DILUPBiCGStab:  Solving for Ux, Initial residual = 5.1802257e-05, Final residual = 2.0074128e-07, No Iterations 1
DILUPBiCGStab:  Solving for Uy, Initial residual = 6.4561326e-05, Final residual = 2.3747411e-07, No Iterations 1
GAMG:  Solving for p, Initial residual = 3.6300887e-05, Final residual = 2.338786e-07, No Iterations 6
time step continuity errors : sum local = 1.6882145e-08, global = 5.1179319e-20, cumulative = 2.4391762e-16
ExecutionTime = 6.01 s  ClockTime = 6 s

Time = 726

DILUPBiCGStab:  Solving for Ux, Initial residual = 5.1568109e-05, Final residual = 1.9982787e-07, No Iterations 1
DILUPBiCGStab:  Solving for Uy, Initial residual = 6.4267296e-05, Final residual = 2.3635484e-07, No Iterations 1
GAMG:  Solving for p, Initial residual = 3.6138694e-05, Final residual = 2.3281118e-07, No Iterations 6
time step continuity errors : sum local = 1.6805425e-08, global = -1.6984308e-17, cumulative = 2.2693331e-16
ExecutionTime = 6.02 s  ClockTime = 6 s

Time = 727

DILUPBiCGStab:  Solving for Ux, Initial residual = 5.1335017e-05, Final residual = 1.9891876e-07, No Iterations 1
DILUPBiCGStab:  Solving for Uy, Initial residual = 6.3974599e-05, Final residual = 2.3524105e-07, No Iterations 1
GAMG:  Solving for p, Initial residual = 3.5977152e-05, Final residual = 2.3174872e-07, No Iterations 6
time step continuity errors : sum local = 1.6729059e-08, global = 3.0546126e-19, cumulative = 2.2723877e-16
ExecutionTime = 6.03 s  ClockTime = 6 s

Time = 728

DILUPBiCGStab:  Solving for Ux, Initial residual = 5.110297e-05, Final residual = 1.9801384e-07, No Iterations 1
DILUPBiCGStab:  Solving for Uy, Initial residual = 6.3683231e-05, Final residual = 2.3413271e-07, No Iterations 1
GAMG:  Solving for p, Initial residual = 3.5816273e-05, Final residual = 2.3069122e-07, No Iterations 6
time step continuity errors : sum local = 1.6653046e-08, global = -1.7674639e-17, cumulative = 2.0956413e-16
ExecutionTime = 6.04 s  ClockTime = 6 s

Time = 729

DILUPBiCGStab:  Solving for Ux, Initial residual = 5.0871972e-05, Final residual = 1.9711307e-07, No Iterations 1
DILUPBiCGStab:  Solving for Uy, Initial residual = 6.3393193e-05, Final residual = 2.3302981e-07, No Iterations 1
GAMG:  Solving for p, Initial residual = 3.5655909e-05, Final residual = 2.2963837e-07, No Iterations 6
time step continuity errors : sum local = 1.6577365e-08, global = -3.1086903e-18, cumulative = 2.0645544e-16
ExecutionTime = 6.04 s  ClockTime = 6 s

Time = 730

DILUPBiCGStab:  Solving for Ux, Initial residual = 5.0642013e-05, Final residual = 1.9621644e-07, No Iterations 1
DILUPBiCGStab:  Solving for Uy, Initial residual = 6.310447e-05, Final residual = 2.3193236e-07, No Iterations 1
GAMG:  Solving for p, Initial residual = 3.5496144e-05, Final residual = 2.2858951e-07, No Iterations 6
time step continuity errors : sum local = 1.6501963e-08, global = -1.5557851e-17, cumulative = 1.9089759e-16
ExecutionTime = 6.05 s  ClockTime = 6 s

Time = 731

DILUPBiCGStab:  Solving for Ux, Initial residual = 5.0413081e-05, Final residual = 1.9532398e-07, No Iterations 1
DILUPBiCGStab:  Solving for Uy, Initial residual = 6.2817057e-05, Final residual = 2.308403e-07, No Iterations 1
GAMG:  Solving for p, Initial residual = 3.5337363e-05, Final residual = 2.2754536e-07, No Iterations 6
time step continuity errors : sum local = 1.6426899e-08, global = 1.4118451e-17, cumulative = 2.0501604e-16
ExecutionTime = 6.06 s  ClockTime = 6 s

Time = 732

DILUPBiCGStab:  Solving for Ux, Initial residual = 5.018517e-05, Final residual = 1.9443563e-07, No Iterations 1
DILUPBiCGStab:  Solving for Uy, Initial residual = 6.2530946e-05, Final residual = 2.2975361e-07, No Iterations 1
GAMG:  Solving for p, Initial residual = 3.5179463e-05, Final residual = 2.2650609e-07, No Iterations 6
time step continuity errors : sum local = 1.6352184e-08, global = 1.6782542e-17, cumulative = 2.2179858e-16
ExecutionTime = 6.07 s  ClockTime = 6 s

Time = 733

DILUPBiCGStab:  Solving for Ux, Initial residual = 4.9958279e-05, Final residual = 1.9355143e-07, No Iterations 1
DILUPBiCGStab:  Solving for Uy, Initial residual = 6.2246134e-05, Final residual = 2.2867224e-07, No Iterations 1
GAMG:  Solving for p, Initial residual = 3.5022095e-05, Final residual = 2.2547183e-07, No Iterations 6
time step continuity errors : sum local = 1.627783e-08, global = -1.48836e-17, cumulative = 2.0691498e-16
ExecutionTime = 6.08 s  ClockTime = 6 s

Time = 734

DILUPBiCGStab:  Solving for Ux, Initial residual = 4.9732407e-05, Final residual = 1.9267131e-07, No Iterations 1
DILUPBiCGStab:  Solving for Uy, Initial residual = 6.1962613e-05, Final residual = 2.2759612e-07, No Iterations 1
GAMG:  Solving for p, Initial residual = 3.4863564e-05, Final residual = 2.2444221e-07, No Iterations 6
time step continuity errors : sum local = 1.6203808e-08, global = 4.0493403e-17, cumulative = 2.4740839e-16
ExecutionTime = 6.09 s  ClockTime = 6 s

Time = 735

DILUPBiCGStab:  Solving for Ux, Initial residual = 4.9507547e-05, Final residual = 1.9179527e-07, No Iterations 1
DILUPBiCGStab:  Solving for Uy, Initial residual = 6.1680377e-05, Final residual = 2.2652524e-07, No Iterations 1
GAMG:  Solving for p, Initial residual = 3.4704537e-05, Final residual = 2.234166e-07, No Iterations 6
time step continuity errors : sum local = 1.6130072e-08, global = -2.2426931e-17, cumulative = 2.2498145e-16
ExecutionTime = 6.09 s  ClockTime = 6 s

Time = 736

DILUPBiCGStab:  Solving for Ux, Initial residual = 4.9283696e-05, Final residual = 1.9092327e-07, No Iterations 1
DILUPBiCGStab:  Solving for Uy, Initial residual = 6.1399423e-05, Final residual = 2.2545959e-07, No Iterations 1
GAMG:  Solving for p, Initial residual = 3.454754e-05, Final residual = 2.2239545e-07, No Iterations 6
time step continuity errors : sum local = 1.6056655e-08, global = 1.464868e-17, cumulative = 2.3963013e-16
ExecutionTime = 6.1 s  ClockTime = 6 s

Time = 737

DILUPBiCGStab:  Solving for Ux, Initial residual = 4.9060848e-05, Final residual = 1.9005524e-07, No Iterations 1
DILUPBiCGStab:  Solving for Uy, Initial residual = 6.1119759e-05, Final residual = 2.2439911e-07, No Iterations 1
GAMG:  Solving for p, Initial residual = 3.4393267e-05, Final residual = 2.2137951e-07, No Iterations 6
time step continuity errors : sum local = 1.5983608e-08, global = 8.9111439e-18, cumulative = 2.4854128e-16
ExecutionTime = 6.11 s  ClockTime = 6 s

Time = 738

DILUPBiCGStab:  Solving for Ux, Initial residual = 4.8839007e-05, Final residual = 1.8919117e-07, No Iterations 1
DILUPBiCGStab:  Solving for Uy, Initial residual = 6.0841368e-05, Final residual = 2.2334381e-07, No Iterations 1
GAMG:  Solving for p, Initial residual = 3.4239607e-05, Final residual = 2.2036894e-07, No Iterations 6
time step continuity errors : sum local = 1.5910943e-08, global = 4.8748864e-18, cumulative = 2.5341617e-16
ExecutionTime = 6.12 s  ClockTime = 6 s

Time = 739

DILUPBiCGStab:  Solving for Ux, Initial residual = 4.8618166e-05, Final residual = 1.8833103e-07, No Iterations 1
DILUPBiCGStab:  Solving for Uy, Initial residual = 6.0564258e-05, Final residual = 2.2229373e-07, No Iterations 1
GAMG:  Solving for p, Initial residual = 3.4086418e-05, Final residual = 2.1936372e-07, No Iterations 6
time step continuity errors : sum local = 1.5838659e-08, global = 1.2192775e-17, cumulative = 2.6560894e-16
ExecutionTime = 6.12 s  ClockTime = 6 s

Time = 740

DILUPBiCGStab:  Solving for Ux, Initial residual = 4.8398315e-05, Final residual = 1.874748e-07, No Iterations 1
DILUPBiCGStab:  Solving for Uy, Initial residual = 6.0288405e-05, Final residual = 2.2124876e-07, No Iterations 1
GAMG:  Solving for p, Initial residual = 3.3933901e-05, Final residual = 2.1836329e-07, No Iterations 6
time step continuity errors : sum local = 1.5766717e-08, global = -1.325633e-18, cumulative = 2.6428331e-16
ExecutionTime = 6.13 s  ClockTime = 6 s

Time = 741

DILUPBiCGStab:  Solving for Ux, Initial residual = 4.8179451e-05, Final residual = 1.8662256e-07, No Iterations 1
DILUPBiCGStab:  Solving for Uy, Initial residual = 6.0013803e-05, Final residual = 2.2020888e-07, No Iterations 1
GAMG:  Solving for p, Initial residual = 3.3782057e-05, Final residual = 2.1736753e-07, No Iterations 6
time step continuity errors : sum local = 1.5695107e-08, global = -2.8623996e-17, cumulative = 2.3565931e-16
ExecutionTime = 6.14 s  ClockTime = 6 s

Time = 742

DILUPBiCGStab:  Solving for Ux, Initial residual = 4.7961574e-05, Final residual = 1.8577424e-07, No Iterations 1
DILUPBiCGStab:  Solving for Uy, Initial residual = 5.9740447e-05, Final residual = 2.191741e-07, No Iterations 1
GAMG:  Solving for p, Initial residual = 3.3630853e-05, Final residual = 2.1637654e-07, No Iterations 6
time step continuity errors : sum local = 1.5623839e-08, global = -1.1246268e-17, cumulative = 2.2441304e-16
ExecutionTime = 6.15 s  ClockTime = 6 s

Time = 743

DILUPBiCGStab:  Solving for Ux, Initial residual = 4.7744675e-05, Final residual = 1.8492981e-07, No Iterations 1
DILUPBiCGStab:  Solving for Uy, Initial residual = 5.9468331e-05, Final residual = 2.1814437e-07, No Iterations 1
GAMG:  Solving for p, Initial residual = 3.3480312e-05, Final residual = 2.1539019e-07, No Iterations 6
time step continuity errors : sum local = 1.5552901e-08, global = -1.9115495e-17, cumulative = 2.0529755e-16
ExecutionTime = 6.16 s  ClockTime = 6 s

Time = 744

DILUPBiCGStab:  Solving for Ux, Initial residual = 4.752875e-05, Final residual = 1.8408932e-07, No Iterations 1
DILUPBiCGStab:  Solving for Uy, Initial residual = 5.9197452e-05, Final residual = 2.1711968e-07, No Iterations 1
GAMG:  Solving for p, Initial residual = 3.3330411e-05, Final residual = 2.144084e-07, No Iterations 6
time step continuity errors : sum local = 1.5482289e-08, global = 1.206797e-17, cumulative = 2.1736552e-16
ExecutionTime = 6.17 s  ClockTime = 6 s

Time = 745

DILUPBiCGStab:  Solving for Ux, Initial residual = 4.7313795e-05, Final residual = 1.832526e-07, No Iterations 1
DILUPBiCGStab:  Solving for Uy, Initial residual = 5.8927807e-05, Final residual = 2.1609997e-07, No Iterations 1
GAMG:  Solving for p, Initial residual = 3.3181183e-05, Final residual = 2.1343114e-07, No Iterations 6
time step continuity errors : sum local = 1.5412e-08, global = 5.0004722e-18, cumulative = 2.2236599e-16
ExecutionTime = 6.17 s  ClockTime = 6 s

Time = 746

DILUPBiCGStab:  Solving for Ux, Initial residual = 4.7099804e-05, Final residual = 1.8241968e-07, No Iterations 1
DILUPBiCGStab:  Solving for Uy, Initial residual = 5.8659386e-05, Final residual = 2.1508521e-07, No Iterations 1
GAMG:  Solving for p, Initial residual = 3.3032617e-05, Final residual = 2.1245828e-07, No Iterations 6
time step continuity errors : sum local = 1.5342026e-08, global = 2.2244475e-17, cumulative = 2.4461046e-16
ExecutionTime = 6.18 s  ClockTime = 6 s

Time = 747

DILUPBiCGStab:  Solving for Ux, Initial residual = 4.6886774e-05, Final residual = 1.8159056e-07, No Iterations 1
DILUPBiCGStab:  Solving for Uy, Initial residual = 5.839219e-05, Final residual = 2.1407538e-07, No Iterations 1
GAMG:  Solving for p, Initial residual = 3.2884706e-05, Final residual = 2.1148973e-07, No Iterations 6
time step continuity errors : sum local = 1.5272359e-08, global = -1.4738506e-18, cumulative = 2.4313661e-16
ExecutionTime = 6.19 s  ClockTime = 6 s

Time = 748

DILUPBiCGStab:  Solving for Ux, Initial residual = 4.66747e-05, Final residual = 1.8076528e-07, No Iterations 1
DILUPBiCGStab:  Solving for Uy, Initial residual = 5.812621e-05, Final residual = 2.1307047e-07, No Iterations 1
GAMG:  Solving for p, Initial residual = 3.2737445e-05, Final residual = 2.1052561e-07, No Iterations 6
time step continuity errors : sum local = 1.5203008e-08, global = -2.7782813e-18, cumulative = 2.4035833e-16
ExecutionTime = 6.19 s  ClockTime = 6 s

Time = 749

DILUPBiCGStab:  Solving for Ux, Initial residual = 4.6463578e-05, Final residual = 1.7994376e-07, No Iterations 1
DILUPBiCGStab:  Solving for Uy, Initial residual = 5.7861437e-05, Final residual = 2.1207048e-07, No Iterations 1
GAMG:  Solving for p, Initial residual = 3.2590832e-05, Final residual = 2.0956596e-07, No Iterations 6
time step continuity errors : sum local = 1.5133977e-08, global = -2.2428705e-17, cumulative = 2.1792963e-16
ExecutionTime = 6.21 s  ClockTime = 6 s

Time = 750

DILUPBiCGStab:  Solving for Ux, Initial residual = 4.6253404e-05, Final residual = 1.7912602e-07, No Iterations 1
DILUPBiCGStab:  Solving for Uy, Initial residual = 5.7597866e-05, Final residual = 2.1107534e-07, No Iterations 1
GAMG:  Solving for p, Initial residual = 3.2444869e-05, Final residual = 2.0861083e-07, No Iterations 6
time step continuity errors : sum local = 1.5065268e-08, global = 3.7729375e-17, cumulative = 2.55659e-16
ExecutionTime = 6.22 s  ClockTime = 6 s

Time = 751

DILUPBiCGStab:  Solving for Ux, Initial residual = 4.6044174e-05, Final residual = 1.7831201e-07, No Iterations 1
DILUPBiCGStab:  Solving for Uy, Initial residual = 5.7335491e-05, Final residual = 2.1008503e-07, No Iterations 1
GAMG:  Solving for p, Initial residual = 3.2299552e-05, Final residual = 2.0766013e-07, No Iterations 6
time step continuity errors : sum local = 1.4996875e-08, global = 4.4021096e-18, cumulative = 2.6006111e-16
ExecutionTime = 6.23 s  ClockTime = 6 s

Time = 752

DILUPBiCGStab:  Solving for Ux, Initial residual = 4.5835883e-05, Final residual = 1.7750172e-07, No Iterations 1
DILUPBiCGStab:  Solving for Uy, Initial residual = 5.7074317e-05, Final residual = 2.0909951e-07, No Iterations 1
GAMG:  Solving for p, Initial residual = 3.2154873e-05, Final residual = 2.0671382e-07, No Iterations 6
time step continuity errors : sum local = 1.4928796e-08, global = -1.0446325e-17, cumulative = 2.4961479e-16
ExecutionTime = 6.23 s  ClockTime = 6 s

Time = 753

DILUPBiCGStab:  Solving for Ux, Initial residual = 4.5628527e-05, Final residual = 1.7669512e-07, No Iterations 1
DILUPBiCGStab:  Solving for Uy, Initial residual = 5.6814334e-05, Final residual = 2.0811878e-07, No Iterations 1
GAMG:  Solving for p, Initial residual = 3.2010829e-05, Final residual = 2.0577191e-07, No Iterations 6
time step continuity errors : sum local = 1.4861032e-08, global = -2.1781717e-18, cumulative = 2.4743662e-16
ExecutionTime = 6.24 s  ClockTime = 6 s

Time = 754

DILUPBiCGStab:  Solving for Ux, Initial residual = 4.5422102e-05, Final residual = 1.7589211e-07, No Iterations 1
DILUPBiCGStab:  Solving for Uy, Initial residual = 5.6555531e-05, Final residual = 2.0714279e-07, No Iterations 1
GAMG:  Solving for p, Initial residual = 3.1867403e-05, Final residual = 2.0483477e-07, No Iterations 6
time step continuity errors : sum local = 1.4793607e-08, global = -2.0732455e-18, cumulative = 2.4536337e-16
ExecutionTime = 6.25 s  ClockTime = 6 s

Time = 755

DILUPBiCGStab:  Solving for Ux, Initial residual = 4.5216604e-05, Final residual = 1.7509286e-07, No Iterations 1
DILUPBiCGStab:  Solving for Uy, Initial residual = 5.6297903e-05, Final residual = 2.0617153e-07, No Iterations 1
GAMG:  Solving for p, Initial residual = 3.1724645e-05, Final residual = 2.0390174e-07, No Iterations 6
time step continuity errors : sum local = 1.4726476e-08, global = 1.277503e-17, cumulative = 2.581384e-16
ExecutionTime = 6.26 s  ClockTime = 6 s

Time = 756

DILUPBiCGStab:  Solving for Ux, Initial residual = 4.501203e-05, Final residual = 1.7429729e-07, No Iterations 1
DILUPBiCGStab:  Solving for Uy, Initial residual = 5.6041444e-05, Final residual = 2.0520497e-07, No Iterations 1
GAMG:  Solving for p, Initial residual = 3.1582523e-05, Final residual = 2.0297277e-07, No Iterations 6
time step continuity errors : sum local = 1.4659635e-08, global = 7.7529984e-19, cumulative = 2.589137e-16
ExecutionTime = 6.26 s  ClockTime = 6 s

Time = 757

DILUPBiCGStab:  Solving for Ux, Initial residual = 4.4808374e-05, Final residual = 1.7350536e-07, No Iterations 1
DILUPBiCGStab:  Solving for Uy, Initial residual = 5.578615e-05, Final residual = 2.0424314e-07, No Iterations 1
GAMG:  Solving for p, Initial residual = 3.1441023e-05, Final residual = 2.0204791e-07, No Iterations 6
time step continuity errors : sum local = 1.4593089e-08, global = -2.6903884e-18, cumulative = 2.5622331e-16
ExecutionTime = 6.27 s  ClockTime = 6 s

Time = 758

DILUPBiCGStab:  Solving for Ux, Initial residual = 4.4605633e-05, Final residual = 1.7271704e-07, No Iterations 1
DILUPBiCGStab:  Solving for Uy, Initial residual = 5.5532015e-05, Final residual = 2.0328598e-07, No Iterations 1
GAMG:  Solving for p, Initial residual = 3.130015e-05, Final residual = 2.0112729e-07, No Iterations 6
time step continuity errors : sum local = 1.4526845e-08, global = -2.3945489e-18, cumulative = 2.5382876e-16
ExecutionTime = 6.28 s  ClockTime = 6 s

Time = 759

DILUPBiCGStab:  Solving for Ux, Initial residual = 4.4403802e-05, Final residual = 1.7193232e-07, No Iterations 1
DILUPBiCGStab:  Solving for Uy, Initial residual = 5.5279034e-05, Final residual = 2.0233347e-07, No Iterations 1
GAMG:  Solving for p, Initial residual = 3.115987e-05, Final residual = 2.0021071e-07, No Iterations 6
time step continuity errors : sum local = 1.4460891e-08, global = 1.3206183e-17, cumulative = 2.6703495e-16
ExecutionTime = 6.29 s  ClockTime = 6 s

Time = 760

DILUPBiCGStab:  Solving for Ux, Initial residual = 4.4202879e-05, Final residual = 1.7115117e-07, No Iterations 1
DILUPBiCGStab:  Solving for Uy, Initial residual = 5.5027215e-05, Final residual = 2.0138558e-07, No Iterations 1
GAMG:  Solving for p, Initial residual = 3.1020235e-05, Final residual = 1.9929831e-07, No Iterations 6
time step continuity errors : sum local = 1.4395234e-08, global = -6.5993793e-18, cumulative = 2.6043557e-16
ExecutionTime = 6.3 s  ClockTime = 6 s

Time = 761

DILUPBiCGStab:  Solving for Ux, Initial residual = 4.4002857e-05, Final residual = 1.703736e-07, No Iterations 1
DILUPBiCGStab:  Solving for Uy, Initial residual = 5.4776542e-05, Final residual = 2.0044228e-07, No Iterations 1
GAMG:  Solving for p, Initial residual = 3.0881229e-05, Final residual = 1.983902e-07, No Iterations 6
time step continuity errors : sum local = 1.4329884e-08, global = 1.279299e-17, cumulative = 2.7322856e-16
ExecutionTime = 6.31 s  ClockTime = 6 s

Time = 762

DILUPBiCGStab:  Solving for Ux, Initial residual = 4.3803732e-05, Final residual = 1.6959958e-07, No Iterations 1
DILUPBiCGStab:  Solving for Uy, Initial residual = 5.4527006e-05, Final residual = 1.9950353e-07, No Iterations 1
GAMG:  Solving for p, Initial residual = 3.0742834e-05, Final residual = 1.9748633e-07, No Iterations 6
time step continuity errors : sum local = 1.4264838e-08, global = 3.5456402e-18, cumulative = 2.767742e-16
ExecutionTime = 6.31 s  ClockTime = 6 s

Time = 763

DILUPBiCGStab:  Solving for Ux, Initial residual = 4.3605501e-05, Final residual = 1.6882912e-07, No Iterations 1
DILUPBiCGStab:  Solving for Uy, Initial residual = 5.4278603e-05, Final residual = 1.9856933e-07, No Iterations 1
GAMG:  Solving for p, Initial residual = 3.0605047e-05, Final residual = 1.9658668e-07, No Iterations 6
time step continuity errors : sum local = 1.4200093e-08, global = 1.190162e-17, cumulative = 2.8867582e-16
ExecutionTime = 6.32 s  ClockTime = 6 s

Time = 764

DILUPBiCGStab:  Solving for Ux, Initial residual = 4.3408162e-05, Final residual = 1.6806215e-07, No Iterations 1
DILUPBiCGStab:  Solving for Uy, Initial residual = 5.4031329e-05, Final residual = 1.9763966e-07, No Iterations 1
GAMG:  Solving for p, Initial residual = 3.0467872e-05, Final residual = 1.9569122e-07, No Iterations 6
time step continuity errors : sum local = 1.4135647e-08, global = 8.4544476e-19, cumulative = 2.8952126e-16
ExecutionTime = 6.33 s  ClockTime = 6 s

Time = 765

DILUPBiCGStab:  Solving for Ux, Initial residual = 4.3211718e-05, Final residual = 1.6729868e-07, No Iterations 1
DILUPBiCGStab:  Solving for Uy, Initial residual = 5.3785178e-05, Final residual = 1.9671446e-07, No Iterations 1
GAMG:  Solving for p, Initial residual = 3.0331309e-05, Final residual = 1.9479987e-07, No Iterations 6
time step continuity errors : sum local = 1.4071495e-08, global = 1.1234621e-17, cumulative = 3.0075588e-16
ExecutionTime = 6.34 s  ClockTime = 6 s

Time = 766

DILUPBiCGStab:  Solving for Ux, Initial residual = 4.3016162e-05, Final residual = 1.6653877e-07, No Iterations 1
DILUPBiCGStab:  Solving for Uy, Initial residual = 5.354015e-05, Final residual = 1.9579374e-07, No Iterations 1
GAMG:  Solving for p, Initial residual = 3.0195349e-05, Final residual = 1.9391259e-07, No Iterations 6
time step continuity errors : sum local = 1.4007634e-08, global = 4.9870124e-18, cumulative = 3.057429e-16
ExecutionTime = 6.35 s  ClockTime = 6 s

Time = 767

DILUPBiCGStab:  Solving for Ux, Initial residual = 4.2821492e-05, Final residual = 1.6578243e-07, No Iterations 1
DILUPBiCGStab:  Solving for Uy, Initial residual = 5.3296239e-05, Final residual = 1.9487748e-07, No Iterations 1
GAMG:  Solving for p, Initial residual = 3.005999e-05, Final residual = 1.9302945e-07, No Iterations 6
time step continuity errors : sum local = 1.3944068e-08, global = 1.3032475e-17, cumulative = 3.1877537e-16
ExecutionTime = 6.36 s  ClockTime = 6 s

Time = 768

DILUPBiCGStab:  Solving for Ux, Initial residual = 4.2627698e-05, Final residual = 1.6502953e-07, No Iterations 1
DILUPBiCGStab:  Solving for Uy, Initial residual = 5.3053437e-05, Final residual = 1.9396566e-07, No Iterations 1
GAMG:  Solving for p, Initial residual = 2.9924883e-05, Final residual = 1.9215121e-07, No Iterations 6
time step continuity errors : sum local = 1.388085e-08, global = -5.2944324e-18, cumulative = 3.1348094e-16
ExecutionTime = 6.36 s  ClockTime = 6 s

Time = 769

DILUPBiCGStab:  Solving for Ux, Initial residual = 4.2434775e-05, Final residual = 1.6428005e-07, No Iterations 1
DILUPBiCGStab:  Solving for Uy, Initial residual = 5.2811736e-05, Final residual = 1.9305828e-07, No Iterations 1
GAMG:  Solving for p, Initial residual = 2.9790221e-05, Final residual = 1.9127755e-07, No Iterations 6
time step continuity errors : sum local = 1.3817956e-08, global = -2.0350628e-17, cumulative = 2.9313031e-16
ExecutionTime = 6.37 s  ClockTime = 7 s

Time = 770

DILUPBiCGStab:  Solving for Ux, Initial residual = 4.2242723e-05, Final residual = 1.6353407e-07, No Iterations 1
DILUPBiCGStab:  Solving for Uy, Initial residual = 5.2571133e-05, Final residual = 1.921553e-07, No Iterations 1
GAMG:  Solving for p, Initial residual = 2.9656512e-05, Final residual = 1.9040734e-07, No Iterations 6
time step continuity errors : sum local = 1.3755311e-08, global = -1.1271785e-17, cumulative = 2.8185853e-16
ExecutionTime = 6.38 s  ClockTime = 7 s

Time = 771

DILUPBiCGStab:  Solving for Ux, Initial residual = 4.2051537e-05, Final residual = 1.627915e-07, No Iterations 1
DILUPBiCGStab:  Solving for Uy, Initial residual = 5.2331622e-05, Final residual = 1.9125667e-07, No Iterations 1
GAMG:  Solving for p, Initial residual = 2.9523528e-05, Final residual = 1.8954075e-07, No Iterations 6
time step continuity errors : sum local = 1.3692928e-08, global = 2.0406493e-17, cumulative = 3.0226502e-16
ExecutionTime = 6.39 s  ClockTime = 7 s

Time = 772

DILUPBiCGStab:  Solving for Ux, Initial residual = 4.186121e-05, Final residual = 1.6205231e-07, No Iterations 1
DILUPBiCGStab:  Solving for Uy, Initial residual = 5.20932e-05, Final residual = 1.9036236e-07, No Iterations 1
GAMG:  Solving for p, Initial residual = 2.9391173e-05, Final residual = 1.8867769e-07, No Iterations 6
time step continuity errors : sum local = 1.3630798e-08, global = 1.7807544e-19, cumulative = 3.0244309e-16
ExecutionTime = 6.4 s  ClockTime = 7 s

Time = 773

DILUPBiCGStab:  Solving for Ux, Initial residual = 4.1671738e-05, Final residual = 1.613165e-07, No Iterations 1
DILUPBiCGStab:  Solving for Uy, Initial residual = 5.1855861e-05, Final residual = 1.8947234e-07, No Iterations 1
GAMG:  Solving for p, Initial residual = 2.9259432e-05, Final residual = 1.8781854e-07, No Iterations 6
time step continuity errors : sum local = 1.356895e-08, global = -3.9727169e-19, cumulative = 3.0204582e-16
ExecutionTime = 6.41 s  ClockTime = 7 s

Time = 774

DILUPBiCGStab:  Solving for Ux, Initial residual = 4.1483119e-05, Final residual = 1.6058403e-07, No Iterations 1
DILUPBiCGStab:  Solving for Uy, Initial residual = 5.1619601e-05, Final residual = 1.8858663e-07, No Iterations 1
GAMG:  Solving for p, Initial residual = 2.9128272e-05, Final residual = 1.8696344e-07, No Iterations 6
time step continuity errors : sum local = 1.350739e-08, global = 9.5707973e-18, cumulative = 3.1161662e-16
ExecutionTime = 6.42 s  ClockTime = 7 s

Time = 775

DILUPBiCGStab:  Solving for Ux, Initial residual = 4.1295347e-05, Final residual = 1.598549e-07, No Iterations 1
DILUPBiCGStab:  Solving for Uy, Initial residual = 5.1384415e-05, Final residual = 1.877052e-07, No Iterations 1
GAMG:  Solving for p, Initial residual = 2.899769e-05, Final residual = 1.8611231e-07, No Iterations 6
time step continuity errors : sum local = 1.3446115e-08, global = 1.1452349e-17, cumulative = 3.2306897e-16
ExecutionTime = 6.43 s  ClockTime = 7 s

Time = 776

DILUPBiCGStab:  Solving for Ux, Initial residual = 4.110842e-05, Final residual = 1.591292e-07, No Iterations 1
DILUPBiCGStab:  Solving for Uy, Initial residual = 5.1150298e-05, Final residual = 1.8682801e-07, No Iterations 1
GAMG:  Solving for p, Initial residual = 2.8867698e-05, Final residual = 1.8526502e-07, No Iterations 6
time step continuity errors : sum local = 1.3385114e-08, global = 1.8060212e-17, cumulative = 3.4112918e-16
ExecutionTime = 6.44 s  ClockTime = 7 s

Time = 777

DILUPBiCGStab:  Solving for Ux, Initial residual = 4.0922333e-05, Final residual = 1.5840681e-07, No Iterations 1
DILUPBiCGStab:  Solving for Uy, Initial residual = 5.0917258e-05, Final residual = 1.8595505e-07, No Iterations 1
GAMG:  Solving for p, Initial residual = 2.8738282e-05, Final residual = 1.8442163e-07, No Iterations 6
time step continuity errors : sum local = 1.3324392e-08, global = -2.0909935e-18, cumulative = 3.3903819e-16
ExecutionTime = 6.45 s  ClockTime = 7 s

Time = 778

DILUPBiCGStab:  Solving for Ux, Initial residual = 4.0737083e-05, Final residual = 1.5768763e-07, No Iterations 1
DILUPBiCGStab:  Solving for Uy, Initial residual = 5.0685278e-05, Final residual = 1.8508626e-07, No Iterations 1
GAMG:  Solving for p, Initial residual = 2.8609441e-05, Final residual = 1.835823e-07, No Iterations 6
time step continuity errors : sum local = 1.326396e-08, global = 1.3337262e-17, cumulative = 3.5237545e-16
ExecutionTime = 6.45 s  ClockTime = 7 s

Time = 779

DILUPBiCGStab:  Solving for Ux, Initial residual = 4.0552666e-05, Final residual = 1.5697177e-07, No Iterations 1
DILUPBiCGStab:  Solving for Uy, Initial residual = 5.0454352e-05, Final residual = 1.8422167e-07, No Iterations 1
GAMG:  Solving for p, Initial residual = 2.8481167e-05, Final residual = 1.8274689e-07, No Iterations 6
time step continuity errors : sum local = 1.3203808e-08, global = -1.8908237e-17, cumulative = 3.3346721e-16
ExecutionTime = 6.46 s  ClockTime = 7 s

Time = 780

DILUPBiCGStab:  Solving for Ux, Initial residual = 4.0369079e-05, Final residual = 1.5625915e-07, No Iterations 1
DILUPBiCGStab:  Solving for Uy, Initial residual = 5.0224476e-05, Final residual = 1.8336125e-07, No Iterations 1
GAMG:  Solving for p, Initial residual = 2.835346e-05, Final residual = 1.8191524e-07, No Iterations 6
time step continuity errors : sum local = 1.3143925e-08, global = -2.1397402e-17, cumulative = 3.1206981e-16
ExecutionTime = 6.47 s  ClockTime = 7 s

Time = 781

DILUPBiCGStab:  Solving for Ux, Initial residual = 4.0186317e-05, Final residual = 1.555498e-07, No Iterations 1
DILUPBiCGStab:  Solving for Uy, Initial residual = 4.9995648e-05, Final residual = 1.82505e-07, No Iterations 1
GAMG:  Solving for p, Initial residual = 2.8226318e-05, Final residual = 1.8108735e-07, No Iterations 6
time step continuity errors : sum local = 1.3084311e-08, global = -9.4103243e-18, cumulative = 3.0265948e-16
ExecutionTime = 6.48 s  ClockTime = 7 s

Time = 782

DILUPBiCGStab:  Solving for Ux, Initial residual = 4.0004378e-05, Final residual = 1.5484369e-07, No Iterations 1
DILUPBiCGStab:  Solving for Uy, Initial residual = 4.9767861e-05, Final residual = 1.8165291e-07, No Iterations 1
GAMG:  Solving for p, Initial residual = 2.8099744e-05, Final residual = 1.8026321e-07, No Iterations 6
time step continuity errors : sum local = 1.3024965e-08, global = 1.7079784e-17, cumulative = 3.1973927e-16
ExecutionTime = 6.49 s  ClockTime = 7 s

Time = 783

DILUPBiCGStab:  Solving for Ux, Initial residual = 3.9823256e-05, Final residual = 1.5414079e-07, No Iterations 1
DILUPBiCGStab:  Solving for Uy, Initial residual = 4.954112e-05, Final residual = 1.8080491e-07, No Iterations 1
GAMG:  Solving for p, Initial residual = 2.7973729e-05, Final residual = 1.7944282e-07, No Iterations 6
time step continuity errors : sum local = 1.2965887e-08, global = -2.0870759e-17, cumulative = 2.9886851e-16
ExecutionTime = 6.49 s  ClockTime = 7 s

Time = 784

DILUPBiCGStab:  Solving for Ux, Initial residual = 3.9642948e-05, Final residual = 1.5344108e-07, No Iterations 1
DILUPBiCGStab:  Solving for Uy, Initial residual = 4.9315411e-05, Final residual = 1.7996098e-07, No Iterations 1
GAMG:  Solving for p, Initial residual = 2.7848271e-05, Final residual = 1.7862617e-07, No Iterations 6
time step continuity errors : sum local = 1.2907078e-08, global = 1.7592874e-17, cumulative = 3.1646138e-16
ExecutionTime = 6.5 s  ClockTime = 7 s

Time = 785

DILUPBiCGStab:  Solving for Ux, Initial residual = 3.9463451e-05, Final residual = 1.5274454e-07, No Iterations 1
DILUPBiCGStab:  Solving for Uy, Initial residual = 4.9090728e-05, Final residual = 1.7912111e-07, No Iterations 1
GAMG:  Solving for p, Initial residual = 2.7723368e-05, Final residual = 1.7781326e-07, No Iterations 6
time step continuity errors : sum local = 1.2848536e-08, global = 2.0659372e-17, cumulative = 3.3712075e-16
ExecutionTime = 6.51 s  ClockTime = 7 s

Time = 786

DILUPBiCGStab:  Solving for Ux, Initial residual = 3.9284762e-05, Final residual = 1.5205116e-07, No Iterations 1
DILUPBiCGStab:  Solving for Uy, Initial residual = 4.8867073e-05, Final residual = 1.7828526e-07, No Iterations 1
GAMG:  Solving for p, Initial residual = 2.7599022e-05, Final residual = 1.7700407e-07, No Iterations 6
time step continuity errors : sum local = 1.2790259e-08, global = -4.8883065e-19, cumulative = 3.3663192e-16
ExecutionTime = 6.52 s  ClockTime = 7 s

Time = 787

DILUPBiCGStab:  Solving for Ux, Initial residual = 3.9106877e-05, Final residual = 1.5136093e-07, No Iterations 1
DILUPBiCGStab:  Solving for Uy, Initial residual = 4.8644436e-05, Final residual = 1.7745344e-07, No Iterations 1
GAMG:  Solving for p, Initial residual = 2.7475224e-05, Final residual = 1.7619857e-07, No Iterations 6
time step continuity errors : sum local = 1.2732248e-08, global = -1.1948816e-17, cumulative = 3.2468311e-16
ExecutionTime = 6.52 s  ClockTime = 7 s

Time = 788

DILUPBiCGStab:  Solving for Ux, Initial residual = 3.8929792e-05, Final residual = 1.5067385e-07, No Iterations 1
DILUPBiCGStab:  Solving for Uy, Initial residual = 4.842282e-05, Final residual = 1.7662561e-07, No Iterations 1
GAMG:  Solving for p, Initial residual = 2.7351975e-05, Final residual = 1.7539672e-07, No Iterations 6
time step continuity errors : sum local = 1.2674497e-08, global = -2.4173275e-17, cumulative = 3.0050983e-16
ExecutionTime = 6.53 s  ClockTime = 7 s

Time = 789

DILUPBiCGStab:  Solving for Ux, Initial residual = 3.8753505e-05, Final residual = 1.4998988e-07, No Iterations 1
DILUPBiCGStab:  Solving for Uy, Initial residual = 4.8202214e-05, Final residual = 1.7580177e-07, No Iterations 1
GAMG:  Solving for p, Initial residual = 2.722927e-05, Final residual = 1.7459852e-07, No Iterations 6
time step continuity errors : sum local = 1.2617007e-08, global = 9.0806299e-18, cumulative = 3.0959046e-16
ExecutionTime = 6.54 s  ClockTime = 7 s

Time = 790

DILUPBiCGStab:  Solving for Ux, Initial residual = 3.8578011e-05, Final residual = 1.4930905e-07, No Iterations 1
DILUPBiCGStab:  Solving for Uy, Initial residual = 4.7982611e-05, Final residual = 1.7498234e-07, No Iterations 1
GAMG:  Solving for p, Initial residual = 2.7107112e-05, Final residual = 1.7380407e-07, No Iterations 6
time step continuity errors : sum local = 1.2559786e-08, global = -1.6522132e-17, cumulative = 2.9306833e-16
ExecutionTime = 6.55 s  ClockTime = 7 s

Time = 791

DILUPBiCGStab:  Solving for Ux, Initial residual = 3.8403307e-05, Final residual = 1.4863373e-07, No Iterations 1
DILUPBiCGStab:  Solving for Uy, Initial residual = 4.7764007e-05, Final residual = 1.7419281e-07, No Iterations 1
GAMG:  Solving for p, Initial residual = 2.6985781e-05, Final residual = 1.730179e-07, No Iterations 6
time step continuity errors : sum local = 1.2503127e-08, global = 6.1821361e-18, cumulative = 2.9925047e-16
ExecutionTime = 6.56 s  ClockTime = 7 s

Time = 792

DILUPBiCGStab:  Solving for Ux, Initial residual = 3.8229388e-05, Final residual = 1.4796059e-07, No Iterations 1
DILUPBiCGStab:  Solving for Uy, Initial residual = 4.7546395e-05, Final residual = 1.7339131e-07, No Iterations 1
GAMG:  Solving for p, Initial residual = 2.6865155e-05, Final residual = 1.7223306e-07, No Iterations 6
time step continuity errors : sum local = 1.2446575e-08, global = 1.4204915e-17, cumulative = 3.1345538e-16
ExecutionTime = 6.57 s  ClockTime = 7 s

Time = 793

DILUPBiCGStab:  Solving for Ux, Initial residual = 3.8056248e-05, Final residual = 1.4729052e-07, No Iterations 1
DILUPBiCGStab:  Solving for Uy, Initial residual = 4.7329774e-05, Final residual = 1.725885e-07, No Iterations 1
GAMG:  Solving for p, Initial residual = 2.6745088e-05, Final residual = 1.7145109e-07, No Iterations 6
time step continuity errors : sum local = 1.239024e-08, global = 1.2196917e-17, cumulative = 3.256523e-16
ExecutionTime = 6.57 s  ClockTime = 7 s

Time = 794

DILUPBiCGStab:  Solving for Ux, Initial residual = 3.7883887e-05, Final residual = 1.4662349e-07, No Iterations 1
DILUPBiCGStab:  Solving for Uy, Initial residual = 4.7114138e-05, Final residual = 1.7178736e-07, No Iterations 1
GAMG:  Solving for p, Initial residual = 2.6625457e-05, Final residual = 1.7067332e-07, No Iterations 6
time step continuity errors : sum local = 1.2334208e-08, global = -5.2091997e-18, cumulative = 3.204431e-16
ExecutionTime = 6.58 s  ClockTime = 7 s

Time = 795

DILUPBiCGStab:  Solving for Ux, Initial residual = 3.7712301e-05, Final residual = 1.4596001e-07, No Iterations 1
DILUPBiCGStab:  Solving for Uy, Initial residual = 4.6899482e-05, Final residual = 1.7098897e-07, No Iterations 1
GAMG:  Solving for p, Initial residual = 2.650625e-05, Final residual = 1.6990075e-07, No Iterations 6
time step continuity errors : sum local = 1.2278533e-08, global = -2.7774951e-17, cumulative = 2.9266815e-16
ExecutionTime = 6.59 s  ClockTime = 7 s

Time = 796

DILUPBiCGStab:  Solving for Ux, Initial residual = 3.7541489e-05, Final residual = 1.4529887e-07, No Iterations 1
DILUPBiCGStab:  Solving for Uy, Initial residual = 4.6685802e-05, Final residual = 1.701937e-07, No Iterations 1
GAMG:  Solving for p, Initial residual = 2.6387486e-05, Final residual = 1.691303e-07, No Iterations 6
time step continuity errors : sum local = 1.2223012e-08, global = -8.6875934e-18, cumulative = 2.8398055e-16
ExecutionTime = 6.6 s  ClockTime = 7 s

Time = 797

DILUPBiCGStab:  Solving for Ux, Initial residual = 3.7371445e-05, Final residual = 1.4464032e-07, No Iterations 1
DILUPBiCGStab:  Solving for Uy, Initial residual = 4.6473095e-05, Final residual = 1.6940175e-07, No Iterations 1
GAMG:  Solving for p, Initial residual = 2.6269193e-05, Final residual = 1.6836203e-07, No Iterations 6
time step continuity errors : sum local = 1.2167657e-08, global = 7.0793426e-18, cumulative = 2.910599e-16
ExecutionTime = 6.6 s  ClockTime = 7 s

Time = 798

DILUPBiCGStab:  Solving for Ux, Initial residual = 3.7202167e-05, Final residual = 1.4398449e-07, No Iterations 1
DILUPBiCGStab:  Solving for Uy, Initial residual = 4.6261355e-05, Final residual = 1.6861324e-07, No Iterations 1
GAMG:  Solving for p, Initial residual = 2.6151388e-05, Final residual = 1.6759667e-07, No Iterations 6
time step continuity errors : sum local = 1.2112516e-08, global = -1.1272764e-17, cumulative = 2.7978713e-16
ExecutionTime = 6.61 s  ClockTime = 7 s

Time = 799

DILUPBiCGStab:  Solving for Ux, Initial residual = 3.7033651e-05, Final residual = 1.4333155e-07, No Iterations 1
DILUPBiCGStab:  Solving for Uy, Initial residual = 4.6050577e-05, Final residual = 1.6782828e-07, No Iterations 1
GAMG:  Solving for p, Initial residual = 2.6034078e-05, Final residual = 1.6683457e-07, No Iterations 6
time step continuity errors : sum local = 1.2057611e-08, global = 4.5894627e-18, cumulative = 2.843766e-16
ExecutionTime = 6.62 s  ClockTime = 7 s

Time = 800

DILUPBiCGStab:  Solving for Ux, Initial residual = 3.6865894e-05, Final residual = 1.426815e-07, No Iterations 1
DILUPBiCGStab:  Solving for Uy, Initial residual = 4.5840758e-05, Final residual = 1.6704692e-07, No Iterations 1
GAMG:  Solving for p, Initial residual = 2.5917371e-05, Final residual = 1.6607584e-07, No Iterations 6
time step continuity errors : sum local = 1.2002949e-08, global = -3.0311074e-18, cumulative = 2.8134549e-16
ExecutionTime = 6.63 s  ClockTime = 7 s

Time = 801

DILUPBiCGStab:  Solving for Ux, Initial residual = 3.6698892e-05, Final residual = 1.4203432e-07, No Iterations 1
DILUPBiCGStab:  Solving for Uy, Initial residual = 4.5631892e-05, Final residual = 1.6626917e-07, No Iterations 1
GAMG:  Solving for p, Initial residual = 2.5801291e-05, Final residual = 1.653204e-07, No Iterations 6
time step continuity errors : sum local = 1.1948522e-08, global = 2.8975674e-18, cumulative = 2.8424306e-16
ExecutionTime = 6.64 s  ClockTime = 7 s

Time = 802

DILUPBiCGStab:  Solving for Ux, Initial residual = 3.6532643e-05, Final residual = 1.4139001e-07, No Iterations 1
DILUPBiCGStab:  Solving for Uy, Initial residual = 4.5423978e-05, Final residual = 1.6549508e-07, No Iterations 1
GAMG:  Solving for p, Initial residual = 2.568565e-05, Final residual = 1.645683e-07, No Iterations 6
time step continuity errors : sum local = 1.1894334e-08, global = 1.5437427e-17, cumulative = 2.9968048e-16
ExecutionTime = 6.65 s  ClockTime = 7 s

Time = 803

DILUPBiCGStab:  Solving for Ux, Initial residual = 3.6367143e-05, Final residual = 1.4074859e-07, No Iterations 1
DILUPBiCGStab:  Solving for Uy, Initial residual = 4.5217009e-05, Final residual = 1.6472464e-07, No Iterations 1
GAMG:  Solving for p, Initial residual = 2.5570467e-05, Final residual = 1.6381963e-07, No Iterations 6
time step continuity errors : sum local = 1.1840392e-08, global = 7.3527357e-18, cumulative = 3.0703322e-16
ExecutionTime = 6.66 s  ClockTime = 7 s

Time = 804

DILUPBiCGStab:  Solving for Ux, Initial residual = 3.6202389e-05, Final residual = 1.4011006e-07, No Iterations 1
DILUPBiCGStab:  Solving for Uy, Initial residual = 4.5010982e-05, Final residual = 1.6395783e-07, No Iterations 1
GAMG:  Solving for p, Initial residual = 2.5455753e-05, Final residual = 1.630744e-07, No Iterations 6
time step continuity errors : sum local = 1.1786696e-08, global = -2.8395628e-17, cumulative = 2.7863759e-16
ExecutionTime = 6.67 s  ClockTime = 7 s

Time = 805

DILUPBiCGStab:  Solving for Ux, Initial residual = 3.6038378e-05, Final residual = 1.3947441e-07, No Iterations 1
DILUPBiCGStab:  Solving for Uy, Initial residual = 4.4805904e-05, Final residual = 1.6319467e-07, No Iterations 1
GAMG:  Solving for p, Initial residual = 2.5341523e-05, Final residual = 1.623326e-07, No Iterations 6
time step continuity errors : sum local = 1.1733245e-08, global = 1.4312117e-17, cumulative = 2.9294971e-16
ExecutionTime = 6.68 s  ClockTime = 7 s

Time = 806

DILUPBiCGStab:  Solving for Ux, Initial residual = 3.5875109e-05, Final residual = 1.3884163e-07, No Iterations 1
DILUPBiCGStab:  Solving for Uy, Initial residual = 4.4601763e-05, Final residual = 1.6243514e-07, No Iterations 1
GAMG:  Solving for p, Initial residual = 2.5227776e-05, Final residual = 1.615942e-07, No Iterations 6
time step continuity errors : sum local = 1.1680039e-08, global = -2.2427381e-17, cumulative = 2.7052233e-16
ExecutionTime = 6.69 s  ClockTime = 7 s

Time = 807

DILUPBiCGStab:  Solving for Ux, Initial residual = 3.5712575e-05, Final residual = 1.3821171e-07, No Iterations 1
DILUPBiCGStab:  Solving for Uy, Initial residual = 4.4398551e-05, Final residual = 1.6167922e-07, No Iterations 1
GAMG:  Solving for p, Initial residual = 2.5114523e-05, Final residual = 1.6085919e-07, No Iterations 6
time step continuity errors : sum local = 1.1627074e-08, global = 9.356048e-18, cumulative = 2.7987837e-16
ExecutionTime = 6.69 s  ClockTime = 7 s

Time = 808

DILUPBiCGStab:  Solving for Ux, Initial residual = 3.5550774e-05, Final residual = 1.3758463e-07, No Iterations 1
DILUPBiCGStab:  Solving for Uy, Initial residual = 4.4196264e-05, Final residual = 1.6092689e-07, No Iterations 1
GAMG:  Solving for p, Initial residual = 2.5001765e-05, Final residual = 1.6012754e-07, No Iterations 6
time step continuity errors : sum local = 1.1574351e-08, global = -1.3613474e-17, cumulative = 2.662649e-16
ExecutionTime = 6.7 s  ClockTime = 7 s

Time = 809

DILUPBiCGStab:  Solving for Ux, Initial residual = 3.5389702e-05, Final residual = 1.3696041e-07, No Iterations 1
DILUPBiCGStab:  Solving for Uy, Initial residual = 4.3994898e-05, Final residual = 1.6017814e-07, No Iterations 1
GAMG:  Solving for p, Initial residual = 2.4889547e-05, Final residual = 1.5939874e-07, No Iterations 6
time step continuity errors : sum local = 1.1521832e-08, global = 9.0508779e-18, cumulative = 2.7531578e-16
ExecutionTime = 6.71 s  ClockTime = 7 s

Time = 810

DILUPBiCGStab:  Solving for Ux, Initial residual = 3.5229356e-05, Final residual = 1.3633904e-07, No Iterations 1
DILUPBiCGStab:  Solving for Uy, Initial residual = 4.3794448e-05, Final residual = 1.5943299e-07, No Iterations 1
GAMG:  Solving for p, Initial residual = 2.4777961e-05, Final residual = 1.5867301e-07, No Iterations 6
time step continuity errors : sum local = 1.1469533e-08, global = 1.1926489e-17, cumulative = 2.8724227e-16
ExecutionTime = 6.72 s  ClockTime = 7 s

Time = 811

DILUPBiCGStab:  Solving for Ux, Initial residual = 3.5069732e-05, Final residual = 1.3572047e-07, No Iterations 1
DILUPBiCGStab:  Solving for Uy, Initial residual = 4.359491e-05, Final residual = 1.5869137e-07, No Iterations 1
GAMG:  Solving for p, Initial residual = 2.4666865e-05, Final residual = 1.5795032e-07, No Iterations 6
time step continuity errors : sum local = 1.1417452e-08, global = 2.5457152e-17, cumulative = 3.1269942e-16
ExecutionTime = 6.73 s  ClockTime = 7 s

Time = 812

DILUPBiCGStab:  Solving for Ux, Initial residual = 3.4910828e-05, Final residual = 1.3510472e-07, No Iterations 1
DILUPBiCGStab:  Solving for Uy, Initial residual = 4.3396281e-05, Final residual = 1.5795329e-07, No Iterations 1
GAMG:  Solving for p, Initial residual = 2.4556251e-05, Final residual = 1.5723109e-07, No Iterations 6
time step continuity errors : sum local = 1.1365619e-08, global = 2.5448364e-17, cumulative = 3.3814778e-16
ExecutionTime = 6.74 s  ClockTime = 7 s

Time = 813

DILUPBiCGStab:  Solving for Ux, Initial residual = 3.4752639e-05, Final residual = 1.3449178e-07, No Iterations 1
DILUPBiCGStab:  Solving for Uy, Initial residual = 4.3198556e-05, Final residual = 1.5721873e-07, No Iterations 1
GAMG:  Solving for p, Initial residual = 2.4446113e-05, Final residual = 1.5651544e-07, No Iterations 6
time step continuity errors : sum local = 1.1314042e-08, global = 2.607223e-17, cumulative = 3.6422001e-16
ExecutionTime = 6.74 s  ClockTime = 7 s

Time = 814

DILUPBiCGStab:  Solving for Ux, Initial residual = 3.4595162e-05, Final residual = 1.3388161e-07, No Iterations 1
DILUPBiCGStab:  Solving for Uy, Initial residual = 4.300173e-05, Final residual = 1.5648767e-07, No Iterations 1
GAMG:  Solving for p, Initial residual = 2.4336455e-05, Final residual = 1.5580327e-07, No Iterations 6
time step continuity errors : sum local = 1.1262715e-08, global = -4.3375234e-18, cumulative = 3.5988249e-16
ExecutionTime = 6.75 s  ClockTime = 7 s

Time = 815

DILUPBiCGStab:  Solving for Ux, Initial residual = 3.4438396e-05, Final residual = 1.3327422e-07, No Iterations 1
DILUPBiCGStab:  Solving for Uy, Initial residual = 4.28058e-05, Final residual = 1.557601e-07, No Iterations 1
GAMG:  Solving for p, Initial residual = 2.4227239e-05, Final residual = 1.5509453e-07, No Iterations 6
time step continuity errors : sum local = 1.1211633e-08, global = 4.9359257e-18, cumulative = 3.6481841e-16
ExecutionTime = 6.76 s  ClockTime = 7 s

Time = 816

DILUPBiCGStab:  Solving for Ux, Initial residual = 3.4282338e-05, Final residual = 1.3266957e-07, No Iterations 1
DILUPBiCGStab:  Solving for Uy, Initial residual = 4.2610763e-05, Final residual = 1.5503599e-07, No Iterations 1
GAMG:  Solving for p, Initial residual = 2.4118538e-05, Final residual = 1.5438924e-07, No Iterations 6
time step continuity errors : sum local = 1.1160799e-08, global = -1.0527958e-17, cumulative = 3.5429046e-16
ExecutionTime = 6.77 s  ClockTime = 7 s

Time = 817

DILUPBiCGStab:  Solving for Ux, Initial residual = 3.4126985e-05, Final residual = 1.3206768e-07, No Iterations 1
DILUPBiCGStab:  Solving for Uy, Initial residual = 4.2416612e-05, Final residual = 1.5431538e-07, No Iterations 1
GAMG:  Solving for p, Initial residual = 2.4010323e-05, Final residual = 1.5368715e-07, No Iterations 6
time step continuity errors : sum local = 1.1110194e-08, global = 5.9508829e-18, cumulative = 3.6024134e-16
ExecutionTime = 6.78 s  ClockTime = 7 s

Time = 818

DILUPBiCGStab:  Solving for Ux, Initial residual = 3.3972332e-05, Final residual = 1.3146852e-07, No Iterations 1
DILUPBiCGStab:  Solving for Uy, Initial residual = 4.2223346e-05, Final residual = 1.5359821e-07, No Iterations 1
GAMG:  Solving for p, Initial residual = 2.3902588e-05, Final residual = 1.529882e-07, No Iterations 6
time step continuity errors : sum local = 1.1059814e-08, global = -6.238305e-18, cumulative = 3.5400303e-16
ExecutionTime = 6.79 s  ClockTime = 7 s

Time = 819

DILUPBiCGStab:  Solving for Ux, Initial residual = 3.381838e-05, Final residual = 1.3087208e-07, No Iterations 1
DILUPBiCGStab:  Solving for Uy, Initial residual = 4.2030959e-05, Final residual = 1.5288447e-07, No Iterations 1
GAMG:  Solving for p, Initial residual = 2.3795313e-05, Final residual = 1.5229246e-07, No Iterations 6
time step continuity errors : sum local = 1.1009664e-08, global = -9.4899057e-18, cumulative = 3.4451313e-16
ExecutionTime = 6.79 s  ClockTime = 7 s

Time = 820

DILUPBiCGStab:  Solving for Ux, Initial residual = 3.3665124e-05, Final residual = 1.3027834e-07, No Iterations 1
DILUPBiCGStab:  Solving for Uy, Initial residual = 4.1839448e-05, Final residual = 1.5217414e-07, No Iterations 1
GAMG:  Solving for p, Initial residual = 2.3688493e-05, Final residual = 1.5159993e-07, No Iterations 6
time step continuity errors : sum local = 1.0959743e-08, global = 9.9066988e-18, cumulative = 3.5441983e-16
ExecutionTime = 6.8 s  ClockTime = 7 s

Time = 821

DILUPBiCGStab:  Solving for Ux, Initial residual = 3.3512559e-05, Final residual = 1.296873e-07, No Iterations 1
DILUPBiCGStab:  Solving for Uy, Initial residual = 4.1648809e-05, Final residual = 1.5146718e-07, No Iterations 1
GAMG:  Solving for p, Initial residual = 2.3582133e-05, Final residual = 1.5091056e-07, No Iterations 6
time step continuity errors : sum local = 1.091005e-08, global = -8.7443314e-18, cumulative = 3.456755e-16
ExecutionTime = 6.81 s  ClockTime = 7 s

Time = 822

DILUPBiCGStab:  Solving for Ux, Initial residual = 3.3360682e-05, Final residual = 1.2909895e-07, No Iterations 1
DILUPBiCGStab:  Solving for Uy, Initial residual = 4.1459038e-05, Final residual = 1.5076358e-07, No Iterations 1
GAMG:  Solving for p, Initial residual = 2.3476239e-05, Final residual = 1.5022438e-07, No Iterations 6
time step continuity errors : sum local = 1.0860584e-08, global = 4.9865094e-19, cumulative = 3.4617415e-16
ExecutionTime = 6.82 s  ClockTime = 7 s

Time = 823

DILUPBiCGStab:  Solving for Ux, Initial residual = 3.320949e-05, Final residual = 1.2851333e-07, No Iterations 1
DILUPBiCGStab:  Solving for Uy, Initial residual = 4.1270132e-05, Final residual = 1.5006333e-07, No Iterations 1
GAMG:  Solving for p, Initial residual = 2.3370813e-05, Final residual = 1.4954134e-07, No Iterations 6
time step continuity errors : sum local = 1.0811344e-08, global = 1.5908721e-17, cumulative = 3.6208287e-16
ExecutionTime = 6.83 s  ClockTime = 7 s

Time = 824

DILUPBiCGStab:  Solving for Ux, Initial residual = 3.305898e-05, Final residual = 1.2793037e-07, No Iterations 1
DILUPBiCGStab:  Solving for Uy, Initial residual = 4.1082091e-05, Final residual = 1.4936642e-07, No Iterations 1
GAMG:  Solving for p, Initial residual = 2.326585e-05, Final residual = 1.4886143e-07, No Iterations 6
time step continuity errors : sum local = 1.0762328e-08, global = -1.6660741e-18, cumulative = 3.6041679e-16
ExecutionTime = 6.84 s  ClockTime = 7 s

Time = 825

DILUPBiCGStab:  Solving for Ux, Initial residual = 3.2909149e-05, Final residual = 1.2735005e-07, No Iterations 1
DILUPBiCGStab:  Solving for Uy, Initial residual = 4.089492e-05, Final residual = 1.4867281e-07, No Iterations 1
GAMG:  Solving for p, Initial residual = 2.316135e-05, Final residual = 1.4818463e-07, No Iterations 6
time step continuity errors : sum local = 1.0713535e-08, global = 1.2914804e-17, cumulative = 3.733316e-16
ExecutionTime = 6.84 s  ClockTime = 7 s

Time = 826

DILUPBiCGStab:  Solving for Ux, Initial residual = 3.2759993e-05, Final residual = 1.2677237e-07, No Iterations 1
DILUPBiCGStab:  Solving for Uy, Initial residual = 4.0708602e-05, Final residual = 1.4798251e-07, No Iterations 1
GAMG:  Solving for p, Initial residual = 2.3057312e-05, Final residual = 1.4751094e-07, No Iterations 6
time step continuity errors : sum local = 1.0664965e-08, global = -2.7542203e-18, cumulative = 3.7057738e-16
ExecutionTime = 6.85 s  ClockTime = 7 s

Time = 827

DILUPBiCGStab:  Solving for Ux, Initial residual = 3.2611509e-05, Final residual = 1.261973e-07, No Iterations 1
DILUPBiCGStab:  Solving for Uy, Initial residual = 4.0523132e-05, Final residual = 1.4729548e-07, No Iterations 1
GAMG:  Solving for p, Initial residual = 2.2953734e-05, Final residual = 1.4684032e-07, No Iterations 6
time step continuity errors : sum local = 1.0616615e-08, global = 1.8308379e-17, cumulative = 3.8888576e-16
ExecutionTime = 6.86 s  ClockTime = 7 s

Time = 828

DILUPBiCGStab:  Solving for Ux, Initial residual = 3.2463695e-05, Final residual = 1.2562483e-07, No Iterations 1
DILUPBiCGStab:  Solving for Uy, Initial residual = 4.0338508e-05, Final residual = 1.4661173e-07, No Iterations 1
GAMG:  Solving for p, Initial residual = 2.2850614e-05, Final residual = 1.4617278e-07, No Iterations 6
time step continuity errors : sum local = 1.0568485e-08, global = 1.2866669e-17, cumulative = 4.0175243e-16
ExecutionTime = 6.86 s  ClockTime = 7 s

Time = 829

DILUPBiCGStab:  Solving for Ux, Initial residual = 3.2316548e-05, Final residual = 1.2505496e-07, No Iterations 1
DILUPBiCGStab:  Solving for Uy, Initial residual = 4.0154726e-05, Final residual = 1.4593124e-07, No Iterations 1
GAMG:  Solving for p, Initial residual = 2.2747951e-05, Final residual = 1.4550828e-07, No Iterations 6
time step continuity errors : sum local = 1.0520574e-08, global = -1.9343374e-17, cumulative = 3.8240905e-16
ExecutionTime = 6.87 s  ClockTime = 7 s

Time = 830

DILUPBiCGStab:  Solving for Ux, Initial residual = 3.2170065e-05, Final residual = 1.2448766e-07, No Iterations 1
DILUPBiCGStab:  Solving for Uy, Initial residual = 3.997178e-05, Final residual = 1.4525398e-07, No Iterations 1
GAMG:  Solving for p, Initial residual = 2.2645743e-05, Final residual = 1.4484681e-07, No Iterations 6
time step continuity errors : sum local = 1.047288e-08, global = -2.5620364e-18, cumulative = 3.7984702e-16
ExecutionTime = 6.88 s  ClockTime = 7 s

Time = 831

DILUPBiCGStab:  Solving for Ux, Initial residual = 3.2024242e-05, Final residual = 1.2392294e-07, No Iterations 1
DILUPBiCGStab:  Solving for Uy, Initial residual = 3.9789667e-05, Final residual = 1.4457994e-07, No Iterations 1
GAMG:  Solving for p, Initial residual = 2.2543989e-05, Final residual = 1.4418832e-07, No Iterations 6
time step continuity errors : sum local = 1.04254e-08, global = -2.6732572e-17, cumulative = 3.5311444e-16
ExecutionTime = 6.89 s  ClockTime = 7 s

Time = 832

DILUPBiCGStab:  Solving for Ux, Initial residual = 3.1879078e-05, Final residual = 1.2336078e-07, No Iterations 1
DILUPBiCGStab:  Solving for Uy, Initial residual = 3.9608384e-05, Final residual = 1.439091e-07, No Iterations 1
GAMG:  Solving for p, Initial residual = 2.2442686e-05, Final residual = 1.4353286e-07, No Iterations 6
time step continuity errors : sum local = 1.0378137e-08, global = -1.0819311e-17, cumulative = 3.4229513e-16
ExecutionTime = 6.9 s  ClockTime = 7 s

Time = 833

DILUPBiCGStab:  Solving for Ux, Initial residual = 3.1734568e-05, Final residual = 1.2280117e-07, No Iterations 1
DILUPBiCGStab:  Solving for Uy, Initial residual = 3.9427925e-05, Final residual = 1.432415e-07, No Iterations 1
GAMG:  Solving for p, Initial residual = 2.2341834e-05, Final residual = 1.428803e-07, No Iterations 6
time step continuity errors : sum local = 1.0331082e-08, global = 3.4383185e-18, cumulative = 3.4573345e-16
ExecutionTime = 6.91 s  ClockTime = 7 s

Time = 834

DILUPBiCGStab:  Solving for Ux, Initial residual = 3.159071e-05, Final residual = 1.2224408e-07, No Iterations 1
DILUPBiCGStab:  Solving for Uy, Initial residual = 3.9248289e-05, Final residual = 1.4257707e-07, No Iterations 1
GAMG:  Solving for p, Initial residual = 2.2241436e-05, Final residual = 1.4223072e-07, No Iterations 6
time step continuity errors : sum local = 1.028424e-08, global = 9.9254527e-18, cumulative = 3.556589e-16
ExecutionTime = 6.91 s  ClockTime = 7 s

Time = 835

DILUPBiCGStab:  Solving for Ux, Initial residual = 3.1447502e-05, Final residual = 1.216895e-07, No Iterations 1
DILUPBiCGStab:  Solving for Uy, Initial residual = 3.906947e-05, Final residual = 1.4191576e-07, No Iterations 1
GAMG:  Solving for p, Initial residual = 2.2141485e-05, Final residual = 1.4158416e-07, No Iterations 6
time step continuity errors : sum local = 1.0237615e-08, global = -2.0335091e-17, cumulative = 3.3532381e-16
ExecutionTime = 6.92 s  ClockTime = 7 s

Time = 836

DILUPBiCGStab:  Solving for Ux, Initial residual = 3.130494e-05, Final residual = 1.2113744e-07, No Iterations 1
DILUPBiCGStab:  Solving for Uy, Initial residual = 3.8891465e-05, Final residual = 1.4125758e-07, No Iterations 1
GAMG:  Solving for p, Initial residual = 2.2041979e-05, Final residual = 1.4094057e-07, No Iterations 6
time step continuity errors : sum local = 1.0191203e-08, global = 4.6363804e-18, cumulative = 3.3996019e-16
ExecutionTime = 6.93 s  ClockTime = 7 s

Time = 837

DILUPBiCGStab:  Solving for Ux, Initial residual = 3.1163021e-05, Final residual = 1.2058788e-07, No Iterations 1
DILUPBiCGStab:  Solving for Uy, Initial residual = 3.8714278e-05, Final residual = 1.4060248e-07, No Iterations 1
GAMG:  Solving for p, Initial residual = 2.1942917e-05, Final residual = 1.4029991e-07, No Iterations 6
time step continuity errors : sum local = 1.0145001e-08, global = -3.6691469e-17, cumulative = 3.0326873e-16
ExecutionTime = 6.94 s  ClockTime = 7 s

Time = 838

DILUPBiCGStab:  Solving for Ux, Initial residual = 3.1021743e-05, Final residual = 1.2004081e-07, No Iterations 1
DILUPBiCGStab:  Solving for Uy, Initial residual = 3.8537897e-05, Final residual = 1.3995049e-07, No Iterations 1
GAMG:  Solving for p, Initial residual = 2.1844294e-05, Final residual = 1.3966218e-07, No Iterations 6
time step continuity errors : sum local = 1.009901e-08, global = 3.5302335e-17, cumulative = 3.3857106e-16
ExecutionTime = 6.95 s  ClockTime = 7 s

Time = 839

DILUPBiCGStab:  Solving for Ux, Initial residual = 3.0881102e-05, Final residual = 1.1949621e-07, No Iterations 1
DILUPBiCGStab:  Solving for Uy, Initial residual = 3.8362321e-05, Final residual = 1.3930162e-07, No Iterations 1
GAMG:  Solving for p, Initial residual = 2.1746109e-05, Final residual = 1.3902737e-07, No Iterations 6
time step continuity errors : sum local = 1.0053228e-08, global = -7.7313329e-18, cumulative = 3.3083973e-16
ExecutionTime = 6.96 s  ClockTime = 7 s

Time = 840

DILUPBiCGStab:  Solving for Ux, Initial residual = 3.0741096e-05, Final residual = 1.1895409e-07, No Iterations 1
DILUPBiCGStab:  Solving for Uy, Initial residual = 3.8187548e-05, Final residual = 1.3865583e-07, No Iterations 1
GAMG:  Solving for p, Initial residual = 2.1648359e-05, Final residual = 1.3839547e-07, No Iterations 6
time step continuity errors : sum local = 1.0007656e-08, global = -5.6818308e-18, cumulative = 3.251579e-16
ExecutionTime = 6.97 s  ClockTime = 7 s

Time = 841

DILUPBiCGStab:  Solving for Ux, Initial residual = 3.0601722e-05, Final residual = 1.1841458e-07, No Iterations 1
DILUPBiCGStab:  Solving for Uy, Initial residual = 3.8013573e-05, Final residual = 1.3801307e-07, No Iterations 1
GAMG:  Solving for p, Initial residual = 2.1551044e-05, Final residual = 1.3776657e-07, No Iterations 6
time step continuity errors : sum local = 9.9622979e-09, global = -1.8520018e-17, cumulative = 3.0663788e-16
ExecutionTime = 6.97 s  ClockTime = 7 s

Time = 842

DILUPBiCGStab:  Solving for Ux, Initial residual = 3.0462978e-05, Final residual = 1.1787763e-07, No Iterations 1
DILUPBiCGStab:  Solving for Uy, Initial residual = 3.7840394e-05, Final residual = 1.3737333e-07, No Iterations 1
GAMG:  Solving for p, Initial residual = 2.1454162e-05, Final residual = 1.3714065e-07, No Iterations 6
time step continuity errors : sum local = 9.9171546e-09, global = -1.1132091e-17, cumulative = 2.9550579e-16
ExecutionTime = 6.98 s  ClockTime = 7 s

Time = 843

DILUPBiCGStab:  Solving for Ux, Initial residual = 3.0324859e-05, Final residual = 1.1734294e-07, No Iterations 1
DILUPBiCGStab:  Solving for Uy, Initial residual = 3.7668003e-05, Final residual = 1.3673665e-07, No Iterations 1
GAMG:  Solving for p, Initial residual = 2.1357709e-05, Final residual = 1.3651754e-07, No Iterations 6
time step continuity errors : sum local = 9.8722125e-09, global = -1.6152984e-17, cumulative = 2.793528e-16
ExecutionTime = 6.99 s  ClockTime = 7 s

Time = 844

DILUPBiCGStab:  Solving for Ux, Initial residual = 3.0187364e-05, Final residual = 1.1681061e-07, No Iterations 1
DILUPBiCGStab:  Solving for Uy, Initial residual = 3.7496397e-05, Final residual = 1.3610301e-07, No Iterations 1
GAMG:  Solving for p, Initial residual = 2.1261684e-05, Final residual = 1.3589718e-07, No Iterations 6
time step continuity errors : sum local = 9.8274681e-09, global = 3.7936356e-18, cumulative = 2.8314644e-16
ExecutionTime = 7 s  ClockTime = 7 s

Time = 845

DILUPBiCGStab:  Solving for Ux, Initial residual = 3.005049e-05, Final residual = 1.1628069e-07, No Iterations 1
DILUPBiCGStab:  Solving for Uy, Initial residual = 3.7325572e-05, Final residual = 1.3547238e-07, No Iterations 1
GAMG:  Solving for p, Initial residual = 2.1165944e-05, Final residual = 1.3527957e-07, No Iterations 6
time step continuity errors : sum local = 9.782921e-09, global = -1.3955e-18, cumulative = 2.8175094e-16
ExecutionTime = 7.01 s  ClockTime = 7 s

Time = 846

DILUPBiCGStab:  Solving for Ux, Initial residual = 2.9914234e-05, Final residual = 1.1575318e-07, No Iterations 1
DILUPBiCGStab:  Solving for Uy, Initial residual = 3.7155525e-05, Final residual = 1.3484472e-07, No Iterations 1
GAMG:  Solving for p, Initial residual = 2.1068528e-05, Final residual = 1.3466545e-07, No Iterations 6
time step continuity errors : sum local = 9.7386243e-09, global = -1.7054294e-17, cumulative = 2.6469665e-16
ExecutionTime = 7.02 s  ClockTime = 7 s

Time = 847

DILUPBiCGStab:  Solving for Ux, Initial residual = 2.9778593e-05, Final residual = 1.1522789e-07, No Iterations 1
DILUPBiCGStab:  Solving for Uy, Initial residual = 3.6986252e-05, Final residual = 1.3422002e-07, No Iterations 1
GAMG:  Solving for p, Initial residual = 2.0972364e-05, Final residual = 1.3405393e-07, No Iterations 6
time step continuity errors : sum local = 9.694514e-09, global = -1.9268676e-18, cumulative = 2.6276978e-16
ExecutionTime = 7.02 s  ClockTime = 7 s

Time = 848

DILUPBiCGStab:  Solving for Ux, Initial residual = 2.9643565e-05, Final residual = 1.1470504e-07, No Iterations 1
DILUPBiCGStab:  Solving for Uy, Initial residual = 3.6817749e-05, Final residual = 1.3359834e-07, No Iterations 1
GAMG:  Solving for p, Initial residual = 2.0877639e-05, Final residual = 1.3344508e-07, No Iterations 6
time step continuity errors : sum local = 9.6505948e-09, global = 1.3576297e-17, cumulative = 2.7634607e-16
ExecutionTime = 7.03 s  ClockTime = 7 s

Time = 849

DILUPBiCGStab:  Solving for Ux, Initial residual = 2.9509146e-05, Final residual = 1.1418458e-07, No Iterations 1
DILUPBiCGStab:  Solving for Uy, Initial residual = 3.6650014e-05, Final residual = 1.329796e-07, No Iterations 1
GAMG:  Solving for p, Initial residual = 2.0783519e-05, Final residual = 1.3283886e-07, No Iterations 6
time step continuity errors : sum local = 9.6068649e-09, global = 1.7983145e-17, cumulative = 2.9432922e-16
ExecutionTime = 7.04 s  ClockTime = 7 s

Time = 850

DILUPBiCGStab:  Solving for Ux, Initial residual = 2.9375334e-05, Final residual = 1.1366648e-07, No Iterations 1
DILUPBiCGStab:  Solving for Uy, Initial residual = 3.6483043e-05, Final residual = 1.3236402e-07, No Iterations 1
GAMG:  Solving for p, Initial residual = 2.0689913e-05, Final residual = 1.3223526e-07, No Iterations 6
time step continuity errors : sum local = 9.5633231e-09, global = -1.1627221e-17, cumulative = 2.82702e-16
ExecutionTime = 7.05 s  ClockTime = 7 s

Time = 851

DILUPBiCGStab:  Solving for Ux, Initial residual = 2.9242127e-05, Final residual = 1.131507e-07, No Iterations 1
DILUPBiCGStab:  Solving for Uy, Initial residual = 3.6316834e-05, Final residual = 1.3175144e-07, No Iterations 1
GAMG:  Solving for p, Initial residual = 2.0596643e-05, Final residual = 1.3163417e-07, No Iterations 6
time step continuity errors : sum local = 9.5199627e-09, global = -5.049481e-18, cumulative = 2.7765252e-16
ExecutionTime = 7.06 s  ClockTime = 7 s

Time = 852

DILUPBiCGStab:  Solving for Ux, Initial residual = 2.9109521e-05, Final residual = 1.1263728e-07, No Iterations 1
DILUPBiCGStab:  Solving for Uy, Initial residual = 3.6151384e-05, Final residual = 1.3114156e-07, No Iterations 1
GAMG:  Solving for p, Initial residual = 2.0503909e-05, Final residual = 1.310358e-07, No Iterations 6
time step continuity errors : sum local = 9.4767971e-09, global = -1.1922571e-17, cumulative = 2.6572995e-16
ExecutionTime = 7.07 s  ClockTime = 7 s

Time = 853

DILUPBiCGStab:  Solving for Ux, Initial residual = 2.8977514e-05, Final residual = 1.1212617e-07, No Iterations 1
DILUPBiCGStab:  Solving for Uy, Initial residual = 3.598669e-05, Final residual = 1.3053449e-07, No Iterations 1
GAMG:  Solving for p, Initial residual = 2.0411722e-05, Final residual = 1.3044019e-07, No Iterations 6
time step continuity errors : sum local = 9.4338297e-09, global = 1.0684182e-17, cumulative = 2.7641413e-16
ExecutionTime = 7.08 s  ClockTime = 7 s

Time = 854

DILUPBiCGStab:  Solving for Ux, Initial residual = 2.8846104e-05, Final residual = 1.1161739e-07, No Iterations 1
DILUPBiCGStab:  Solving for Uy, Initial residual = 3.5822747e-05, Final residual = 1.2993026e-07, No Iterations 1
GAMG:  Solving for p, Initial residual = 2.0319948e-05, Final residual = 1.2984733e-07, No Iterations 6
time step continuity errors : sum local = 9.3910591e-09, global = 1.1147483e-18, cumulative = 2.7752888e-16
ExecutionTime = 7.09 s  ClockTime = 7 s

Time = 855

DILUPBiCGStab:  Solving for Ux, Initial residual = 2.8715287e-05, Final residual = 1.1111086e-07, No Iterations 1
DILUPBiCGStab:  Solving for Uy, Initial residual = 3.5659552e-05, Final residual = 1.2932887e-07, No Iterations 1
GAMG:  Solving for p, Initial residual = 2.0228557e-05, Final residual = 1.2925722e-07, No Iterations 6
time step continuity errors : sum local = 9.3484857e-09, global = 1.8898417e-17, cumulative = 2.9642729e-16
ExecutionTime = 7.1 s  ClockTime = 7 s

Time = 856

DILUPBiCGStab:  Solving for Ux, Initial residual = 2.8585061e-05, Final residual = 1.1060663e-07, No Iterations 1
DILUPBiCGStab:  Solving for Uy, Initial residual = 3.54971e-05, Final residual = 1.2873031e-07, No Iterations 1
GAMG:  Solving for p, Initial residual = 2.0137444e-05, Final residual = 1.2866965e-07, No Iterations 6
time step continuity errors : sum local = 9.3060927e-09, global = -1.8020904e-17, cumulative = 2.7840639e-16
ExecutionTime = 7.11 s  ClockTime = 7 s

Time = 857

DILUPBiCGStab:  Solving for Ux, Initial residual = 2.8455422e-05, Final residual = 1.1010569e-07, No Iterations 1
DILUPBiCGStab:  Solving for Uy, Initial residual = 3.5335388e-05, Final residual = 1.2813457e-07, No Iterations 1
GAMG:  Solving for p, Initial residual = 2.0046718e-05, Final residual = 1.2808435e-07, No Iterations 6
time step continuity errors : sum local = 9.263853e-09, global = 2.2197597e-17, cumulative = 3.0060399e-16
ExecutionTime = 7.11 s  ClockTime = 7 s

Time = 858

DILUPBiCGStab:  Solving for Ux, Initial residual = 2.8326369e-05, Final residual = 1.0960628e-07, No Iterations 1
DILUPBiCGStab:  Solving for Uy, Initial residual = 3.5174412e-05, Final residual = 1.2754166e-07, No Iterations 1
GAMG:  Solving for p, Initial residual = 1.9956501e-05, Final residual = 1.2750222e-07, No Iterations 6
time step continuity errors : sum local = 9.221844e-09, global = 2.4335164e-17, cumulative = 3.2493915e-16
ExecutionTime = 7.12 s  ClockTime = 7 s

Time = 859

DILUPBiCGStab:  Solving for Ux, Initial residual = 2.8197899e-05, Final residual = 1.0910899e-07, No Iterations 1
DILUPBiCGStab:  Solving for Uy, Initial residual = 3.5014175e-05, Final residual = 1.2695155e-07, No Iterations 1
GAMG:  Solving for p, Initial residual = 1.9866681e-05, Final residual = 1.2692286e-07, No Iterations 6
time step continuity errors : sum local = 9.1800387e-09, global = -7.7869989e-18, cumulative = 3.1715215e-16
ExecutionTime = 7.13 s  ClockTime = 7 s

Time = 860

DILUPBiCGStab:  Solving for Ux, Initial residual = 2.8070009e-05, Final residual = 1.0861392e-07, No Iterations 1
DILUPBiCGStab:  Solving for Uy, Initial residual = 3.4854671e-05, Final residual = 1.2636421e-07, No Iterations 1
GAMG:  Solving for p, Initial residual = 1.9777266e-05, Final residual = 1.2634614e-07, No Iterations 6
time step continuity errors : sum local = 9.1384244e-09, global = -3.9978632e-19, cumulative = 3.1675237e-16
ExecutionTime = 7.14 s  ClockTime = 7 s

Time = 861

DILUPBiCGStab:  Solving for Ux, Initial residual = 2.7942697e-05, Final residual = 1.0812107e-07, No Iterations 1
DILUPBiCGStab:  Solving for Uy, Initial residual = 3.4695893e-05, Final residual = 1.2577966e-07, No Iterations 1
GAMG:  Solving for p, Initial residual = 1.9688255e-05, Final residual = 1.2577205e-07, No Iterations 6
time step continuity errors : sum local = 9.097e-09, global = -6.2431755e-18, cumulative = 3.1050919e-16
ExecutionTime = 7.15 s  ClockTime = 7 s

Time = 862

DILUPBiCGStab:  Solving for Ux, Initial residual = 2.7815961e-05, Final residual = 1.0763044e-07, No Iterations 1
DILUPBiCGStab:  Solving for Uy, Initial residual = 3.4537839e-05, Final residual = 1.2519785e-07, No Iterations 1
GAMG:  Solving for p, Initial residual = 1.9599644e-05, Final residual = 1.2520058e-07, No Iterations 6
time step continuity errors : sum local = 9.0557651e-09, global = -2.042968e-17, cumulative = 2.9007951e-16
ExecutionTime = 7.16 s  ClockTime = 7 s

Time = 863

DILUPBiCGStab:  Solving for Ux, Initial residual = 2.76898e-05, Final residual = 1.0714204e-07, No Iterations 1
DILUPBiCGStab:  Solving for Uy, Initial residual = 3.4380505e-05, Final residual = 1.2461879e-07, No Iterations 1
GAMG:  Solving for p, Initial residual = 1.9511431e-05, Final residual = 1.2463175e-07, No Iterations 6
time step continuity errors : sum local = 9.0147191e-09, global = -1.3395733e-17, cumulative = 2.7668378e-16
ExecutionTime = 7.16 s  ClockTime = 7 s

Time = 864

DILUPBiCGStab:  Solving for Ux, Initial residual = 2.7564209e-05, Final residual = 1.0665585e-07, No Iterations 1
DILUPBiCGStab:  Solving for Uy, Initial residual = 3.4223887e-05, Final residual = 1.2404245e-07, No Iterations 1
GAMG:  Solving for p, Initial residual = 1.9423614e-05, Final residual = 1.2406553e-07, No Iterations 6
time step continuity errors : sum local = 8.9738612e-09, global = -1.4603047e-17, cumulative = 2.6208073e-16
ExecutionTime = 7.17 s  ClockTime = 7 s

Time = 865

DILUPBiCGStab:  Solving for Ux, Initial residual = 2.7439186e-05, Final residual = 1.0617187e-07, No Iterations 1
DILUPBiCGStab:  Solving for Uy, Initial residual = 3.4067983e-05, Final residual = 1.2346883e-07, No Iterations 1
GAMG:  Solving for p, Initial residual = 1.9336192e-05, Final residual = 1.235019e-07, No Iterations 6
time step continuity errors : sum local = 8.9331891e-09, global = -1.5709947e-18, cumulative = 2.6050974e-16
ExecutionTime = 7.18 s  ClockTime = 7 s

Time = 866

DILUPBiCGStab:  Solving for Ux, Initial residual = 2.7314727e-05, Final residual = 1.0569008e-07, No Iterations 1
DILUPBiCGStab:  Solving for Uy, Initial residual = 3.3912788e-05, Final residual = 1.2289791e-07, No Iterations 1
GAMG:  Solving for p, Initial residual = 1.9249165e-05, Final residual = 1.2294084e-07, No Iterations 6
time step continuity errors : sum local = 8.8927016e-09, global = 1.0936929e-17, cumulative = 2.7144666e-16
ExecutionTime = 7.19 s  ClockTime = 7 s

Time = 867

DILUPBiCGStab:  Solving for Ux, Initial residual = 2.7190831e-05, Final residual = 1.0521049e-07, No Iterations 1
DILUPBiCGStab:  Solving for Uy, Initial residual = 3.3758301e-05, Final residual = 1.2232969e-07, No Iterations 1
GAMG:  Solving for p, Initial residual = 1.9162527e-05, Final residual = 1.2238234e-07, No Iterations 6
time step continuity errors : sum local = 8.8523982e-09, global = 1.3910399e-18, cumulative = 2.728377e-16
ExecutionTime = 7.2 s  ClockTime = 7 s

Time = 868

DILUPBiCGStab:  Solving for Ux, Initial residual = 2.7067495e-05, Final residual = 1.0473306e-07, No Iterations 1
DILUPBiCGStab:  Solving for Uy, Initial residual = 3.3604518e-05, Final residual = 1.2176414e-07, No Iterations 1
GAMG:  Solving for p, Initial residual = 1.9076277e-05, Final residual = 1.2182637e-07, No Iterations 6
time step continuity errors : sum local = 8.8122766e-09, global = -1.0924607e-18, cumulative = 2.7174524e-16
ExecutionTime = 7.21 s  ClockTime = 7 s

Time = 869

DILUPBiCGStab:  Solving for Ux, Initial residual = 2.6944716e-05, Final residual = 1.042578e-07, No Iterations 1
DILUPBiCGStab:  Solving for Uy, Initial residual = 3.3451435e-05, Final residual = 1.2120125e-07, No Iterations 1
GAMG:  Solving for p, Initial residual = 1.8990412e-05, Final residual = 1.2127294e-07, No Iterations 6
time step continuity errors : sum local = 8.7723371e-09, global = 8.5572562e-18, cumulative = 2.803025e-16
ExecutionTime = 7.21 s  ClockTime = 7 s

Time = 870

DILUPBiCGStab:  Solving for Ux, Initial residual = 2.6822492e-05, Final residual = 1.0378469e-07, No Iterations 1
DILUPBiCGStab:  Solving for Uy, Initial residual = 3.3299049e-05, Final residual = 1.2064101e-07, No Iterations 1
GAMG:  Solving for p, Initial residual = 1.8904931e-05, Final residual = 1.2072202e-07, No Iterations 6
time step continuity errors : sum local = 8.7325783e-09, global = -4.8890477e-18, cumulative = 2.7541345e-16
ExecutionTime = 7.22 s  ClockTime = 7 s

Time = 871

DILUPBiCGStab:  Solving for Ux, Initial residual = 2.6700821e-05, Final residual = 1.0331371e-07, No Iterations 1
DILUPBiCGStab:  Solving for Uy, Initial residual = 3.3147357e-05, Final residual = 1.2008342e-07, No Iterations 1
GAMG:  Solving for p, Initial residual = 1.8819831e-05, Final residual = 1.2017361e-07, No Iterations 6
time step continuity errors : sum local = 8.6929999e-09, global = -7.9753446e-19, cumulative = 2.7461592e-16
ExecutionTime = 7.23 s  ClockTime = 7 s

Time = 872

DILUPBiCGStab:  Solving for Ux, Initial residual = 2.65797e-05, Final residual = 1.0284485e-07, No Iterations 1
DILUPBiCGStab:  Solving for Uy, Initial residual = 3.2996357e-05, Final residual = 1.1952845e-07, No Iterations 1
GAMG:  Solving for p, Initial residual = 1.8735113e-05, Final residual = 1.1962771e-07, No Iterations 6
time step continuity errors : sum local = 8.6536008e-09, global = -1.3080571e-17, cumulative = 2.6153535e-16
ExecutionTime = 7.23 s  ClockTime = 7 s

Time = 873

DILUPBiCGStab:  Solving for Ux, Initial residual = 2.6459126e-05, Final residual = 1.0237813e-07, No Iterations 1
DILUPBiCGStab:  Solving for Uy, Initial residual = 3.2846044e-05, Final residual = 1.1897609e-07, No Iterations 1
GAMG:  Solving for p, Initial residual = 1.8650779e-05, Final residual = 1.1908435e-07, No Iterations 6
time step continuity errors : sum local = 8.6143845e-09, global = 1.6910986e-17, cumulative = 2.7844633e-16
ExecutionTime = 7.24 s  ClockTime = 7 s

Time = 874

DILUPBiCGStab:  Solving for Ux, Initial residual = 2.6339097e-05, Final residual = 1.0191354e-07, No Iterations 1
DILUPBiCGStab:  Solving for Uy, Initial residual = 3.2696416e-05, Final residual = 1.1842635e-07, No Iterations 1
GAMG:  Solving for p, Initial residual = 1.8566872e-05, Final residual = 1.1854394e-07, No Iterations 6
time step continuity errors : sum local = 8.5753803e-09, global = -5.5772884e-18, cumulative = 2.7286904e-16
ExecutionTime = 7.25 s  ClockTime = 7 s

Time = 875

DILUPBiCGStab:  Solving for Ux, Initial residual = 2.6219611e-05, Final residual = 1.0145112e-07, No Iterations 1
DILUPBiCGStab:  Solving for Uy, Initial residual = 3.254747e-05, Final residual = 1.1787921e-07, No Iterations 1
GAMG:  Solving for p, Initial residual = 1.8483277e-05, Final residual = 1.1800577e-07, No Iterations 6
time step continuity errors : sum local = 8.536537e-09, global = -2.2593545e-18, cumulative = 2.7060969e-16
ExecutionTime = 7.26 s  ClockTime = 7 s

Time = 876

DILUPBiCGStab:  Solving for Ux, Initial residual = 2.6100666e-05, Final residual = 1.009908e-07, No Iterations 1
DILUPBiCGStab:  Solving for Uy, Initial residual = 3.2399203e-05, Final residual = 1.1733464e-07, No Iterations 1
GAMG:  Solving for p, Initial residual = 1.8400027e-05, Final residual = 1.1746993e-07, No Iterations 6
time step continuity errors : sum local = 8.4978603e-09, global = -4.6464522e-18, cumulative = 2.6596324e-16
ExecutionTime = 7.27 s  ClockTime = 7 s

Time = 877

DILUPBiCGStab:  Solving for Ux, Initial residual = 2.5982258e-05, Final residual = 1.0053257e-07, No Iterations 1
DILUPBiCGStab:  Solving for Uy, Initial residual = 3.2251611e-05, Final residual = 1.1679262e-07, No Iterations 1
GAMG:  Solving for p, Initial residual = 1.8317148e-05, Final residual = 1.1693644e-07, No Iterations 6
time step continuity errors : sum local = 8.4593531e-09, global = -4.0837576e-18, cumulative = 2.6187948e-16
ExecutionTime = 7.28 s  ClockTime = 7 s

Time = 878

DILUPBiCGStab:  Solving for Ux, Initial residual = 2.5864385e-05, Final residual = 1.0007642e-07, No Iterations 1
DILUPBiCGStab:  Solving for Uy, Initial residual = 3.2104691e-05, Final residual = 1.1625315e-07, No Iterations 1
GAMG:  Solving for p, Initial residual = 1.8234648e-05, Final residual = 1.1640534e-07, No Iterations 6
time step continuity errors : sum local = 8.4210177e-09, global = 5.0066662e-18, cumulative = 2.6688615e-16
ExecutionTime = 7.29 s  ClockTime = 7 s

Time = 879

DILUPBiCGStab:  Solving for Ux, Initial residual = 2.5747045e-05, Final residual = 9.9622331e-08, No Iterations 1
DILUPBiCGStab:  Solving for Uy, Initial residual = 3.1958441e-05, Final residual = 1.1571621e-07, No Iterations 1
GAMG:  Solving for p, Initial residual = 1.8152524e-05, Final residual = 1.1587662e-07, No Iterations 6
time step continuity errors : sum local = 8.3828534e-09, global = 1.0742628e-18, cumulative = 2.6796041e-16
ExecutionTime = 7.3 s  ClockTime = 7 s

Time = 880

DILUPBiCGStab:  Solving for Ux, Initial residual = 2.5630236e-05, Final residual = 9.9170295e-08, No Iterations 1
DILUPBiCGStab:  Solving for Uy, Initial residual = 3.1812857e-05, Final residual = 1.1518179e-07, No Iterations 1
GAMG:  Solving for p, Initial residual = 1.8070772e-05, Final residual = 1.153503e-07, No Iterations 6
time step continuity errors : sum local = 8.344862e-09, global = -9.3953556e-18, cumulative = 2.5856505e-16
ExecutionTime = 7.3 s  ClockTime = 7 s

Time = 881

DILUPBiCGStab:  Solving for Ux, Initial residual = 2.5513955e-05, Final residual = 9.8720198e-08, No Iterations 1
DILUPBiCGStab:  Solving for Uy, Initial residual = 3.1667936e-05, Final residual = 1.1464989e-07, No Iterations 1
GAMG:  Solving for p, Initial residual = 1.7989388e-05, Final residual = 1.1482645e-07, No Iterations 6
time step continuity errors : sum local = 8.3070483e-09, global = 3.0672254e-18, cumulative = 2.6163228e-16
ExecutionTime = 7.31 s  ClockTime = 7 s

Time = 882

DILUPBiCGStab:  Solving for Ux, Initial residual = 2.5398199e-05, Final residual = 9.8272219e-08, No Iterations 1
DILUPBiCGStab:  Solving for Uy, Initial residual = 3.1523676e-05, Final residual = 1.141205e-07, No Iterations 1
GAMG:  Solving for p, Initial residual = 1.7908369e-05, Final residual = 1.1430497e-07, No Iterations 6
time step continuity errors : sum local = 8.2694046e-09, global = -9.9588178e-18, cumulative = 2.5167346e-16
ExecutionTime = 7.32 s  ClockTime = 7 s

Time = 883

DILUPBiCGStab:  Solving for Ux, Initial residual = 2.5282967e-05, Final residual = 9.7826651e-08, No Iterations 1
DILUPBiCGStab:  Solving for Uy, Initial residual = 3.1380073e-05, Final residual = 1.135936e-07, No Iterations 1
GAMG:  Solving for p, Initial residual = 1.7827714e-05, Final residual = 1.1378582e-07, No Iterations 6
time step continuity errors : sum local = 8.2319274e-09, global = 2.7030237e-17, cumulative = 2.787037e-16
ExecutionTime = 7.33 s  ClockTime = 7 s

Time = 884

DILUPBiCGStab:  Solving for Ux, Initial residual = 2.5168256e-05, Final residual = 9.738306e-08, No Iterations 1
DILUPBiCGStab:  Solving for Uy, Initial residual = 3.1237125e-05, Final residual = 1.1306917e-07, No Iterations 1
GAMG:  Solving for p, Initial residual = 1.774742e-05, Final residual = 1.132693e-07, No Iterations 6
time step continuity errors : sum local = 8.1946392e-09, global = -1.2052233e-17, cumulative = 2.6665147e-16
ExecutionTime = 7.34 s  ClockTime = 7 s

Time = 885

DILUPBiCGStab:  Solving for Ux, Initial residual = 2.5054064e-05, Final residual = 9.6941314e-08, No Iterations 1
DILUPBiCGStab:  Solving for Uy, Initial residual = 3.1094831e-05, Final residual = 1.1254721e-07, No Iterations 1
GAMG:  Solving for p, Initial residual = 1.7667424e-05, Final residual = 1.1275504e-07, No Iterations 6
time step continuity errors : sum local = 8.1575141e-09, global = -3.7490075e-18, cumulative = 2.6290246e-16
ExecutionTime = 7.35 s  ClockTime = 7 s

Time = 886

DILUPBiCGStab:  Solving for Ux, Initial residual = 2.4940389e-05, Final residual = 9.6501518e-08, No Iterations 1
DILUPBiCGStab:  Solving for Uy, Initial residual = 3.0953185e-05, Final residual = 1.120277e-07, No Iterations 1
GAMG:  Solving for p, Initial residual = 1.7587708e-05, Final residual = 1.1224298e-07, No Iterations 6
time step continuity errors : sum local = 8.1205481e-09, global = 2.3075282e-17, cumulative = 2.8597774e-16
ExecutionTime = 7.35 s  ClockTime = 7 s

Time = 887

DILUPBiCGStab:  Solving for Ux, Initial residual = 2.4827228e-05, Final residual = 9.6063705e-08, No Iterations 1
DILUPBiCGStab:  Solving for Uy, Initial residual = 3.0812188e-05, Final residual = 1.1151033e-07, No Iterations 1
GAMG:  Solving for p, Initial residual = 1.7508425e-05, Final residual = 1.1173315e-07, No Iterations 6
time step continuity errors : sum local = 8.083743e-09, global = -9.5813985e-19, cumulative = 2.850196e-16
ExecutionTime = 7.36 s  ClockTime = 7 s

Time = 888

DILUPBiCGStab:  Solving for Ux, Initial residual = 2.471458e-05, Final residual = 9.5627867e-08, No Iterations 1
DILUPBiCGStab:  Solving for Uy, Initial residual = 3.0671833e-05, Final residual = 1.1099541e-07, No Iterations 1
GAMG:  Solving for p, Initial residual = 1.7429542e-05, Final residual = 1.112257e-07, No Iterations 6
time step continuity errors : sum local = 8.0471082e-09, global = 6.8202431e-18, cumulative = 2.9183984e-16
ExecutionTime = 7.37 s  ClockTime = 7 s

Time = 889

DILUPBiCGStab:  Solving for Ux, Initial residual = 2.4602441e-05, Final residual = 9.5193996e-08, No Iterations 1
DILUPBiCGStab:  Solving for Uy, Initial residual = 3.0532118e-05, Final residual = 1.1048307e-07, No Iterations 1
GAMG:  Solving for p, Initial residual = 1.7351032e-05, Final residual = 1.1072057e-07, No Iterations 6
time step continuity errors : sum local = 8.0106409e-09, global = 9.0359622e-18, cumulative = 3.008758e-16
ExecutionTime = 7.38 s  ClockTime = 8 s

Time = 890

DILUPBiCGStab:  Solving for Ux, Initial residual = 2.449081e-05, Final residual = 9.4762086e-08, No Iterations 1
DILUPBiCGStab:  Solving for Uy, Initial residual = 3.0393043e-05, Final residual = 1.099732e-07, No Iterations 1
GAMG:  Solving for p, Initial residual = 1.7272885e-05, Final residual = 1.1021773e-07, No Iterations 6
time step continuity errors : sum local = 7.9743378e-09, global = -1.1260509e-18, cumulative = 2.9974975e-16
ExecutionTime = 7.39 s  ClockTime = 8 s

Time = 891

DILUPBiCGStab:  Solving for Ux, Initial residual = 2.4379683e-05, Final residual = 9.4332129e-08, No Iterations 1
DILUPBiCGStab:  Solving for Uy, Initial residual = 3.0254602e-05, Final residual = 1.0946574e-07, No Iterations 1
GAMG:  Solving for p, Initial residual = 1.719508e-05, Final residual = 1.0971717e-07, No Iterations 6
time step continuity errors : sum local = 7.9381982e-09, global = 8.5746204e-18, cumulative = 3.0832437e-16
ExecutionTime = 7.4 s  ClockTime = 8 s

Time = 892

DILUPBiCGStab:  Solving for Ux, Initial residual = 2.4269059e-05, Final residual = 9.3904117e-08, No Iterations 1
DILUPBiCGStab:  Solving for Uy, Initial residual = 3.0116791e-05, Final residual = 1.0896067e-07, No Iterations 1
GAMG:  Solving for p, Initial residual = 1.711762e-05, Final residual = 1.0921887e-07, No Iterations 6
time step continuity errors : sum local = 7.9022215e-09, global = 1.6064509e-18, cumulative = 3.0993083e-16
ExecutionTime = 7.4 s  ClockTime = 8 s

Time = 893

DILUPBiCGStab:  Solving for Ux, Initial residual = 2.4158936e-05, Final residual = 9.3478042e-08, No Iterations 1
DILUPBiCGStab:  Solving for Uy, Initial residual = 2.9979609e-05, Final residual = 1.0845797e-07, No Iterations 1
GAMG:  Solving for p, Initial residual = 1.7040502e-05, Final residual = 1.0872283e-07, No Iterations 6
time step continuity errors : sum local = 7.8664073e-09, global = -3.8072543e-18, cumulative = 3.0612357e-16
ExecutionTime = 7.41 s  ClockTime = 8 s

Time = 894

DILUPBiCGStab:  Solving for Ux, Initial residual = 2.404931e-05, Final residual = 9.3053896e-08, No Iterations 1
DILUPBiCGStab:  Solving for Uy, Initial residual = 2.9843051e-05, Final residual = 1.0795764e-07, No Iterations 1
GAMG:  Solving for p, Initial residual = 1.6963726e-05, Final residual = 1.0822906e-07, No Iterations 6
time step continuity errors : sum local = 7.8307554e-09, global = -9.1519528e-18, cumulative = 2.9697162e-16
ExecutionTime = 7.42 s  ClockTime = 8 s

Time = 895

DILUPBiCGStab:  Solving for Ux, Initial residual = 2.3940181e-05, Final residual = 9.2632886e-08, No Iterations 1
DILUPBiCGStab:  Solving for Uy, Initial residual = 2.9707115e-05, Final residual = 1.0745984e-07, No Iterations 1
GAMG:  Solving for p, Initial residual = 1.6887385e-05, Final residual = 1.0773696e-07, No Iterations 6
time step continuity errors : sum local = 7.7952229e-09, global = -1.899879e-17, cumulative = 2.7797283e-16
ExecutionTime = 7.42 s  ClockTime = 8 s

Time = 896

DILUPBiCGStab:  Solving for Ux, Initial residual = 2.3831545e-05, Final residual = 9.2218419e-08, No Iterations 1
DILUPBiCGStab:  Solving for Uy, Initial residual = 2.9571802e-05, Final residual = 1.0697186e-07, No Iterations 1
GAMG:  Solving for p, Initial residual = 1.681186e-05, Final residual = 1.0724491e-07, No Iterations 6
time step continuity errors : sum local = 7.7596875e-09, global = -2.7465202e-17, cumulative = 2.5050763e-16
ExecutionTime = 7.43 s  ClockTime = 8 s

Time = 897

DILUPBiCGStab:  Solving for Ux, Initial residual = 2.3723402e-05, Final residual = 9.1801064e-08, No Iterations 1
DILUPBiCGStab:  Solving for Uy, Initial residual = 2.9437105e-05, Final residual = 1.0648925e-07, No Iterations 1
GAMG:  Solving for p, Initial residual = 1.6742754e-05, Final residual = 1.0675719e-07, No Iterations 6
time step continuity errors : sum local = 7.7244626e-09, global = -1.6037113e-17, cumulative = 2.3447051e-16
ExecutionTime = 7.44 s  ClockTime = 8 s

Time = 898

DILUPBiCGStab:  Solving for Ux, Initial residual = 2.3615748e-05, Final residual = 9.138426e-08, No Iterations 1
DILUPBiCGStab:  Solving for Uy, Initial residual = 2.9303023e-05, Final residual = 1.0600315e-07, No Iterations 1
GAMG:  Solving for p, Initial residual = 1.6671863e-05, Final residual = 1.0627113e-07, No Iterations 6
time step continuity errors : sum local = 7.6893617e-09, global = -3.7926006e-17, cumulative = 1.9654451e-16
ExecutionTime = 7.45 s  ClockTime = 8 s

Time = 899

DILUPBiCGStab:  Solving for Ux, Initial residual = 2.3508583e-05, Final residual = 9.0969083e-08, No Iterations 1
DILUPBiCGStab:  Solving for Uy, Initial residual = 2.9169551e-05, Final residual = 1.0551711e-07, No Iterations 1
GAMG:  Solving for p, Initial residual = 1.6600123e-05, Final residual = 1.0578754e-07, No Iterations 6
time step continuity errors : sum local = 7.6544395e-09, global = 1.5478918e-17, cumulative = 2.1202343e-16
ExecutionTime = 7.46 s  ClockTime = 8 s

Time = 900

DILUPBiCGStab:  Solving for Ux, Initial residual = 2.3401902e-05, Final residual = 9.0555799e-08, No Iterations 1
DILUPBiCGStab:  Solving for Uy, Initial residual = 2.9036687e-05, Final residual = 1.0503237e-07, No Iterations 1
GAMG:  Solving for p, Initial residual = 1.652764e-05, Final residual = 1.0530631e-07, No Iterations 6
time step continuity errors : sum local = 7.6196892e-09, global = -4.0422e-18, cumulative = 2.0798123e-16
ExecutionTime = 7.47 s  ClockTime = 8 s

Time = 901

DILUPBiCGStab:  Solving for Ux, Initial residual = 2.3295705e-05, Final residual = 9.0144436e-08, No Iterations 1
DILUPBiCGStab:  Solving for Uy, Initial residual = 2.8904428e-05, Final residual = 1.0454968e-07, No Iterations 1
GAMG:  Solving for p, Initial residual = 1.6454667e-05, Final residual = 1.0482757e-07, No Iterations 6
time step continuity errors : sum local = 7.5851172e-09, global = 2.9256386e-18, cumulative = 2.1090686e-16
ExecutionTime = 7.47 s  ClockTime = 8 s

Time = 902

DILUPBiCGStab:  Solving for Ux, Initial residual = 2.3189987e-05, Final residual = 8.9735093e-08, No Iterations 1
DILUPBiCGStab:  Solving for Uy, Initial residual = 2.8772771e-05, Final residual = 1.0406895e-07, No Iterations 1
GAMG:  Solving for p, Initial residual = 1.6381479e-05, Final residual = 1.0435119e-07, No Iterations 6
time step continuity errors : sum local = 7.550716e-09, global = -2.2973691e-17, cumulative = 1.8793317e-16
ExecutionTime = 7.48 s  ClockTime = 8 s

Time = 903

DILUPBiCGStab:  Solving for Ux, Initial residual = 2.3084748e-05, Final residual = 8.9327619e-08, No Iterations 1
DILUPBiCGStab:  Solving for Uy, Initial residual = 2.8641714e-05, Final residual = 1.035902e-07, No Iterations 1
GAMG:  Solving for p, Initial residual = 1.6308253e-05, Final residual = 1.0387708e-07, No Iterations 6
time step continuity errors : sum local = 7.516478e-09, global = -7.1361599e-18, cumulative = 1.8079701e-16
ExecutionTime = 7.49 s  ClockTime = 8 s

Time = 904

DILUPBiCGStab:  Solving for Ux, Initial residual = 2.2979984e-05, Final residual = 8.8921975e-08, No Iterations 1
DILUPBiCGStab:  Solving for Uy, Initial residual = 2.8511255e-05, Final residual = 1.0311351e-07, No Iterations 1
GAMG:  Solving for p, Initial residual = 1.6235107e-05, Final residual = 1.0340518e-07, No Iterations 6
time step continuity errors : sum local = 7.4823997e-09, global = -7.2999814e-18, cumulative = 1.7349703e-16
ExecutionTime = 7.5 s  ClockTime = 8 s

Time = 905

DILUPBiCGStab:  Solving for Ux, Initial residual = 2.2875695e-05, Final residual = 8.8518156e-08, No Iterations 1
DILUPBiCGStab:  Solving for Uy, Initial residual = 2.8381391e-05, Final residual = 1.0263892e-07, No Iterations 1
GAMG:  Solving for p, Initial residual = 1.6162116e-05, Final residual = 1.0293546e-07, No Iterations 6
time step continuity errors : sum local = 7.4484782e-09, global = -8.6730747e-18, cumulative = 1.6482396e-16
ExecutionTime = 7.51 s  ClockTime = 8 s

Time = 906

DILUPBiCGStab:  Solving for Ux, Initial residual = 2.2771877e-05, Final residual = 8.8116157e-08, No Iterations 1
DILUPBiCGStab:  Solving for Uy, Initial residual = 2.825212e-05, Final residual = 1.0216645e-07, No Iterations 1
GAMG:  Solving for p, Initial residual = 1.6089331e-05, Final residual = 1.0246789e-07, No Iterations 6
time step continuity errors : sum local = 7.4147114e-09, global = 7.9538379e-18, cumulative = 1.7277779e-16
ExecutionTime = 7.52 s  ClockTime = 8 s

Time = 907

DILUPBiCGStab:  Solving for Ux, Initial residual = 2.2668528e-05, Final residual = 8.7715972e-08, No Iterations 1
DILUPBiCGStab:  Solving for Uy, Initial residual = 2.8123438e-05, Final residual = 1.0169611e-07, No Iterations 1
GAMG:  Solving for p, Initial residual = 1.6016788e-05, Final residual = 1.0200246e-07, No Iterations 6
time step continuity errors : sum local = 7.3810984e-09, global = 1.6863725e-17, cumulative = 1.8964152e-16
ExecutionTime = 7.52 s  ClockTime = 8 s

Time = 908

DILUPBiCGStab:  Solving for Ux, Initial residual = 2.2565647e-05, Final residual = 8.7317601e-08, No Iterations 1
DILUPBiCGStab:  Solving for Uy, Initial residual = 2.7995342e-05, Final residual = 1.012279e-07, No Iterations 1
GAMG:  Solving for p, Initial residual = 1.5944527e-05, Final residual = 1.0153911e-07, No Iterations 6
time step continuity errors : sum local = 7.3476345e-09, global = 6.0688984e-18, cumulative = 1.9571042e-16
ExecutionTime = 7.54 s  ClockTime = 8 s

Time = 909

DILUPBiCGStab:  Solving for Ux, Initial residual = 2.2463231e-05, Final residual = 8.6921041e-08, No Iterations 1
DILUPBiCGStab:  Solving for Uy, Initial residual = 2.7867832e-05, Final residual = 1.0076183e-07, No Iterations 1
GAMG:  Solving for p, Initial residual = 1.5872517e-05, Final residual = 1.0107787e-07, No Iterations 6
time step continuity errors : sum local = 7.314323e-09, global = -1.0559761e-17, cumulative = 1.8515066e-16
ExecutionTime = 7.55 s  ClockTime = 8 s

Time = 910

DILUPBiCGStab:  Solving for Ux, Initial residual = 2.2361279e-05, Final residual = 8.6526277e-08, No Iterations 1
DILUPBiCGStab:  Solving for Uy, Initial residual = 2.7740904e-05, Final residual = 1.0029793e-07, No Iterations 1
GAMG:  Solving for p, Initial residual = 1.5800798e-05, Final residual = 1.0061875e-07, No Iterations 6
time step continuity errors : sum local = 7.2811642e-09, global = -8.9513251e-18, cumulative = 1.7619933e-16
ExecutionTime = 7.56 s  ClockTime = 8 s

Time = 911

DILUPBiCGStab:  Solving for Ux, Initial residual = 2.2259789e-05, Final residual = 8.6133301e-08, No Iterations 1
DILUPBiCGStab:  Solving for Uy, Initial residual = 2.7614554e-05, Final residual = 9.9836168e-08, No Iterations 1
GAMG:  Solving for p, Initial residual = 1.5729379e-05, Final residual = 1.0016174e-07, No Iterations 6
time step continuity errors : sum local = 7.2481569e-09, global = -2.0827627e-17, cumulative = 1.553717e-16
ExecutionTime = 7.56 s  ClockTime = 8 s

Time = 912

DILUPBiCGStab:  Solving for Ux, Initial residual = 2.2158757e-05, Final residual = 8.5742135e-08, No Iterations 1
DILUPBiCGStab:  Solving for Uy, Initial residual = 2.748878e-05, Final residual = 9.9376544e-08, No Iterations 1
GAMG:  Solving for p, Initial residual = 1.5658262e-05, Final residual = 9.9706822e-08, No Iterations 6
time step continuity errors : sum local = 7.2153e-09, global = 9.9974902e-18, cumulative = 1.6536919e-16
ExecutionTime = 7.57 s  ClockTime = 8 s

Time = 913

DILUPBiCGStab:  Solving for Ux, Initial residual = 2.2058183e-05, Final residual = 8.5352771e-08, No Iterations 1
DILUPBiCGStab:  Solving for Uy, Initial residual = 2.736358e-05, Final residual = 9.8919051e-08, No Iterations 1
GAMG:  Solving for p, Initial residual = 1.558745e-05, Final residual = 9.9253981e-08, No Iterations 6
time step continuity errors : sum local = 7.1825928e-09, global = 2.3626264e-18, cumulative = 1.6773182e-16
ExecutionTime = 7.58 s  ClockTime = 8 s

Time = 914

DILUPBiCGStab:  Solving for Ux, Initial residual = 2.1958064e-05, Final residual = 8.4965174e-08, No Iterations 1
DILUPBiCGStab:  Solving for Uy, Initial residual = 2.7238949e-05, Final residual = 9.8463679e-08, No Iterations 1
GAMG:  Solving for p, Initial residual = 1.5517098e-05, Final residual = 9.8803208e-08, No Iterations 6
time step continuity errors : sum local = 7.1500343e-09, global = -5.6123609e-18, cumulative = 1.6211946e-16
ExecutionTime = 7.59 s  ClockTime = 8 s

Time = 915

DILUPBiCGStab:  Solving for Ux, Initial residual = 2.1858398e-05, Final residual = 8.457934e-08, No Iterations 1
DILUPBiCGStab:  Solving for Uy, Initial residual = 2.7114887e-05, Final residual = 9.8010422e-08, No Iterations 1
GAMG:  Solving for p, Initial residual = 1.5447056e-05, Final residual = 9.8354484e-08, No Iterations 6
time step continuity errors : sum local = 7.1176234e-09, global = -1.4195478e-18, cumulative = 1.6069991e-16
ExecutionTime = 7.59 s  ClockTime = 8 s

Time = 916

DILUPBiCGStab:  Solving for Ux, Initial residual = 2.1759183e-05, Final residual = 8.4195256e-08, No Iterations 1
DILUPBiCGStab:  Solving for Uy, Initial residual = 2.699139e-05, Final residual = 9.7559274e-08, No Iterations 1
GAMG:  Solving for p, Initial residual = 1.537732e-05, Final residual = 9.790781e-08, No Iterations 6
time step continuity errors : sum local = 7.0853601e-09, global = 1.3491779e-17, cumulative = 1.7419169e-16
ExecutionTime = 7.6 s  ClockTime = 8 s

Time = 917

DILUPBiCGStab:  Solving for Ux, Initial residual = 2.1660417e-05, Final residual = 8.3812915e-08, No Iterations 1
DILUPBiCGStab:  Solving for Uy, Initial residual = 2.6868455e-05, Final residual = 9.7110221e-08, No Iterations 1
GAMG:  Solving for p, Initial residual = 1.5307891e-05, Final residual = 9.7463168e-08, No Iterations 6
time step continuity errors : sum local = 7.0532428e-09, global = 3.6864462e-18, cumulative = 1.7787814e-16
ExecutionTime = 7.61 s  ClockTime = 8 s

Time = 918

DILUPBiCGStab:  Solving for Ux, Initial residual = 2.1562098e-05, Final residual = 8.3432321e-08, No Iterations 1
DILUPBiCGStab:  Solving for Uy, Initial residual = 2.6746081e-05, Final residual = 9.6663251e-08, No Iterations 1
GAMG:  Solving for p, Initial residual = 1.5238766e-05, Final residual = 9.702051e-08, No Iterations 6
time step continuity errors : sum local = 7.0212685e-09, global = 1.4468382e-19, cumulative = 1.7802282e-16
ExecutionTime = 7.61 s  ClockTime = 8 s

Time = 919

DILUPBiCGStab:  Solving for Ux, Initial residual = 2.1464224e-05, Final residual = 8.3053458e-08, No Iterations 1
DILUPBiCGStab:  Solving for Uy, Initial residual = 2.6624265e-05, Final residual = 9.621857e-08, No Iterations 1
GAMG:  Solving for p, Initial residual = 1.5169947e-05, Final residual = 9.6579805e-08, No Iterations 6
time step continuity errors : sum local = 6.9894351e-09, global = 4.7360259e-18, cumulative = 1.8275885e-16
ExecutionTime = 7.62 s  ClockTime = 8 s

Time = 920

DILUPBiCGStab:  Solving for Ux, Initial residual = 2.1366794e-05, Final residual = 8.2676314e-08, No Iterations 1
DILUPBiCGStab:  Solving for Uy, Initial residual = 2.6503003e-05, Final residual = 9.5775877e-08, No Iterations 1
GAMG:  Solving for p, Initial residual = 1.5101431e-05, Final residual = 9.6141142e-08, No Iterations 6
time step continuity errors : sum local = 6.9577485e-09, global = -9.4442321e-18, cumulative = 1.7331462e-16
ExecutionTime = 7.63 s  ClockTime = 8 s

Time = 921

DILUPBiCGStab:  Solving for Ux, Initial residual = 2.1269804e-05, Final residual = 8.2300879e-08, No Iterations 1
DILUPBiCGStab:  Solving for Uy, Initial residual = 2.6382295e-05, Final residual = 9.533518e-08, No Iterations 1
GAMG:  Solving for p, Initial residual = 1.5033216e-05, Final residual = 9.5704514e-08, No Iterations 6
time step continuity errors : sum local = 6.9262084e-09, global = -9.4861337e-18, cumulative = 1.6382848e-16
ExecutionTime = 7.64 s  ClockTime = 8 s

Time = 922

DILUPBiCGStab:  Solving for Ux, Initial residual = 2.1173253e-05, Final residual = 8.1927148e-08, No Iterations 1
DILUPBiCGStab:  Solving for Uy, Initial residual = 2.6262138e-05, Final residual = 9.4896507e-08, No Iterations 1
GAMG:  Solving for p, Initial residual = 1.4965302e-05, Final residual = 9.5269882e-08, No Iterations 6
time step continuity errors : sum local = 6.8948119e-09, global = 1.7419524e-17, cumulative = 1.8124801e-16
ExecutionTime = 7.65 s  ClockTime = 8 s

Time = 923

DILUPBiCGStab:  Solving for Ux, Initial residual = 2.107714e-05, Final residual = 8.1555114e-08, No Iterations 1
DILUPBiCGStab:  Solving for Uy, Initial residual = 2.6142529e-05, Final residual = 9.4459863e-08, No Iterations 1
GAMG:  Solving for p, Initial residual = 1.4897689e-05, Final residual = 9.4837229e-08, No Iterations 6
time step continuity errors : sum local = 6.8635578e-09, global = 3.5616941e-18, cumulative = 1.848097e-16
ExecutionTime = 7.66 s  ClockTime = 8 s

Time = 924

DILUPBiCGStab:  Solving for Ux, Initial residual = 2.0981461e-05, Final residual = 8.1184769e-08, No Iterations 1
DILUPBiCGStab:  Solving for Uy, Initial residual = 2.6023465e-05, Final residual = 9.4025246e-08, No Iterations 1
GAMG:  Solving for p, Initial residual = 1.4830367e-05, Final residual = 9.4406551e-08, No Iterations 6
time step continuity errors : sum local = 6.8324462e-09, global = 1.1715895e-17, cumulative = 1.9652559e-16
ExecutionTime = 7.66 s  ClockTime = 8 s

Time = 925

DILUPBiCGStab:  Solving for Ux, Initial residual = 2.0886216e-05, Final residual = 8.0816103e-08, No Iterations 1
DILUPBiCGStab:  Solving for Uy, Initial residual = 2.5904944e-05, Final residual = 9.3592653e-08, No Iterations 1
GAMG:  Solving for p, Initial residual = 1.4763344e-05, Final residual = 9.397787e-08, No Iterations 6
time step continuity errors : sum local = 6.8014784e-09, global = 6.5382473e-18, cumulative = 2.0306384e-16
ExecutionTime = 7.67 s  ClockTime = 8 s

Time = 926

DILUPBiCGStab:  Solving for Ux, Initial residual = 2.0791402e-05, Final residual = 8.0449109e-08, No Iterations 1
DILUPBiCGStab:  Solving for Uy, Initial residual = 2.5786962e-05, Final residual = 9.3162077e-08, No Iterations 1
GAMG:  Solving for p, Initial residual = 1.4696629e-05, Final residual = 9.3551097e-08, No Iterations 6
time step continuity errors : sum local = 6.7706477e-09, global = 1.1733392e-17, cumulative = 2.1479723e-16
ExecutionTime = 7.68 s  ClockTime = 8 s

Time = 927

DILUPBiCGStab:  Solving for Ux, Initial residual = 2.0697017e-05, Final residual = 8.0083778e-08, No Iterations 1
DILUPBiCGStab:  Solving for Uy, Initial residual = 2.5669519e-05, Final residual = 9.2728683e-08, No Iterations 1
GAMG:  Solving for p, Initial residual = 1.462951e-05, Final residual = 9.3126464e-08, No Iterations 6
time step continuity errors : sum local = 6.7399707e-09, global = -8.1088052e-18, cumulative = 2.0668843e-16
ExecutionTime = 7.69 s  ClockTime = 8 s

Time = 928

DILUPBiCGStab:  Solving for Ux, Initial residual = 2.060306e-05, Final residual = 7.9720123e-08, No Iterations 1
DILUPBiCGStab:  Solving for Uy, Initial residual = 2.555261e-05, Final residual = 9.2294015e-08, No Iterations 1
GAMG:  Solving for p, Initial residual = 1.456191e-05, Final residual = 9.270417e-08, No Iterations 6
time step continuity errors : sum local = 6.7094619e-09, global = 1.8489273e-18, cumulative = 2.0853736e-16
ExecutionTime = 7.7 s  ClockTime = 8 s

Time = 929

DILUPBiCGStab:  Solving for Ux, Initial residual = 2.0509527e-05, Final residual = 7.9358166e-08, No Iterations 1
DILUPBiCGStab:  Solving for Uy, Initial residual = 2.5436234e-05, Final residual = 9.1866286e-08, No Iterations 1
GAMG:  Solving for p, Initial residual = 1.4494925e-05, Final residual = 9.228395e-08, No Iterations 6
time step continuity errors : sum local = 6.6791022e-09, global = -2.7957315e-17, cumulative = 1.8058004e-16
ExecutionTime = 7.71 s  ClockTime = 8 s

Time = 930

DILUPBiCGStab:  Solving for Ux, Initial residual = 2.0416419e-05, Final residual = 7.8997871e-08, No Iterations 1
DILUPBiCGStab:  Solving for Uy, Initial residual = 2.5320389e-05, Final residual = 9.1443734e-08, No Iterations 1
GAMG:  Solving for p, Initial residual = 1.442869e-05, Final residual = 9.1865591e-08, No Iterations 6
time step continuity errors : sum local = 6.6488769e-09, global = -1.2123993e-17, cumulative = 1.6845605e-16
ExecutionTime = 7.71 s  ClockTime = 8 s

Time = 931

DILUPBiCGStab:  Solving for Ux, Initial residual = 2.0323732e-05, Final residual = 7.8639196e-08, No Iterations 1
DILUPBiCGStab:  Solving for Uy, Initial residual = 2.5205072e-05, Final residual = 9.102314e-08, No Iterations 1
GAMG:  Solving for p, Initial residual = 1.4363073e-05, Final residual = 9.1448609e-08, No Iterations 6
time step continuity errors : sum local = 6.6187506e-09, global = -1.0354038e-17, cumulative = 1.5810201e-16
ExecutionTime = 7.72 s  ClockTime = 8 s

Time = 932

DILUPBiCGStab:  Solving for Ux, Initial residual = 2.0231465e-05, Final residual = 7.8282128e-08, No Iterations 1
DILUPBiCGStab:  Solving for Uy, Initial residual = 2.509028e-05, Final residual = 9.0604494e-08, No Iterations 1
GAMG:  Solving for p, Initial residual = 1.4298084e-05, Final residual = 9.1033063e-08, No Iterations 6
time step continuity errors : sum local = 6.588728e-09, global = -9.2830841e-19, cumulative = 1.571737e-16
ExecutionTime = 7.73 s  ClockTime = 8 s

Time = 933

DILUPBiCGStab:  Solving for Ux, Initial residual = 2.0139616e-05, Final residual = 7.7926664e-08, No Iterations 1
DILUPBiCGStab:  Solving for Uy, Initial residual = 2.4976011e-05, Final residual = 9.018779e-08, No Iterations 1
GAMG:  Solving for p, Initial residual = 1.4233706e-05, Final residual = 9.0619281e-08, No Iterations 6
time step continuity errors : sum local = 6.558833e-09, global = -1.4119258e-17, cumulative = 1.4305444e-16
ExecutionTime = 7.74 s  ClockTime = 8 s

Time = 934

DILUPBiCGStab:  Solving for Ux, Initial residual = 2.0048183e-05, Final residual = 7.7572799e-08, No Iterations 1
DILUPBiCGStab:  Solving for Uy, Initial residual = 2.4862263e-05, Final residual = 8.9773032e-08, No Iterations 1
GAMG:  Solving for p, Initial residual = 1.4169665e-05, Final residual = 9.020745e-08, No Iterations 6
time step continuity errors : sum local = 6.5290781e-09, global = 1.032426e-17, cumulative = 1.533787e-16
ExecutionTime = 7.75 s  ClockTime = 8 s

Time = 935

DILUPBiCGStab:  Solving for Ux, Initial residual = 1.9957164e-05, Final residual = 7.7220529e-08, No Iterations 1
DILUPBiCGStab:  Solving for Uy, Initial residual = 2.4749034e-05, Final residual = 8.9360201e-08, No Iterations 1
GAMG:  Solving for p, Initial residual = 1.4105863e-05, Final residual = 8.9797621e-08, No Iterations 6
time step continuity errors : sum local = 6.4994674e-09, global = 3.801603e-18, cumulative = 1.571803e-16
ExecutionTime = 7.76 s  ClockTime = 8 s

Time = 936

DILUPBiCGStab:  Solving for Ux, Initial residual = 1.9866558e-05, Final residual = 7.6869853e-08, No Iterations 1
DILUPBiCGStab:  Solving for Uy, Initial residual = 2.463632e-05, Final residual = 8.8949282e-08, No Iterations 1
GAMG:  Solving for p, Initial residual = 1.4042323e-05, Final residual = 8.9389748e-08, No Iterations 6
time step continuity errors : sum local = 6.4699973e-09, global = 2.7630876e-18, cumulative = 1.5994339e-16
ExecutionTime = 7.76 s  ClockTime = 8 s

Time = 937

DILUPBiCGStab:  Solving for Ux, Initial residual = 1.9776363e-05, Final residual = 7.6520766e-08, No Iterations 1
DILUPBiCGStab:  Solving for Uy, Initial residual = 2.452412e-05, Final residual = 8.8540268e-08, No Iterations 1
GAMG:  Solving for p, Initial residual = 1.3979045e-05, Final residual = 8.8983782e-08, No Iterations 6
time step continuity errors : sum local = 6.4406644e-09, global = 2.5371416e-18, cumulative = 1.6248053e-16
ExecutionTime = 7.77 s  ClockTime = 8 s

Time = 938

DILUPBiCGStab:  Solving for Ux, Initial residual = 1.9686576e-05, Final residual = 7.6173261e-08, No Iterations 1
DILUPBiCGStab:  Solving for Uy, Initial residual = 2.4412432e-05, Final residual = 8.813315e-08, No Iterations 1
GAMG:  Solving for p, Initial residual = 1.3916034e-05, Final residual = 8.8579687e-08, No Iterations 6
time step continuity errors : sum local = 6.4114663e-09, global = 6.7563451e-18, cumulative = 1.6923688e-16
ExecutionTime = 7.78 s  ClockTime = 8 s

Time = 939

DILUPBiCGStab:  Solving for Ux, Initial residual = 1.9597196e-05, Final residual = 7.5827332e-08, No Iterations 1
DILUPBiCGStab:  Solving for Uy, Initial residual = 2.4301252e-05, Final residual = 8.7727924e-08, No Iterations 1
GAMG:  Solving for p, Initial residual = 1.3853292e-05, Final residual = 8.8177447e-08, No Iterations 6
time step continuity errors : sum local = 6.3824016e-09, global = -1.4187127e-17, cumulative = 1.5504975e-16
ExecutionTime = 7.79 s  ClockTime = 8 s

Time = 940

DILUPBiCGStab:  Solving for Ux, Initial residual = 1.9508221e-05, Final residual = 7.5482971e-08, No Iterations 1
DILUPBiCGStab:  Solving for Uy, Initial residual = 2.4190579e-05, Final residual = 8.7324587e-08, No Iterations 1
GAMG:  Solving for p, Initial residual = 1.3790824e-05, Final residual = 8.7777044e-08, No Iterations 6
time step continuity errors : sum local = 6.3534691e-09, global = -1.5025795e-17, cumulative = 1.4002396e-16
ExecutionTime = 7.8 s  ClockTime = 8 s

Time = 941

DILUPBiCGStab:  Solving for Ux, Initial residual = 1.9419649e-05, Final residual = 7.5140172e-08, No Iterations 1
DILUPBiCGStab:  Solving for Uy, Initial residual = 2.408041e-05, Final residual = 8.6923126e-08, No Iterations 1
GAMG:  Solving for p, Initial residual = 1.3728628e-05, Final residual = 8.7378464e-08, No Iterations 6
time step continuity errors : sum local = 6.324668e-09, global = -4.4455333e-18, cumulative = 1.3557842e-16
ExecutionTime = 7.81 s  ClockTime = 8 s

Time = 942

DILUPBiCGStab:  Solving for Ux, Initial residual = 1.9331478e-05, Final residual = 7.4798875e-08, No Iterations 1
DILUPBiCGStab:  Solving for Uy, Initial residual = 2.3970743e-05, Final residual = 8.6523503e-08, No Iterations 1
GAMG:  Solving for p, Initial residual = 1.3666705e-05, Final residual = 8.6981801e-08, No Iterations 6
time step continuity errors : sum local = 6.2960048e-09, global = 2.6634911e-17, cumulative = 1.6221334e-16
ExecutionTime = 7.81 s  ClockTime = 8 s

Time = 943

DILUPBiCGStab:  Solving for Ux, Initial residual = 1.9243706e-05, Final residual = 7.4459116e-08, No Iterations 1
DILUPBiCGStab:  Solving for Uy, Initial residual = 2.3861576e-05, Final residual = 8.6125738e-08, No Iterations 1
GAMG:  Solving for p, Initial residual = 1.3605059e-05, Final residual = 8.6587029e-08, No Iterations 6
time step continuity errors : sum local = 6.2674777e-09, global = -3.2165811e-18, cumulative = 1.5899675e-16
ExecutionTime = 7.82 s  ClockTime = 8 s

Time = 944

DILUPBiCGStab:  Solving for Ux, Initial residual = 1.9156332e-05, Final residual = 7.4120949e-08, No Iterations 1
DILUPBiCGStab:  Solving for Uy, Initial residual = 2.3752906e-05, Final residual = 8.5729845e-08, No Iterations 1
GAMG:  Solving for p, Initial residual = 1.3543686e-05, Final residual = 8.6194008e-08, No Iterations 6
time step continuity errors : sum local = 6.2390769e-09, global = -2.443878e-17, cumulative = 1.3455797e-16
ExecutionTime = 7.83 s  ClockTime = 8 s

Time = 945

DILUPBiCGStab:  Solving for Ux, Initial residual = 1.9069354e-05, Final residual = 7.3784335e-08, No Iterations 1
DILUPBiCGStab:  Solving for Uy, Initial residual = 2.3644731e-05, Final residual = 8.5335793e-08, No Iterations 1
GAMG:  Solving for p, Initial residual = 1.3482582e-05, Final residual = 8.5802728e-08, No Iterations 6
time step continuity errors : sum local = 6.2108014e-09, global = 2.1702466e-17, cumulative = 1.5626044e-16
ExecutionTime = 7.84 s  ClockTime = 8 s

Time = 946

DILUPBiCGStab:  Solving for Ux, Initial residual = 1.898277e-05, Final residual = 7.3449253e-08, No Iterations 1
DILUPBiCGStab:  Solving for Uy, Initial residual = 2.353705e-05, Final residual = 8.4943569e-08, No Iterations 1
GAMG:  Solving for p, Initial residual = 1.3421743e-05, Final residual = 8.5413195e-08, No Iterations 6
time step continuity errors : sum local = 6.1826518e-09, global = -1.4317451e-17, cumulative = 1.4194299e-16
ExecutionTime = 7.85 s  ClockTime = 8 s

Time = 947

DILUPBiCGStab:  Solving for Ux, Initial residual = 1.8896578e-05, Final residual = 7.3115857e-08, No Iterations 1
DILUPBiCGStab:  Solving for Uy, Initial residual = 2.342986e-05, Final residual = 8.4553161e-08, No Iterations 1
GAMG:  Solving for p, Initial residual = 1.3361164e-05, Final residual = 8.5025414e-08, No Iterations 6
time step continuity errors : sum local = 6.1546283e-09, global = 1.0110132e-17, cumulative = 1.5205312e-16
ExecutionTime = 7.86 s  ClockTime = 8 s

Time = 948

DILUPBiCGStab:  Solving for Ux, Initial residual = 1.8810776e-05, Final residual = 7.2784095e-08, No Iterations 1
DILUPBiCGStab:  Solving for Uy, Initial residual = 2.3323159e-05, Final residual = 8.4164556e-08, No Iterations 1
GAMG:  Solving for p, Initial residual = 1.330091e-05, Final residual = 8.4639415e-08, No Iterations 6
time step continuity errors : sum local = 6.1267331e-09, global = -7.7392606e-18, cumulative = 1.4431386e-16
ExecutionTime = 7.86 s  ClockTime = 8 s

Time = 949

DILUPBiCGStab:  Solving for Ux, Initial residual = 1.8725364e-05, Final residual = 7.2453826e-08, No Iterations 1
DILUPBiCGStab:  Solving for Uy, Initial residual = 2.3216945e-05, Final residual = 8.3777757e-08, No Iterations 1
GAMG:  Solving for p, Initial residual = 1.324093e-05, Final residual = 8.4255195e-08, No Iterations 6
time step continuity errors : sum local = 6.098966e-09, global = 3.8356564e-18, cumulative = 1.4814952e-16
ExecutionTime = 7.87 s  ClockTime = 8 s

Time = 950

DILUPBiCGStab:  Solving for Ux, Initial residual = 1.8640338e-05, Final residual = 7.2125048e-08, No Iterations 1
DILUPBiCGStab:  Solving for Uy, Initial residual = 2.3111214e-05, Final residual = 8.3392758e-08, No Iterations 1
GAMG:  Solving for p, Initial residual = 1.3181217e-05, Final residual = 8.3872702e-08, No Iterations 6
time step continuity errors : sum local = 6.0713233e-09, global = 3.3532976e-18, cumulative = 1.5150282e-16
ExecutionTime = 7.88 s  ClockTime = 8 s

Time = 951

DILUPBiCGStab:  Solving for Ux, Initial residual = 1.8555698e-05, Final residual = 7.1797757e-08, No Iterations 1
DILUPBiCGStab:  Solving for Uy, Initial residual = 2.3005965e-05, Final residual = 8.3009544e-08, No Iterations 1
GAMG:  Solving for p, Initial residual = 1.312177e-05, Final residual = 8.3491925e-08, No Iterations 6
time step continuity errors : sum local = 6.0438042e-09, global = 7.7672657e-18, cumulative = 1.5927008e-16
ExecutionTime = 7.89 s  ClockTime = 8 s

Time = 952

DILUPBiCGStab:  Solving for Ux, Initial residual = 1.8471441e-05, Final residual = 7.1471947e-08, No Iterations 1
DILUPBiCGStab:  Solving for Uy, Initial residual = 2.2901196e-05, Final residual = 8.2628105e-08, No Iterations 1
GAMG:  Solving for p, Initial residual = 1.3062586e-05, Final residual = 8.3112865e-08, No Iterations 6
time step continuity errors : sum local = 6.0164089e-09, global = -1.3740198e-18, cumulative = 1.5789606e-16
ExecutionTime = 7.9 s  ClockTime = 8 s

Time = 953

DILUPBiCGStab:  Solving for Ux, Initial residual = 1.8387566e-05, Final residual = 7.1147643e-08, No Iterations 1
DILUPBiCGStab:  Solving for Uy, Initial residual = 2.2796905e-05, Final residual = 8.2248434e-08, No Iterations 1
GAMG:  Solving for p, Initial residual = 1.3003666e-05, Final residual = 8.2735518e-08, No Iterations 6
time step continuity errors : sum local = 5.9891371e-09, global = 1.3158524e-17, cumulative = 1.7105459e-16
ExecutionTime = 7.91 s  ClockTime = 8 s

Time = 954

DILUPBiCGStab:  Solving for Ux, Initial residual = 1.830407e-05, Final residual = 7.0824816e-08, No Iterations 1
DILUPBiCGStab:  Solving for Uy, Initial residual = 2.2693089e-05, Final residual = 8.1870521e-08, No Iterations 1
GAMG:  Solving for p, Initial residual = 1.2945011e-05, Final residual = 8.2359879e-08, No Iterations 6
time step continuity errors : sum local = 5.9619883e-09, global = -1.3212576e-17, cumulative = 1.5784201e-16
ExecutionTime = 7.92 s  ClockTime = 8 s

Time = 955

DILUPBiCGStab:  Solving for Ux, Initial residual = 1.8220954e-05, Final residual = 7.0503624e-08, No Iterations 1
DILUPBiCGStab:  Solving for Uy, Initial residual = 2.2589746e-05, Final residual = 8.1494333e-08, No Iterations 1
GAMG:  Solving for p, Initial residual = 1.2886647e-05, Final residual = 8.1986643e-08, No Iterations 6
time step continuity errors : sum local = 5.9350141e-09, global = 3.2705848e-17, cumulative = 1.9054786e-16
ExecutionTime = 7.93 s  ClockTime = 8 s

Time = 956

DILUPBiCGStab:  Solving for Ux, Initial residual = 1.8138213e-05, Final residual = 7.0183883e-08, No Iterations 1
DILUPBiCGStab:  Solving for Uy, Initial residual = 2.2486874e-05, Final residual = 8.1119901e-08, No Iterations 1
GAMG:  Solving for p, Initial residual = 1.2828547e-05, Final residual = 8.1615069e-08, No Iterations 6
time step continuity errors : sum local = 5.90816e-09, global = -7.5415049e-18, cumulative = 1.8300635e-16
ExecutionTime = 7.94 s  ClockTime = 8 s

Time = 957

DILUPBiCGStab:  Solving for Ux, Initial residual = 1.8055847e-05, Final residual = 6.9865484e-08, No Iterations 1
DILUPBiCGStab:  Solving for Uy, Initial residual = 2.2384471e-05, Final residual = 8.0747229e-08, No Iterations 1
GAMG:  Solving for p, Initial residual = 1.2770706e-05, Final residual = 8.1244733e-08, No Iterations 6
time step continuity errors : sum local = 5.8813948e-09, global = 6.2879491e-18, cumulative = 1.892943e-16
ExecutionTime = 7.95 s  ClockTime = 8 s

Time = 958

DILUPBiCGStab:  Solving for Ux, Initial residual = 1.7973854e-05, Final residual = 6.9548471e-08, No Iterations 1
DILUPBiCGStab:  Solving for Uy, Initial residual = 2.2282535e-05, Final residual = 8.0376289e-08, No Iterations 1
GAMG:  Solving for p, Initial residual = 1.2713117e-05, Final residual = 8.0875883e-08, No Iterations 6
time step continuity errors : sum local = 5.8547361e-09, global = 9.0901855e-18, cumulative = 1.9838449e-16
ExecutionTime = 7.95 s  ClockTime = 8 s

Time = 959

DILUPBiCGStab:  Solving for Ux, Initial residual = 1.7892232e-05, Final residual = 6.9232872e-08, No Iterations 1
DILUPBiCGStab:  Solving for Uy, Initial residual = 2.2181063e-05, Final residual = 8.0007065e-08, No Iterations 1
GAMG:  Solving for p, Initial residual = 1.2655782e-05, Final residual = 8.0508657e-08, No Iterations 6
time step continuity errors : sum local = 5.8281939e-09, global = -1.2649736e-17, cumulative = 1.8573475e-16
ExecutionTime = 7.96 s  ClockTime = 8 s

Time = 960

DILUPBiCGStab:  Solving for Ux, Initial residual = 1.7810982e-05, Final residual = 6.8918697e-08, No Iterations 1
DILUPBiCGStab:  Solving for Uy, Initial residual = 2.2080054e-05, Final residual = 7.9639548e-08, No Iterations 1
GAMG:  Solving for p, Initial residual = 1.2598702e-05, Final residual = 8.0143093e-08, No Iterations 6
time step continuity errors : sum local = 5.8017714e-09, global = 2.7562174e-17, cumulative = 2.1329693e-16
ExecutionTime = 7.97 s  ClockTime = 8 s

Time = 961

DILUPBiCGStab:  Solving for Ux, Initial residual = 1.77301e-05, Final residual = 6.8605947e-08, No Iterations 1
DILUPBiCGStab:  Solving for Uy, Initial residual = 2.1979505e-05, Final residual = 7.9273733e-08, No Iterations 1
GAMG:  Solving for p, Initial residual = 1.2541879e-05, Final residual = 7.9779196e-08, No Iterations 6
time step continuity errors : sum local = 5.7754687e-09, global = 2.0241745e-17, cumulative = 2.3353867e-16
ExecutionTime = 7.98 s  ClockTime = 8 s

Time = 962

DILUPBiCGStab:  Solving for Ux, Initial residual = 1.7649584e-05, Final residual = 6.8288241e-08, No Iterations 1
DILUPBiCGStab:  Solving for Uy, Initial residual = 2.1879414e-05, Final residual = 7.8909499e-08, No Iterations 1
GAMG:  Solving for p, Initial residual = 1.2484946e-05, Final residual = 7.9416934e-08, No Iterations 6
time step continuity errors : sum local = 5.7492836e-09, global = 1.4541848e-17, cumulative = 2.4808052e-16
ExecutionTime = 7.99 s  ClockTime = 8 s

Time = 963

DILUPBiCGStab:  Solving for Ux, Initial residual = 1.7569437e-05, Final residual = 6.797153e-08, No Iterations 1
DILUPBiCGStab:  Solving for Uy, Initial residual = 2.177978e-05, Final residual = 7.8546928e-08, No Iterations 1
GAMG:  Solving for p, Initial residual = 1.2429179e-05, Final residual = 7.9056173e-08, No Iterations 6
time step continuity errors : sum local = 5.7232037e-09, global = -4.0629656e-18, cumulative = 2.4401755e-16
ExecutionTime = 7.99 s  ClockTime = 8 s

Time = 964

DILUPBiCGStab:  Solving for Ux, Initial residual = 1.7489656e-05, Final residual = 6.766214e-08, No Iterations 1
DILUPBiCGStab:  Solving for Uy, Initial residual = 2.16806e-05, Final residual = 7.818629e-08, No Iterations 1
GAMG:  Solving for p, Initial residual = 1.2373482e-05, Final residual = 7.8696994e-08, No Iterations 6
time step continuity errors : sum local = 5.6972377e-09, global = -2.7624113e-17, cumulative = 2.1639344e-16
ExecutionTime = 8 s  ClockTime = 8 s

Time = 965

DILUPBiCGStab:  Solving for Ux, Initial residual = 1.7410238e-05, Final residual = 6.7354686e-08, No Iterations 1
DILUPBiCGStab:  Solving for Uy, Initial residual = 2.1581873e-05, Final residual = 7.7827426e-08, No Iterations 1
GAMG:  Solving for p, Initial residual = 1.2317878e-05, Final residual = 7.8339474e-08, No Iterations 6
time step continuity errors : sum local = 5.6713922e-09, global = 2.1057173e-17, cumulative = 2.3745061e-16
ExecutionTime = 8.01 s  ClockTime = 8 s

Time = 966

DILUPBiCGStab:  Solving for Ux, Initial residual = 1.733118e-05, Final residual = 6.7049011e-08, No Iterations 1
DILUPBiCGStab:  Solving for Uy, Initial residual = 2.1483595e-05, Final residual = 7.7470232e-08, No Iterations 1
GAMG:  Solving for p, Initial residual = 1.2263347e-05, Final residual = 7.7983629e-08, No Iterations 6
time step continuity errors : sum local = 5.6456683e-09, global = 1.0797751e-17, cumulative = 2.4824836e-16
ExecutionTime = 8.02 s  ClockTime = 8 s

Time = 967

DILUPBiCGStab:  Solving for Ux, Initial residual = 1.725248e-05, Final residual = 6.6744726e-08, No Iterations 1
DILUPBiCGStab:  Solving for Uy, Initial residual = 2.1385766e-05, Final residual = 7.711467e-08, No Iterations 1
GAMG:  Solving for p, Initial residual = 1.2208782e-05, Final residual = 7.7629457e-08, No Iterations 6
time step continuity errors : sum local = 5.6200654e-09, global = 2.7804518e-18, cumulative = 2.5102882e-16
ExecutionTime = 8.03 s  ClockTime = 8 s

Time = 968

DILUPBiCGStab:  Solving for Ux, Initial residual = 1.7174136e-05, Final residual = 6.6441834e-08, No Iterations 1
DILUPBiCGStab:  Solving for Uy, Initial residual = 2.1288382e-05, Final residual = 7.676072e-08, No Iterations 1
GAMG:  Solving for p, Initial residual = 1.2154237e-05, Final residual = 7.7276943e-08, No Iterations 6
time step continuity errors : sum local = 5.5945824e-09, global = 9.2162082e-18, cumulative = 2.6024502e-16
ExecutionTime = 8.03 s  ClockTime = 8 s

Time = 969

DILUPBiCGStab:  Solving for Ux, Initial residual = 1.7096147e-05, Final residual = 6.6140327e-08, No Iterations 1
DILUPBiCGStab:  Solving for Uy, Initial residual = 2.1191442e-05, Final residual = 7.6408377e-08, No Iterations 1
GAMG:  Solving for p, Initial residual = 1.2099778e-05, Final residual = 7.6926058e-08, No Iterations 6
time step continuity errors : sum local = 5.5692169e-09, global = -3.0623814e-18, cumulative = 2.5718264e-16
ExecutionTime = 8.04 s  ClockTime = 8 s

Time = 970

DILUPBiCGStab:  Solving for Ux, Initial residual = 1.7018512e-05, Final residual = 6.58402e-08, No Iterations 1
DILUPBiCGStab:  Solving for Uy, Initial residual = 2.1094944e-05, Final residual = 7.605764e-08, No Iterations 1
GAMG:  Solving for p, Initial residual = 1.2045448e-05, Final residual = 7.6576792e-08, No Iterations 6
time step continuity errors : sum local = 5.5439684e-09, global = 1.1643169e-17, cumulative = 2.6882581e-16
ExecutionTime = 8.05 s  ClockTime = 8 s

Time = 971

DILUPBiCGStab:  Solving for Ux, Initial residual = 1.6941227e-05, Final residual = 6.5541445e-08, No Iterations 1
DILUPBiCGStab:  Solving for Uy, Initial residual = 2.0998886e-05, Final residual = 7.5708526e-08, No Iterations 1
GAMG:  Solving for p, Initial residual = 1.1991279e-05, Final residual = 7.6229125e-08, No Iterations 6
time step continuity errors : sum local = 5.5188351e-09, global = 8.6113737e-18, cumulative = 2.7743719e-16
ExecutionTime = 8.07 s  ClockTime = 8 s

Time = 972

DILUPBiCGStab:  Solving for Ux, Initial residual = 1.6864293e-05, Final residual = 6.5244053e-08, No Iterations 1
DILUPBiCGStab:  Solving for Uy, Initial residual = 2.0903267e-05, Final residual = 7.5361034e-08, No Iterations 1
GAMG:  Solving for p, Initial residual = 1.1937293e-05, Final residual = 7.5883044e-08, No Iterations 6
time step continuity errors : sum local = 5.4938161e-09, global = -2.6945852e-17, cumulative = 2.5049133e-16
ExecutionTime = 8.07 s  ClockTime = 8 s

Time = 973

DILUPBiCGStab:  Solving for Ux, Initial residual = 1.6787708e-05, Final residual = 6.4948016e-08, No Iterations 1
DILUPBiCGStab:  Solving for Uy, Initial residual = 2.0808083e-05, Final residual = 7.5015139e-08, No Iterations 1
GAMG:  Solving for p, Initial residual = 1.1883505e-05, Final residual = 7.5538549e-08, No Iterations 6
time step continuity errors : sum local = 5.4689116e-09, global = -1.0708124e-17, cumulative = 2.3978321e-16
ExecutionTime = 8.08 s  ClockTime = 8 s

Time = 974

DILUPBiCGStab:  Solving for Ux, Initial residual = 1.6711469e-05, Final residual = 6.4653324e-08, No Iterations 1
DILUPBiCGStab:  Solving for Uy, Initial residual = 2.0713334e-05, Final residual = 7.4670837e-08, No Iterations 1
GAMG:  Solving for p, Initial residual = 1.1829927e-05, Final residual = 7.5195622e-08, No Iterations 6
time step continuity errors : sum local = 5.4441201e-09, global = 1.2986908e-17, cumulative = 2.5277012e-16
ExecutionTime = 8.09 s  ClockTime = 8 s

Time = 975

DILUPBiCGStab:  Solving for Ux, Initial residual = 1.6635576e-05, Final residual = 6.4359958e-08, No Iterations 1
DILUPBiCGStab:  Solving for Uy, Initial residual = 2.0619016e-05, Final residual = 7.4328123e-08, No Iterations 1
GAMG:  Solving for p, Initial residual = 1.1776566e-05, Final residual = 7.4854253e-08, No Iterations 6
time step continuity errors : sum local = 5.4194409e-09, global = 3.9451089e-18, cumulative = 2.5671523e-16
ExecutionTime = 8.09 s  ClockTime = 8 s

Time = 976

DILUPBiCGStab:  Solving for Ux, Initial residual = 1.6560026e-05, Final residual = 6.4067922e-08, No Iterations 1
DILUPBiCGStab:  Solving for Uy, Initial residual = 2.0525129e-05, Final residual = 7.3987013e-08, No Iterations 1
GAMG:  Solving for p, Initial residual = 1.1723425e-05, Final residual = 7.4514447e-08, No Iterations 6
time step continuity errors : sum local = 5.3948744e-09, global = 3.1087697e-18, cumulative = 2.59824e-16
ExecutionTime = 8.1 s  ClockTime = 8 s

Time = 977

DILUPBiCGStab:  Solving for Ux, Initial residual = 1.6484818e-05, Final residual = 6.3777213e-08, No Iterations 1
DILUPBiCGStab:  Solving for Uy, Initial residual = 2.0431669e-05, Final residual = 7.3647469e-08, No Iterations 1
GAMG:  Solving for p, Initial residual = 1.167051e-05, Final residual = 7.4176199e-08, No Iterations 6
time step continuity errors : sum local = 5.3704205e-09, global = -8.329272e-18, cumulative = 2.5149472e-16
ExecutionTime = 8.11 s  ClockTime = 8 s

Time = 978

DILUPBiCGStab:  Solving for Ux, Initial residual = 1.6409951e-05, Final residual = 6.3487822e-08, No Iterations 1
DILUPBiCGStab:  Solving for Uy, Initial residual = 2.0338635e-05, Final residual = 7.3309487e-08, No Iterations 1
GAMG:  Solving for p, Initial residual = 1.1617822e-05, Final residual = 7.3839484e-08, No Iterations 6
time step continuity errors : sum local = 5.3460769e-09, global = 1.2802374e-17, cumulative = 2.642971e-16
ExecutionTime = 8.12 s  ClockTime = 8 s

Time = 979

DILUPBiCGStab:  Solving for Ux, Initial residual = 1.6335424e-05, Final residual = 6.3199743e-08, No Iterations 1
DILUPBiCGStab:  Solving for Uy, Initial residual = 2.0246025e-05, Final residual = 7.2973064e-08, No Iterations 1
GAMG:  Solving for p, Initial residual = 1.1565218e-05, Final residual = 7.3504288e-08, No Iterations 6
time step continuity errors : sum local = 5.3218428e-09, global = 9.5870895e-18, cumulative = 2.7388419e-16
ExecutionTime = 8.13 s  ClockTime = 8 s

Time = 980

DILUPBiCGStab:  Solving for Ux, Initial residual = 1.6261234e-05, Final residual = 6.2912971e-08, No Iterations 1
DILUPBiCGStab:  Solving for Uy, Initial residual = 2.0153837e-05, Final residual = 7.2638195e-08, No Iterations 1
GAMG:  Solving for p, Initial residual = 1.151239e-05, Final residual = 7.3170572e-08, No Iterations 6
time step continuity errors : sum local = 5.2977155e-09, global = -2.5147244e-17, cumulative = 2.4873694e-16
ExecutionTime = 8.14 s  ClockTime = 8 s

Time = 981

DILUPBiCGStab:  Solving for Ux, Initial residual = 1.618738e-05, Final residual = 6.2627504e-08, No Iterations 1
DILUPBiCGStab:  Solving for Uy, Initial residual = 2.006207e-05, Final residual = 7.230487e-08, No Iterations 1
GAMG:  Solving for p, Initial residual = 1.1459948e-05, Final residual = 7.2838371e-08, No Iterations 6
time step continuity errors : sum local = 5.2736975e-09, global = -8.5830907e-18, cumulative = 2.4015385e-16
ExecutionTime = 8.14 s  ClockTime = 8 s

Time = 982

DILUPBiCGStab:  Solving for Ux, Initial residual = 1.6113862e-05, Final residual = 6.2343342e-08, No Iterations 1
DILUPBiCGStab:  Solving for Uy, Initial residual = 1.9970721e-05, Final residual = 7.1973092e-08, No Iterations 1
GAMG:  Solving for p, Initial residual = 1.1407892e-05, Final residual = 7.2507694e-08, No Iterations 6
time step continuity errors : sum local = 5.2497891e-09, global = 1.6667491e-18, cumulative = 2.418206e-16
ExecutionTime = 8.15 s  ClockTime = 8 s

Time = 983

DILUPBiCGStab:  Solving for Ux, Initial residual = 1.6040676e-05, Final residual = 6.2060471e-08, No Iterations 1
DILUPBiCGStab:  Solving for Uy, Initial residual = 1.9879788e-05, Final residual = 7.164285e-08, No Iterations 1
GAMG:  Solving for p, Initial residual = 1.1356166e-05, Final residual = 7.2178537e-08, No Iterations 6
time step continuity errors : sum local = 5.2259904e-09, global = -5.5810736e-18, cumulative = 2.3623953e-16
ExecutionTime = 8.16 s  ClockTime = 8 s

Time = 984

DILUPBiCGStab:  Solving for Ux, Initial residual = 1.5967823e-05, Final residual = 6.1778882e-08, No Iterations 1
DILUPBiCGStab:  Solving for Uy, Initial residual = 1.9789269e-05, Final residual = 7.1314137e-08, No Iterations 1
GAMG:  Solving for p, Initial residual = 1.1304732e-05, Final residual = 7.1850883e-08, No Iterations 6
time step continuity errors : sum local = 5.2023e-09, global = -1.3733316e-18, cumulative = 2.348662e-16
ExecutionTime = 8.17 s  ClockTime = 8 s

Time = 985

DILUPBiCGStab:  Solving for Ux, Initial residual = 1.58953e-05, Final residual = 6.1498569e-08, No Iterations 1
DILUPBiCGStab:  Solving for Uy, Initial residual = 1.9699164e-05, Final residual = 7.0986945e-08, No Iterations 1
GAMG:  Solving for p, Initial residual = 1.1253567e-05, Final residual = 7.1524724e-08, No Iterations 6
time step continuity errors : sum local = 5.1787173e-09, global = -1.4493607e-17, cumulative = 2.2037259e-16
ExecutionTime = 8.18 s  ClockTime = 8 s

Time = 986

DILUPBiCGStab:  Solving for Ux, Initial residual = 1.5823105e-05, Final residual = 6.1219533e-08, No Iterations 1
DILUPBiCGStab:  Solving for Uy, Initial residual = 1.9609468e-05, Final residual = 7.0661267e-08, No Iterations 1
GAMG:  Solving for p, Initial residual = 1.1202656e-05, Final residual = 7.1200024e-08, No Iterations 6
time step continuity errors : sum local = 5.1552399e-09, global = 3.0821411e-18, cumulative = 2.2345473e-16
ExecutionTime = 8.19 s  ClockTime = 8 s

Time = 987

DILUPBiCGStab:  Solving for Ux, Initial residual = 1.5751239e-05, Final residual = 6.094195e-08, No Iterations 1
DILUPBiCGStab:  Solving for Uy, Initial residual = 1.9520182e-05, Final residual = 7.0337096e-08, No Iterations 1
GAMG:  Solving for p, Initial residual = 1.1151989e-05, Final residual = 7.0876718e-08, No Iterations 6
time step continuity errors : sum local = 5.1318631e-09, global = 9.522265e-18, cumulative = 2.32977e-16
ExecutionTime = 8.19 s  ClockTime = 8 s

Time = 988

DILUPBiCGStab:  Solving for Ux, Initial residual = 1.5679698e-05, Final residual = 6.0665628e-08, No Iterations 1
DILUPBiCGStab:  Solving for Uy, Initial residual = 1.9431303e-05, Final residual = 7.0014426e-08, No Iterations 1
GAMG:  Solving for p, Initial residual = 1.110156e-05, Final residual = 7.0554925e-08, No Iterations 6
time step continuity errors : sum local = 5.1085952e-09, global = -1.2532117e-18, cumulative = 2.3172378e-16
ExecutionTime = 8.2 s  ClockTime = 8 s

Time = 989

DILUPBiCGStab:  Solving for Ux, Initial residual = 1.5608482e-05, Final residual = 6.0390565e-08, No Iterations 1
DILUPBiCGStab:  Solving for Uy, Initial residual = 1.9342828e-05, Final residual = 6.9693249e-08, No Iterations 1
GAMG:  Solving for p, Initial residual = 1.1051363e-05, Final residual = 7.0234616e-08, No Iterations 6
time step continuity errors : sum local = 5.0854345e-09, global = -1.1920665e-18, cumulative = 2.3053172e-16
ExecutionTime = 8.21 s  ClockTime = 8 s

Time = 990

DILUPBiCGStab:  Solving for Ux, Initial residual = 1.5537589e-05, Final residual = 6.0116752e-08, No Iterations 1
DILUPBiCGStab:  Solving for Uy, Initial residual = 1.9254758e-05, Final residual = 6.9373558e-08, No Iterations 1
GAMG:  Solving for p, Initial residual = 1.1001396e-05, Final residual = 6.9915778e-08, No Iterations 6
time step continuity errors : sum local = 5.0623798e-09, global = 1.5176739e-17, cumulative = 2.4570846e-16
ExecutionTime = 8.22 s  ClockTime = 8 s

Time = 991

DILUPBiCGStab:  Solving for Ux, Initial residual = 1.5467017e-05, Final residual = 5.9844176e-08, No Iterations 1
DILUPBiCGStab:  Solving for Uy, Initial residual = 1.916709e-05, Final residual = 6.9055346e-08, No Iterations 1
GAMG:  Solving for p, Initial residual = 1.0951655e-05, Final residual = 6.9598396e-08, No Iterations 6
time step continuity errors : sum local = 5.0394301e-09, global = -2.1359445e-17, cumulative = 2.2434901e-16
ExecutionTime = 8.22 s  ClockTime = 8 s

Time = 992

DILUPBiCGStab:  Solving for Ux, Initial residual = 1.5396765e-05, Final residual = 5.9572833e-08, No Iterations 1
DILUPBiCGStab:  Solving for Uy, Initial residual = 1.9079821e-05, Final residual = 6.8738608e-08, No Iterations 1
GAMG:  Solving for p, Initial residual = 1.0902139e-05, Final residual = 6.928246e-08, No Iterations 6
time step continuity errors : sum local = 5.0165846e-09, global = -1.7330797e-17, cumulative = 2.0701821e-16
ExecutionTime = 8.23 s  ClockTime = 8 s

Time = 993

DILUPBiCGStab:  Solving for Ux, Initial residual = 1.5326832e-05, Final residual = 5.9302718e-08, No Iterations 1
DILUPBiCGStab:  Solving for Uy, Initial residual = 1.899295e-05, Final residual = 6.8423338e-08, No Iterations 1
GAMG:  Solving for p, Initial residual = 1.0852842e-05, Final residual = 6.8967968e-08, No Iterations 6
time step continuity errors : sum local = 4.9938433e-09, global = 1.4685897e-17, cumulative = 2.2170411e-16
ExecutionTime = 8.24 s  ClockTime = 8 s

Time = 994

DILUPBiCGStab:  Solving for Ux, Initial residual = 1.5257216e-05, Final residual = 5.9033828e-08, No Iterations 1
DILUPBiCGStab:  Solving for Uy, Initial residual = 1.8906475e-05, Final residual = 6.8109528e-08, No Iterations 1
GAMG:  Solving for p, Initial residual = 1.0803826e-05, Final residual = 6.8654904e-08, No Iterations 6
time step continuity errors : sum local = 4.971205e-09, global = -6.0064827e-18, cumulative = 2.1569763e-16
ExecutionTime = 8.25 s  ClockTime = 8 s

Time = 995

DILUPBiCGStab:  Solving for Ux, Initial residual = 1.5187916e-05, Final residual = 5.8766155e-08, No Iterations 1
DILUPBiCGStab:  Solving for Uy, Initial residual = 1.8820394e-05, Final residual = 6.779717e-08, No Iterations 1
GAMG:  Solving for p, Initial residual = 1.0755055e-05, Final residual = 6.8343264e-08, No Iterations 6
time step continuity errors : sum local = 4.9486693e-09, global = 1.2781052e-17, cumulative = 2.2847868e-16
ExecutionTime = 8.26 s  ClockTime = 8 s

Time = 996

DILUPBiCGStab:  Solving for Ux, Initial residual = 1.511893e-05, Final residual = 5.8499692e-08, No Iterations 1
DILUPBiCGStab:  Solving for Uy, Initial residual = 1.8734705e-05, Final residual = 6.7486257e-08, No Iterations 1
GAMG:  Solving for p, Initial residual = 1.0706502e-05, Final residual = 6.8033038e-08, No Iterations 6
time step continuity errors : sum local = 4.9262356e-09, global = -2.8496174e-18, cumulative = 2.2562906e-16
ExecutionTime = 8.27 s  ClockTime = 8 s

Time = 997

DILUPBiCGStab:  Solving for Ux, Initial residual = 1.5050257e-05, Final residual = 5.8234434e-08, No Iterations 1
DILUPBiCGStab:  Solving for Uy, Initial residual = 1.8649407e-05, Final residual = 6.7176783e-08, No Iterations 1
GAMG:  Solving for p, Initial residual = 1.0658165e-05, Final residual = 6.7724223e-08, No Iterations 6
time step continuity errors : sum local = 4.9039038e-09, global = 3.5020974e-18, cumulative = 2.2913116e-16
ExecutionTime = 8.27 s  ClockTime = 8 s

Time = 998

DILUPBiCGStab:  Solving for Ux, Initial residual = 1.4981895e-05, Final residual = 5.7970373e-08, No Iterations 1
DILUPBiCGStab:  Solving for Uy, Initial residual = 1.8564497e-05, Final residual = 6.686874e-08, No Iterations 1
GAMG:  Solving for p, Initial residual = 1.0610042e-05, Final residual = 6.7416814e-08, No Iterations 6
time step continuity errors : sum local = 4.8816733e-09, global = 2.0076494e-17, cumulative = 2.4920766e-16
ExecutionTime = 8.28 s  ClockTime = 8 s

Time = 999

DILUPBiCGStab:  Solving for Ux, Initial residual = 1.4913843e-05, Final residual = 5.7707505e-08, No Iterations 1
DILUPBiCGStab:  Solving for Uy, Initial residual = 1.8479975e-05, Final residual = 6.6562121e-08, No Iterations 1
GAMG:  Solving for p, Initial residual = 1.0562132e-05, Final residual = 6.71108e-08, No Iterations 6
time step continuity errors : sum local = 4.8595433e-09, global = 4.2262577e-18, cumulative = 2.5343391e-16
ExecutionTime = 8.29 s  ClockTime = 8 s

Time = 1000

DILUPBiCGStab:  Solving for Ux, Initial residual = 1.48461e-05, Final residual = 5.7445836e-08, No Iterations 1
DILUPBiCGStab:  Solving for Uy, Initial residual = 1.8395838e-05, Final residual = 6.6256921e-08, No Iterations 1
GAMG:  Solving for p, Initial residual = 1.0514435e-05, Final residual = 6.6806178e-08, No Iterations 6
time step continuity errors : sum local = 4.8375139e-09, global = 1.0289002e-17, cumulative = 2.6372291e-16
ExecutionTime = 8.3 s  ClockTime = 8 s

Time = 1001

DILUPBiCGStab:  Solving for Ux, Initial residual = 1.4778665e-05, Final residual = 5.7185352e-08, No Iterations 1
DILUPBiCGStab:  Solving for Uy, Initial residual = 1.8312084e-05, Final residual = 6.5953132e-08, No Iterations 1
GAMG:  Solving for p, Initial residual = 1.0466951e-05, Final residual = 6.6502943e-08, No Iterations 6
time step continuity errors : sum local = 4.8155844e-09, global = -1.4354045e-17, cumulative = 2.4936887e-16
ExecutionTime = 8.31 s  ClockTime = 8 s

Time = 1002

DILUPBiCGStab:  Solving for Ux, Initial residual = 1.4711535e-05, Final residual = 5.6926046e-08, No Iterations 1
DILUPBiCGStab:  Solving for Uy, Initial residual = 1.8228712e-05, Final residual = 6.5650747e-08, No Iterations 1
GAMG:  Solving for p, Initial residual = 1.0419677e-05, Final residual = 6.6201083e-08, No Iterations 6
time step continuity errors : sum local = 4.7937542e-09, global = 9.9512475e-18, cumulative = 2.5932012e-16
ExecutionTime = 8.32 s  ClockTime = 8 s

Time = 1003

DILUPBiCGStab:  Solving for Ux, Initial residual = 1.4644709e-05, Final residual = 5.6667911e-08, No Iterations 1
DILUPBiCGStab:  Solving for Uy, Initial residual = 1.814572e-05, Final residual = 6.5349761e-08, No Iterations 1
GAMG:  Solving for p, Initial residual = 1.0372613e-05, Final residual = 6.5900598e-08, No Iterations 6
time step continuity errors : sum local = 4.772023e-09, global = 6.708223e-18, cumulative = 2.6602834e-16
ExecutionTime = 8.32 s  ClockTime = 8 s

Time = 1004

DILUPBiCGStab:  Solving for Ux, Initial residual = 1.4578187e-05, Final residual = 5.6410944e-08, No Iterations 1
DILUPBiCGStab:  Solving for Uy, Initial residual = 1.8063106e-05, Final residual = 6.5050167e-08, No Iterations 1
GAMG:  Solving for p, Initial residual = 1.0325759e-05, Final residual = 6.5601473e-08, No Iterations 6
time step continuity errors : sum local = 4.7503902e-09, global = 1.2264375e-18, cumulative = 2.6725478e-16
ExecutionTime = 8.33 s  ClockTime = 8 s

Time = 1005

DILUPBiCGStab:  Solving for Ux, Initial residual = 1.4511967e-05, Final residual = 5.6155136e-08, No Iterations 1
DILUPBiCGStab:  Solving for Uy, Initial residual = 1.7980869e-05, Final residual = 6.4751958e-08, No Iterations 1
GAMG:  Solving for p, Initial residual = 1.0279115e-05, Final residual = 6.530371e-08, No Iterations 6
time step continuity errors : sum local = 4.7288554e-09, global = -1.7899063e-17, cumulative = 2.4935571e-16
ExecutionTime = 8.34 s  ClockTime = 8 s

Time = 1006

DILUPBiCGStab:  Solving for Ux, Initial residual = 1.4446046e-05, Final residual = 5.5898795e-08, No Iterations 1
DILUPBiCGStab:  Solving for Uy, Initial residual = 1.7899006e-05, Final residual = 6.4455129e-08, No Iterations 1
GAMG:  Solving for p, Initial residual = 1.0232896e-05, Final residual = 6.500835e-08, No Iterations 6
time step continuity errors : sum local = 4.707495e-09, global = -2.0642325e-18, cumulative = 2.4729148e-16
ExecutionTime = 8.36 s  ClockTime = 8 s

Time = 1007

DILUPBiCGStab:  Solving for Ux, Initial residual = 1.4380425e-05, Final residual = 5.5644698e-08, No Iterations 1
DILUPBiCGStab:  Solving for Uy, Initial residual = 1.7817516e-05, Final residual = 6.4159679e-08, No Iterations 1
GAMG:  Solving for p, Initial residual = 1.0186841e-05, Final residual = 6.4714146e-08, No Iterations 6
time step continuity errors : sum local = 4.6862177e-09, global = 1.8794999e-18, cumulative = 2.4917098e-16
ExecutionTime = 8.36 s  ClockTime = 8 s

Time = 1008

DILUPBiCGStab:  Solving for Ux, Initial residual = 1.4315102e-05, Final residual = 5.5392083e-08, No Iterations 1
DILUPBiCGStab:  Solving for Uy, Initial residual = 1.7736398e-05, Final residual = 6.3865594e-08, No Iterations 1
GAMG:  Solving for p, Initial residual = 1.014097e-05, Final residual = 6.4420958e-08, No Iterations 6
time step continuity errors : sum local = 4.6650133e-09, global = 1.3610774e-17, cumulative = 2.6278176e-16
ExecutionTime = 8.37 s  ClockTime = 8 s

Time = 1009

DILUPBiCGStab:  Solving for Ux, Initial residual = 1.4250075e-05, Final residual = 5.5140737e-08, No Iterations 1
DILUPBiCGStab:  Solving for Uy, Initial residual = 1.7655649e-05, Final residual = 6.3572868e-08, No Iterations 1
GAMG:  Solving for p, Initial residual = 1.0095259e-05, Final residual = 6.4128872e-08, No Iterations 6
time step continuity errors : sum local = 4.6438881e-09, global = -1.9869765e-17, cumulative = 2.4291199e-16
ExecutionTime = 8.38 s  ClockTime = 9 s

Time = 1010

DILUPBiCGStab:  Solving for Ux, Initial residual = 1.4185343e-05, Final residual = 5.4890586e-08, No Iterations 1
DILUPBiCGStab:  Solving for Uy, Initial residual = 1.7575269e-05, Final residual = 6.3281494e-08, No Iterations 1
GAMG:  Solving for p, Initial residual = 1.0049719e-05, Final residual = 6.3837978e-08, No Iterations 6
time step continuity errors : sum local = 4.622849e-09, global = 1.8835326e-17, cumulative = 2.6174732e-16
ExecutionTime = 8.39 s  ClockTime = 9 s

Time = 1011

DILUPBiCGStab:  Solving for Ux, Initial residual = 1.4120905e-05, Final residual = 5.46416e-08, No Iterations 1
DILUPBiCGStab:  Solving for Uy, Initial residual = 1.7495255e-05, Final residual = 6.2991465e-08, No Iterations 1
GAMG:  Solving for p, Initial residual = 1.0004361e-05, Final residual = 6.3548334e-08, No Iterations 6
time step continuity errors : sum local = 4.6019e-09, global = -1.1017212e-17, cumulative = 2.507301e-16
ExecutionTime = 8.4 s  ClockTime = 9 s

Time = 1012

DILUPBiCGStab:  Solving for Ux, Initial residual = 1.405676e-05, Final residual = 5.4393761e-08, No Iterations 1
DILUPBiCGStab:  Solving for Uy, Initial residual = 1.7415605e-05, Final residual = 6.2702777e-08, No Iterations 1
GAMG:  Solving for p, Initial residual = 9.9591924e-06, Final residual = 6.3259957e-08, No Iterations 6
time step continuity errors : sum local = 4.5810425e-09, global = -4.9107662e-18, cumulative = 2.4581934e-16
ExecutionTime = 8.41 s  ClockTime = 9 s

Time = 1013

DILUPBiCGStab:  Solving for Ux, Initial residual = 1.3992905e-05, Final residual = 5.4147056e-08, No Iterations 1
DILUPBiCGStab:  Solving for Uy, Initial residual = 1.7336318e-05, Final residual = 6.2415423e-08, No Iterations 1
GAMG:  Solving for p, Initial residual = 9.9142164e-06, Final residual = 6.2972866e-08, No Iterations 6
time step continuity errors : sum local = 4.5602776e-09, global = 1.629559e-18, cumulative = 2.474489e-16
ExecutionTime = 8.42 s  ClockTime = 9 s

Time = 1014

DILUPBiCGStab:  Solving for Ux, Initial residual = 1.392934e-05, Final residual = 5.3901477e-08, No Iterations 1
DILUPBiCGStab:  Solving for Uy, Initial residual = 1.7257393e-05, Final residual = 6.21294e-08, No Iterations 1
GAMG:  Solving for p, Initial residual = 9.8694346e-06, Final residual = 6.2687058e-08, No Iterations 6
time step continuity errors : sum local = 4.5396054e-09, global = -1.7558622e-17, cumulative = 2.2989027e-16
ExecutionTime = 8.42 s  ClockTime = 9 s

Time = 1015

DILUPBiCGStab:  Solving for Ux, Initial residual = 1.3866064e-05, Final residual = 5.3657014e-08, No Iterations 1
DILUPBiCGStab:  Solving for Uy, Initial residual = 1.7178827e-05, Final residual = 6.18447e-08, No Iterations 1
GAMG:  Solving for p, Initial residual = 9.8248477e-06, Final residual = 6.2402541e-08, No Iterations 6
time step continuity errors : sum local = 4.5190263e-09, global = -4.5461846e-19, cumulative = 2.2943566e-16
ExecutionTime = 8.43 s  ClockTime = 9 s

Time = 1016

DILUPBiCGStab:  Solving for Ux, Initial residual = 1.3803074e-05, Final residual = 5.3413662e-08, No Iterations 1
DILUPBiCGStab:  Solving for Uy, Initial residual = 1.710062e-05, Final residual = 6.1561315e-08, No Iterations 1
GAMG:  Solving for p, Initial residual = 9.7804564e-06, Final residual = 6.2119305e-08, No Iterations 6
time step continuity errors : sum local = 4.4985396e-09, global = 1.5809446e-17, cumulative = 2.452451e-16
ExecutionTime = 8.44 s  ClockTime = 9 s

Time = 1017

DILUPBiCGStab:  Solving for Ux, Initial residual = 1.3740371e-05, Final residual = 5.3171415e-08, No Iterations 1
DILUPBiCGStab:  Solving for Uy, Initial residual = 1.7022769e-05, Final residual = 6.127924e-08, No Iterations 1
GAMG:  Solving for p, Initial residual = 9.7362606e-06, Final residual = 6.1837352e-08, No Iterations 6
time step continuity errors : sum local = 4.4781455e-09, global = 4.1524996e-18, cumulative = 2.493976e-16
ExecutionTime = 8.45 s  ClockTime = 9 s

Time = 1018

DILUPBiCGStab:  Solving for Ux, Initial residual = 1.3677952e-05, Final residual = 5.2930267e-08, No Iterations 1
DILUPBiCGStab:  Solving for Uy, Initial residual = 1.6945272e-05, Final residual = 6.0998468e-08, No Iterations 1
GAMG:  Solving for p, Initial residual = 9.6922601e-06, Final residual = 6.1556674e-08, No Iterations 6
time step continuity errors : sum local = 4.4578434e-09, global = 1.1539712e-17, cumulative = 2.6093731e-16
ExecutionTime = 8.46 s  ClockTime = 9 s

Time = 1019

DILUPBiCGStab:  Solving for Ux, Initial residual = 1.3615816e-05, Final residual = 5.2690281e-08, No Iterations 1
DILUPBiCGStab:  Solving for Uy, Initial residual = 1.6868129e-05, Final residual = 6.0718987e-08, No Iterations 1
GAMG:  Solving for p, Initial residual = 9.6484419e-06, Final residual = 6.1277235e-08, No Iterations 6
time step continuity errors : sum local = 4.4376309e-09, global = -2.7212257e-18, cumulative = 2.5821609e-16
ExecutionTime = 8.46 s  ClockTime = 9 s

Time = 1020

DILUPBiCGStab:  Solving for Ux, Initial residual = 1.3553962e-05, Final residual = 5.2451328e-08, No Iterations 1
DILUPBiCGStab:  Solving for Uy, Initial residual = 1.6791337e-05, Final residual = 6.0440516e-08, No Iterations 1
GAMG:  Solving for p, Initial residual = 9.604781e-06, Final residual = 6.0999068e-08, No Iterations 6
time step continuity errors : sum local = 4.4175099e-09, global = 2.1147236e-18, cumulative = 2.6033081e-16
ExecutionTime = 8.47 s  ClockTime = 9 s

Time = 1021

DILUPBiCGStab:  Solving for Ux, Initial residual = 1.3492388e-05, Final residual = 5.2213439e-08, No Iterations 1
DILUPBiCGStab:  Solving for Uy, Initial residual = 1.6714895e-05, Final residual = 6.0163137e-08, No Iterations 1
GAMG:  Solving for p, Initial residual = 9.5612586e-06, Final residual = 6.0722192e-08, No Iterations 6
time step continuity errors : sum local = 4.3974824e-09, global = 2.9366129e-17, cumulative = 2.8969694e-16
ExecutionTime = 8.47 s  ClockTime = 9 s

Time = 1022

DILUPBiCGStab:  Solving for Ux, Initial residual = 1.3431094e-05, Final residual = 5.1976614e-08, No Iterations 1
DILUPBiCGStab:  Solving for Uy, Initial residual = 1.6638802e-05, Final residual = 5.9887356e-08, No Iterations 1
GAMG:  Solving for p, Initial residual = 9.5179522e-06, Final residual = 6.044659e-08, No Iterations 6
time step continuity errors : sum local = 4.3775464e-09, global = -8.5834613e-18, cumulative = 2.8111348e-16
ExecutionTime = 8.48 s  ClockTime = 9 s

Time = 1023

DILUPBiCGStab:  Solving for Ux, Initial residual = 1.3370078e-05, Final residual = 5.1740859e-08, No Iterations 1
DILUPBiCGStab:  Solving for Uy, Initial residual = 1.6563055e-05, Final residual = 5.9612946e-08, No Iterations 1
GAMG:  Solving for p, Initial residual = 9.4748632e-06, Final residual = 6.0172241e-08, No Iterations 6
time step continuity errors : sum local = 4.357701e-09, global = 1.103451e-17, cumulative = 2.9214799e-16
ExecutionTime = 8.49 s  ClockTime = 9 s

Time = 1024

DILUPBiCGStab:  Solving for Ux, Initial residual = 1.3309339e-05, Final residual = 5.1506173e-08, No Iterations 1
DILUPBiCGStab:  Solving for Uy, Initial residual = 1.6487654e-05, Final residual = 5.9339839e-08, No Iterations 1
GAMG:  Solving for p, Initial residual = 9.4319844e-06, Final residual = 5.989913e-08, No Iterations 6
time step continuity errors : sum local = 4.337945e-09, global = -1.0464721e-17, cumulative = 2.8168327e-16
ExecutionTime = 8.5 s  ClockTime = 9 s

Time = 1025

DILUPBiCGStab:  Solving for Ux, Initial residual = 1.3248875e-05, Final residual = 5.1272551e-08, No Iterations 1
DILUPBiCGStab:  Solving for Uy, Initial residual = 1.6412596e-05, Final residual = 5.9068009e-08, No Iterations 1
GAMG:  Solving for p, Initial residual = 9.3893114e-06, Final residual = 5.9627237e-08, No Iterations 6
time step continuity errors : sum local = 4.3182769e-09, global = 3.9353415e-18, cumulative = 2.8561861e-16
ExecutionTime = 8.51 s  ClockTime = 9 s

Time = 1026

DILUPBiCGStab:  Solving for Ux, Initial residual = 1.3188686e-05, Final residual = 5.103999e-08, No Iterations 1
DILUPBiCGStab:  Solving for Uy, Initial residual = 1.633788e-05, Final residual = 5.8797441e-08, No Iterations 1
GAMG:  Solving for p, Initial residual = 9.3468388e-06, Final residual = 5.9356551e-08, No Iterations 6
time step continuity errors : sum local = 4.298696e-09, global = -3.9852106e-18, cumulative = 2.816334e-16
ExecutionTime = 8.52 s  ClockTime = 9 s

Time = 1027

DILUPBiCGStab:  Solving for Ux, Initial residual = 1.312877e-05, Final residual = 5.0808485e-08, No Iterations 1
DILUPBiCGStab:  Solving for Uy, Initial residual = 1.6263505e-05, Final residual = 5.8528128e-08, No Iterations 1
GAMG:  Solving for p, Initial residual = 9.3045579e-06, Final residual = 5.9087088e-08, No Iterations 6
time step continuity errors : sum local = 4.2792033e-09, global = 4.1637996e-17, cumulative = 3.232714e-16
ExecutionTime = 8.52 s  ClockTime = 9 s

Time = 1028

DILUPBiCGStab:  Solving for Ux, Initial residual = 1.3069126e-05, Final residual = 5.0578024e-08, No Iterations 1
DILUPBiCGStab:  Solving for Uy, Initial residual = 1.6189469e-05, Final residual = 5.8260062e-08, No Iterations 1
GAMG:  Solving for p, Initial residual = 9.2624678e-06, Final residual = 5.8818862e-08, No Iterations 6
time step continuity errors : sum local = 4.2597999e-09, global = 9.8252646e-18, cumulative = 3.3309666e-16
ExecutionTime = 8.53 s  ClockTime = 9 s

Time = 1029

DILUPBiCGStab:  Solving for Ux, Initial residual = 1.3009753e-05, Final residual = 5.0348605e-08, No Iterations 1
DILUPBiCGStab:  Solving for Uy, Initial residual = 1.611577e-05, Final residual = 5.7993236e-08, No Iterations 1
GAMG:  Solving for p, Initial residual = 9.2205691e-06, Final residual = 5.8551874e-08, No Iterations 6
time step continuity errors : sum local = 4.2404859e-09, global = -1.0572586e-17, cumulative = 3.2252407e-16
ExecutionTime = 8.54 s  ClockTime = 9 s

Time = 1030

DILUPBiCGStab:  Solving for Ux, Initial residual = 1.2950649e-05, Final residual = 5.0120226e-08, No Iterations 1
DILUPBiCGStab:  Solving for Uy, Initial residual = 1.6042407e-05, Final residual = 5.7727642e-08, No Iterations 1
GAMG:  Solving for p, Initial residual = 9.1788609e-06, Final residual = 5.8286102e-08, No Iterations 6
time step continuity errors : sum local = 4.2212596e-09, global = 4.3595727e-20, cumulative = 3.2256767e-16
ExecutionTime = 8.55 s  ClockTime = 9 s

Time = 1031

DILUPBiCGStab:  Solving for Ux, Initial residual = 1.2891813e-05, Final residual = 4.9892882e-08, No Iterations 1
DILUPBiCGStab:  Solving for Uy, Initial residual = 1.5969378e-05, Final residual = 5.7463276e-08, No Iterations 1
GAMG:  Solving for p, Initial residual = 9.1373414e-06, Final residual = 5.802154e-08, No Iterations 6
time step continuity errors : sum local = 4.2021206e-09, global = 1.2324329e-19, cumulative = 3.2269091e-16
ExecutionTime = 8.56 s  ClockTime = 9 s

Time = 1032

DILUPBiCGStab:  Solving for Ux, Initial residual = 1.2833245e-05, Final residual = 4.9666567e-08, No Iterations 1
DILUPBiCGStab:  Solving for Uy, Initial residual = 1.5896682e-05, Final residual = 5.720013e-08, No Iterations 1
GAMG:  Solving for p, Initial residual = 9.096009e-06, Final residual = 5.7758184e-08, No Iterations 6
time step continuity errors : sum local = 4.1830689e-09, global = 1.1898245e-17, cumulative = 3.3458916e-16
ExecutionTime = 8.57 s  ClockTime = 9 s

Time = 1033

DILUPBiCGStab:  Solving for Ux, Initial residual = 1.2774942e-05, Final residual = 4.9441278e-08, No Iterations 1
DILUPBiCGStab:  Solving for Uy, Initial residual = 1.5824317e-05, Final residual = 5.69382e-08, No Iterations 1
GAMG:  Solving for p, Initial residual = 9.0548627e-06, Final residual = 5.749602e-08, No Iterations 6
time step continuity errors : sum local = 4.164103e-09, global = -8.2476922e-18, cumulative = 3.2634147e-16
ExecutionTime = 8.58 s  ClockTime = 9 s

Time = 1034

DILUPBiCGStab:  Solving for Ux, Initial residual = 1.2716904e-05, Final residual = 4.921701e-08, No Iterations 1
DILUPBiCGStab:  Solving for Uy, Initial residual = 1.5752282e-05, Final residual = 5.6677481e-08, No Iterations 1
GAMG:  Solving for p, Initial residual = 9.0139013e-06, Final residual = 5.7235046e-08, No Iterations 6
time step continuity errors : sum local = 4.1452231e-09, global = 1.4637338e-17, cumulative = 3.409788e-16
ExecutionTime = 8.59 s  ClockTime = 9 s

Time = 1035

DILUPBiCGStab:  Solving for Ux, Initial residual = 1.2659129e-05, Final residual = 4.8993757e-08, No Iterations 1
DILUPBiCGStab:  Solving for Uy, Initial residual = 1.5680575e-05, Final residual = 5.6417966e-08, No Iterations 1
GAMG:  Solving for p, Initial residual = 8.9731236e-06, Final residual = 5.6975257e-08, No Iterations 6
time step continuity errors : sum local = 4.1264289e-09, global = -3.5947152e-18, cumulative = 3.3738409e-16
ExecutionTime = 8.6 s  ClockTime = 9 s

Time = 1036

DILUPBiCGStab:  Solving for Ux, Initial residual = 1.2601616e-05, Final residual = 4.8771515e-08, No Iterations 1
DILUPBiCGStab:  Solving for Uy, Initial residual = 1.5609195e-05, Final residual = 5.6159648e-08, No Iterations 1
GAMG:  Solving for p, Initial residual = 8.932529e-06, Final residual = 5.6716646e-08, No Iterations 6
time step continuity errors : sum local = 4.1077194e-09, global = 1.5320907e-17, cumulative = 3.52705e-16
ExecutionTime = 8.61 s  ClockTime = 9 s

Time = 1037

DILUPBiCGStab:  Solving for Ux, Initial residual = 1.2544365e-05, Final residual = 4.8550279e-08, No Iterations 1
DILUPBiCGStab:  Solving for Uy, Initial residual = 1.5538141e-05, Final residual = 5.5902523e-08, No Iterations 1
GAMG:  Solving for p, Initial residual = 8.8921327e-06, Final residual = 5.6459206e-08, No Iterations 6
time step continuity errors : sum local = 4.0890947e-09, global = 4.4850792e-18, cumulative = 3.5719008e-16
ExecutionTime = 8.61 s  ClockTime = 9 s

Time = 1038

DILUPBiCGStab:  Solving for Ux, Initial residual = 1.2487373e-05, Final residual = 4.8330045e-08, No Iterations 1
DILUPBiCGStab:  Solving for Uy, Initial residual = 1.546741e-05, Final residual = 5.5646584e-08, No Iterations 1
GAMG:  Solving for p, Initial residual = 8.8519495e-06, Final residual = 5.620291e-08, No Iterations 6
time step continuity errors : sum local = 4.0705525e-09, global = -1.0970255e-17, cumulative = 3.4621982e-16
ExecutionTime = 8.62 s  ClockTime = 9 s

Time = 1039

DILUPBiCGStab:  Solving for Ux, Initial residual = 1.243064e-05, Final residual = 4.8110808e-08, No Iterations 1
DILUPBiCGStab:  Solving for Uy, Initial residual = 1.5397002e-05, Final residual = 5.5391827e-08, No Iterations 1
GAMG:  Solving for p, Initial residual = 8.8119465e-06, Final residual = 5.5947794e-08, No Iterations 6
time step continuity errors : sum local = 4.0520954e-09, global = -6.4400577e-18, cumulative = 3.3977976e-16
ExecutionTime = 8.63 s  ClockTime = 9 s

Time = 1040

DILUPBiCGStab:  Solving for Ux, Initial residual = 1.2374165e-05, Final residual = 4.7892563e-08, No Iterations 1
DILUPBiCGStab:  Solving for Uy, Initial residual = 1.5326914e-05, Final residual = 5.5138245e-08, No Iterations 1
GAMG:  Solving for p, Initial residual = 8.7721222e-06, Final residual = 5.569385e-08, No Iterations 6
time step continuity errors : sum local = 4.0337228e-09, global = -2.7865809e-17, cumulative = 3.1191395e-16
ExecutionTime = 8.64 s  ClockTime = 9 s

Time = 1041

DILUPBiCGStab:  Solving for Ux, Initial residual = 1.2317946e-05, Final residual = 4.7675306e-08, No Iterations 1
DILUPBiCGStab:  Solving for Uy, Initial residual = 1.5257146e-05, Final residual = 5.4885834e-08, No Iterations 1
GAMG:  Solving for p, Initial residual = 8.732476e-06, Final residual = 5.5441061e-08, No Iterations 6
time step continuity errors : sum local = 4.0154337e-09, global = -3.2436994e-18, cumulative = 3.0867025e-16
ExecutionTime = 8.65 s  ClockTime = 9 s

Time = 1042

DILUPBiCGStab:  Solving for Ux, Initial residual = 1.2261982e-05, Final residual = 4.7459028e-08, No Iterations 1
DILUPBiCGStab:  Solving for Uy, Initial residual = 1.5187696e-05, Final residual = 5.4634587e-08, No Iterations 1
GAMG:  Solving for p, Initial residual = 8.6930082e-06, Final residual = 5.5189413e-08, No Iterations 6
time step continuity errors : sum local = 3.997227e-09, global = 2.7743638e-18, cumulative = 3.1144462e-16
ExecutionTime = 8.65 s  ClockTime = 9 s

Time = 1043

DILUPBiCGStab:  Solving for Ux, Initial residual = 1.2206272e-05, Final residual = 4.7243674e-08, No Iterations 1
DILUPBiCGStab:  Solving for Uy, Initial residual = 1.5118562e-05, Final residual = 5.43845e-08, No Iterations 1
GAMG:  Solving for p, Initial residual = 8.653728e-06, Final residual = 5.4938814e-08, No Iterations 6
time step continuity errors : sum local = 3.9790961e-09, global = 7.3216602e-18, cumulative = 3.1876628e-16
ExecutionTime = 8.66 s  ClockTime = 9 s

Time = 1044

DILUPBiCGStab:  Solving for Ux, Initial residual = 1.2150815e-05, Final residual = 4.7029337e-08, No Iterations 1
DILUPBiCGStab:  Solving for Uy, Initial residual = 1.5049744e-05, Final residual = 5.4135566e-08, No Iterations 1
GAMG:  Solving for p, Initial residual = 8.6146152e-06, Final residual = 5.4689395e-08, No Iterations 6
time step continuity errors : sum local = 3.9610504e-09, global = -1.6654772e-17, cumulative = 3.0211151e-16
ExecutionTime = 8.67 s  ClockTime = 9 s

Time = 1045

DILUPBiCGStab:  Solving for Ux, Initial residual = 1.209561e-05, Final residual = 4.6815981e-08, No Iterations 1
DILUPBiCGStab:  Solving for Uy, Initial residual = 1.498124e-05, Final residual = 5.3887781e-08, No Iterations 1
GAMG:  Solving for p, Initial residual = 8.5756775e-06, Final residual = 5.444113e-08, No Iterations 6
time step continuity errors : sum local = 3.943088e-09, global = -1.2336095e-17, cumulative = 2.8977541e-16
ExecutionTime = 8.68 s  ClockTime = 9 s

Time = 1046

DILUPBiCGStab:  Solving for Ux, Initial residual = 1.2040655e-05, Final residual = 4.6603596e-08, No Iterations 1
DILUPBiCGStab:  Solving for Uy, Initial residual = 1.4913047e-05, Final residual = 5.3641138e-08, No Iterations 1
GAMG:  Solving for p, Initial residual = 8.5369192e-06, Final residual = 5.4194002e-08, No Iterations 6
time step continuity errors : sum local = 3.9252076e-09, global = 3.5277202e-18, cumulative = 2.9330313e-16
ExecutionTime = 8.69 s  ClockTime = 9 s

Time = 1047

DILUPBiCGStab:  Solving for Ux, Initial residual = 1.198595e-05, Final residual = 4.6392173e-08, No Iterations 1
DILUPBiCGStab:  Solving for Uy, Initial residual = 1.4845166e-05, Final residual = 5.3395634e-08, No Iterations 1
GAMG:  Solving for p, Initial residual = 8.4983318e-06, Final residual = 5.3948002e-08, No Iterations 6
time step continuity errors : sum local = 3.9074088e-09, global = -1.3269155e-17, cumulative = 2.8003398e-16
ExecutionTime = 8.69 s  ClockTime = 9 s

Time = 1048

DILUPBiCGStab:  Solving for Ux, Initial residual = 1.1931493e-05, Final residual = 4.6181709e-08, No Iterations 1
DILUPBiCGStab:  Solving for Uy, Initial residual = 1.4777594e-05, Final residual = 5.3151261e-08, No Iterations 1
GAMG:  Solving for p, Initial residual = 8.4599157e-06, Final residual = 5.3703124e-08, No Iterations 6
time step continuity errors : sum local = 3.889691e-09, global = -1.8642229e-17, cumulative = 2.6139175e-16
ExecutionTime = 8.7 s  ClockTime = 9 s

Time = 1049

DILUPBiCGStab:  Solving for Ux, Initial residual = 1.1877284e-05, Final residual = 4.5972198e-08, No Iterations 1
DILUPBiCGStab:  Solving for Uy, Initial residual = 1.4710329e-05, Final residual = 5.2908016e-08, No Iterations 1
GAMG:  Solving for p, Initial residual = 8.4216706e-06, Final residual = 5.3459363e-08, No Iterations 6
time step continuity errors : sum local = 3.8720537e-09, global = -4.8999665e-18, cumulative = 2.5649178e-16
ExecutionTime = 8.71 s  ClockTime = 9 s

Time = 1050

DILUPBiCGStab:  Solving for Ux, Initial residual = 1.182332e-05, Final residual = 4.5763636e-08, No Iterations 1
DILUPBiCGStab:  Solving for Uy, Initial residual = 1.4643372e-05, Final residual = 5.2665892e-08, No Iterations 1
GAMG:  Solving for p, Initial residual = 8.3835962e-06, Final residual = 5.3216673e-08, No Iterations 6
time step continuity errors : sum local = 3.8544939e-09, global = -1.3400921e-17, cumulative = 2.4309086e-16
ExecutionTime = 8.72 s  ClockTime = 9 s

Time = 1051

DILUPBiCGStab:  Solving for Ux, Initial residual = 1.1769602e-05, Final residual = 4.5556019e-08, No Iterations 1
DILUPBiCGStab:  Solving for Uy, Initial residual = 1.4576719e-05, Final residual = 5.2424885e-08, No Iterations 1
GAMG:  Solving for p, Initial residual = 8.3456916e-06, Final residual = 5.2975062e-08, No Iterations 6
time step continuity errors : sum local = 3.8370119e-09, global = 4.628466e-18, cumulative = 2.4771933e-16
ExecutionTime = 8.73 s  ClockTime = 9 s

Time = 1052

DILUPBiCGStab:  Solving for Ux, Initial residual = 1.1716127e-05, Final residual = 4.5349342e-08, No Iterations 1
DILUPBiCGStab:  Solving for Uy, Initial residual = 1.451037e-05, Final residual = 5.2184989e-08, No Iterations 1
GAMG:  Solving for p, Initial residual = 8.3079562e-06, Final residual = 5.2734564e-08, No Iterations 6
time step continuity errors : sum local = 3.8196103e-09, global = 4.9613631e-19, cumulative = 2.4821546e-16
ExecutionTime = 8.74 s  ClockTime = 9 s

Time = 1053

DILUPBiCGStab:  Solving for Ux, Initial residual = 1.1662895e-05, Final residual = 4.51436e-08, No Iterations 1
DILUPBiCGStab:  Solving for Uy, Initial residual = 1.4444323e-05, Final residual = 5.1946199e-08, No Iterations 1
GAMG:  Solving for p, Initial residual = 8.2703903e-06, Final residual = 5.2495166e-08, No Iterations 6
time step continuity errors : sum local = 3.802288e-09, global = -1.773323e-17, cumulative = 2.3048223e-16
ExecutionTime = 8.75 s  ClockTime = 9 s

Time = 1054

DILUPBiCGStab:  Solving for Ux, Initial residual = 1.1609905e-05, Final residual = 4.4938791e-08, No Iterations 1
DILUPBiCGStab:  Solving for Uy, Initial residual = 1.4378577e-05, Final residual = 5.1708511e-08, No Iterations 1
GAMG:  Solving for p, Initial residual = 8.2329929e-06, Final residual = 5.2256875e-08, No Iterations 6
time step continuity errors : sum local = 3.7850459e-09, global = 1.0147521e-17, cumulative = 2.4062975e-16
ExecutionTime = 8.76 s  ClockTime = 9 s

Time = 1055

DILUPBiCGStab:  Solving for Ux, Initial residual = 1.1557155e-05, Final residual = 4.473491e-08, No Iterations 1
DILUPBiCGStab:  Solving for Uy, Initial residual = 1.4313131e-05, Final residual = 5.1471918e-08, No Iterations 1
GAMG:  Solving for p, Initial residual = 8.1957631e-06, Final residual = 5.2019674e-08, No Iterations 6
time step continuity errors : sum local = 3.7678823e-09, global = 1.2060836e-17, cumulative = 2.5269059e-16
ExecutionTime = 8.77 s  ClockTime = 9 s

Time = 1056

DILUPBiCGStab:  Solving for Ux, Initial residual = 1.1504645e-05, Final residual = 4.4531952e-08, No Iterations 1
DILUPBiCGStab:  Solving for Uy, Initial residual = 1.4247983e-05, Final residual = 5.1236416e-08, No Iterations 1
GAMG:  Solving for p, Initial residual = 8.1587001e-06, Final residual = 5.1783556e-08, No Iterations 6
time step continuity errors : sum local = 3.750797e-09, global = 1.2234769e-17, cumulative = 2.6492536e-16
ExecutionTime = 8.77 s  ClockTime = 9 s

Time = 1057

DILUPBiCGStab:  Solving for Ux, Initial residual = 1.1452373e-05, Final residual = 4.4329913e-08, No Iterations 1
DILUPBiCGStab:  Solving for Uy, Initial residual = 1.4183132e-05, Final residual = 5.1002e-08, No Iterations 1
GAMG:  Solving for p, Initial residual = 8.121803e-06, Final residual = 5.1548513e-08, No Iterations 6
time step continuity errors : sum local = 3.7337892e-09, global = 2.1406243e-18, cumulative = 2.6706598e-16
ExecutionTime = 8.78 s  ClockTime = 9 s

Time = 1058

DILUPBiCGStab:  Solving for Ux, Initial residual = 1.1400339e-05, Final residual = 4.4128789e-08, No Iterations 1
DILUPBiCGStab:  Solving for Uy, Initial residual = 1.4118576e-05, Final residual = 5.0768664e-08, No Iterations 1
GAMG:  Solving for p, Initial residual = 8.0850714e-06, Final residual = 5.1314537e-08, No Iterations 6
time step continuity errors : sum local = 3.7168585e-09, global = 5.4488041e-20, cumulative = 2.6712047e-16
ExecutionTime = 8.79 s  ClockTime = 9 s

Time = 1059

DILUPBiCGStab:  Solving for Ux, Initial residual = 1.1348541e-05, Final residual = 4.3928574e-08, No Iterations 1
DILUPBiCGStab:  Solving for Uy, Initial residual = 1.4054315e-05, Final residual = 5.0536404e-08, No Iterations 1
GAMG:  Solving for p, Initial residual = 8.0485044e-06, Final residual = 5.1081628e-08, No Iterations 6
time step continuity errors : sum local = 3.700005e-09, global = -9.6159415e-18, cumulative = 2.5750453e-16
ExecutionTime = 8.8 s  ClockTime = 9 s

Time = 1060

DILUPBiCGStab:  Solving for Ux, Initial residual = 1.1296978e-05, Final residual = 4.3729267e-08, No Iterations 1
DILUPBiCGStab:  Solving for Uy, Initial residual = 1.3990346e-05, Final residual = 5.0305215e-08, No Iterations 1
GAMG:  Solving for p, Initial residual = 8.0121015e-06, Final residual = 5.0849777e-08, No Iterations 6
time step continuity errors : sum local = 3.6832277e-09, global = 2.1580044e-17, cumulative = 2.7908457e-16
ExecutionTime = 8.81 s  ClockTime = 9 s

Time = 1061

DILUPBiCGStab:  Solving for Ux, Initial residual = 1.1245649e-05, Final residual = 4.3530863e-08, No Iterations 1
DILUPBiCGStab:  Solving for Uy, Initial residual = 1.3926669e-05, Final residual = 5.0075091e-08, No Iterations 1
GAMG:  Solving for p, Initial residual = 7.9758622e-06, Final residual = 5.0618976e-08, No Iterations 6
time step continuity errors : sum local = 3.6665263e-09, global = -2.1546427e-17, cumulative = 2.5753814e-16
ExecutionTime = 8.82 s  ClockTime = 9 s

Time = 1062

DILUPBiCGStab:  Solving for Ux, Initial residual = 1.1194553e-05, Final residual = 4.3333358e-08, No Iterations 1
DILUPBiCGStab:  Solving for Uy, Initial residual = 1.3863281e-05, Final residual = 4.9846028e-08, No Iterations 1
GAMG:  Solving for p, Initial residual = 7.9397856e-06, Final residual = 5.0389225e-08, No Iterations 6
time step continuity errors : sum local = 3.6499008e-09, global = 1.2506918e-17, cumulative = 2.7004506e-16
ExecutionTime = 8.82 s  ClockTime = 9 s

Time = 1063

DILUPBiCGStab:  Solving for Ux, Initial residual = 1.114369e-05, Final residual = 4.3136748e-08, No Iterations 1
DILUPBiCGStab:  Solving for Uy, Initial residual = 1.3800183e-05, Final residual = 4.9618021e-08, No Iterations 1
GAMG:  Solving for p, Initial residual = 7.903871e-06, Final residual = 5.0160518e-08, No Iterations 6
time step continuity errors : sum local = 3.6333506e-09, global = 6.6043424e-18, cumulative = 2.7664941e-16
ExecutionTime = 8.83 s  ClockTime = 9 s

Time = 1064

DILUPBiCGStab:  Solving for Ux, Initial residual = 1.1093057e-05, Final residual = 4.2941027e-08, No Iterations 1
DILUPBiCGStab:  Solving for Uy, Initial residual = 1.3737372e-05, Final residual = 4.9391064e-08, No Iterations 1
GAMG:  Solving for p, Initial residual = 7.8681181e-06, Final residual = 4.9932821e-08, No Iterations 6
time step continuity errors : sum local = 3.6168734e-09, global = 4.8567016e-18, cumulative = 2.8150611e-16
ExecutionTime = 8.84 s  ClockTime = 9 s

Time = 1065

DILUPBiCGStab:  Solving for Ux, Initial residual = 1.1042654e-05, Final residual = 4.2744599e-08, No Iterations 1
DILUPBiCGStab:  Solving for Uy, Initial residual = 1.3674847e-05, Final residual = 4.9156241e-08, No Iterations 1
GAMG:  Solving for p, Initial residual = 7.8302716e-06, Final residual = 4.9707264e-08, No Iterations 6
time step continuity errors : sum local = 3.6005529e-09, global = 1.3947668e-17, cumulative = 2.9545377e-16
ExecutionTime = 8.85 s  ClockTime = 9 s

Time = 1066

DILUPBiCGStab:  Solving for Ux, Initial residual = 1.0992481e-05, Final residual = 4.2549943e-08, No Iterations 1
DILUPBiCGStab:  Solving for Uy, Initial residual = 1.3612608e-05, Final residual = 4.8931275e-08, No Iterations 1
GAMG:  Solving for p, Initial residual = 7.7926471e-06, Final residual = 4.9482235e-08, No Iterations 6
time step continuity errors : sum local = 3.5842712e-09, global = 2.0925023e-17, cumulative = 3.163788e-16
ExecutionTime = 8.85 s  ClockTime = 9 s

Time = 1067

DILUPBiCGStab:  Solving for Ux, Initial residual = 1.0942535e-05, Final residual = 4.2356778e-08, No Iterations 1
DILUPBiCGStab:  Solving for Uy, Initial residual = 1.3550652e-05, Final residual = 4.8707458e-08, No Iterations 1
GAMG:  Solving for p, Initial residual = 7.7558976e-06, Final residual = 4.925776e-08, No Iterations 6
time step continuity errors : sum local = 3.5680287e-09, global = -5.9711852e-18, cumulative = 3.1040761e-16
ExecutionTime = 8.86 s  ClockTime = 9 s

Time = 1068

DILUPBiCGStab:  Solving for Ux, Initial residual = 1.0892816e-05, Final residual = 4.216465e-08, No Iterations 1
DILUPBiCGStab:  Solving for Uy, Initial residual = 1.3488978e-05, Final residual = 4.848473e-08, No Iterations 1
GAMG:  Solving for p, Initial residual = 7.7198388e-06, Final residual = 4.9034232e-08, No Iterations 6
time step continuity errors : sum local = 3.5518539e-09, global = 1.7093707e-17, cumulative = 3.2750132e-16
ExecutionTime = 8.87 s  ClockTime = 9 s

Time = 1069

DILUPBiCGStab:  Solving for Ux, Initial residual = 1.0843323e-05, Final residual = 4.1973417e-08, No Iterations 1
DILUPBiCGStab:  Solving for Uy, Initial residual = 1.3427585e-05, Final residual = 4.8263061e-08, No Iterations 1
GAMG:  Solving for p, Initial residual = 7.6842746e-06, Final residual = 4.8811738e-08, No Iterations 6
time step continuity errors : sum local = 3.5357533e-09, global = 2.3712502e-17, cumulative = 3.5121382e-16
ExecutionTime = 8.88 s  ClockTime = 9 s

Time = 1070

DILUPBiCGStab:  Solving for Ux, Initial residual = 1.0794055e-05, Final residual = 4.1783038e-08, No Iterations 1
DILUPBiCGStab:  Solving for Uy, Initial residual = 1.3366472e-05, Final residual = 4.8042433e-08, No Iterations 1
GAMG:  Solving for p, Initial residual = 7.6494115e-06, Final residual = 4.8590249e-08, No Iterations 6
time step continuity errors : sum local = 3.519725e-09, global = -1.3282615e-17, cumulative = 3.3793121e-16
ExecutionTime = 8.88 s  ClockTime = 9 s

Time = 1071

DILUPBiCGStab:  Solving for Ux, Initial residual = 1.0745011e-05, Final residual = 4.1593503e-08, No Iterations 1
DILUPBiCGStab:  Solving for Uy, Initial residual = 1.3305638e-05, Final residual = 4.7822831e-08, No Iterations 1
GAMG:  Solving for p, Initial residual = 7.6148033e-06, Final residual = 4.8369748e-08, No Iterations 6
time step continuity errors : sum local = 3.5037678e-09, global = 1.6964482e-19, cumulative = 3.3810085e-16
ExecutionTime = 8.89 s  ClockTime = 9 s

Time = 1072

DILUPBiCGStab:  Solving for Ux, Initial residual = 1.0696189e-05, Final residual = 4.140481e-08, No Iterations 1
DILUPBiCGStab:  Solving for Uy, Initial residual = 1.324508e-05, Final residual = 4.7604246e-08, No Iterations 1
GAMG:  Solving for p, Initial residual = 7.5803621e-06, Final residual = 4.8150233e-08, No Iterations 6
time step continuity errors : sum local = 3.4878815e-09, global = -1.7736896e-17, cumulative = 3.2036396e-16
ExecutionTime = 8.9 s  ClockTime = 9 s

Time = 1073

DILUPBiCGStab:  Solving for Ux, Initial residual = 1.0647589e-05, Final residual = 4.1216961e-08, No Iterations 1
DILUPBiCGStab:  Solving for Uy, Initial residual = 1.3184799e-05, Final residual = 4.7386672e-08, No Iterations 1
GAMG:  Solving for p, Initial residual = 7.5460816e-06, Final residual = 4.7931706e-08, No Iterations 6
time step continuity errors : sum local = 3.4720667e-09, global = 5.3545982e-18, cumulative = 3.2571855e-16
ExecutionTime = 8.91 s  ClockTime = 9 s

Time = 1074

DILUPBiCGStab:  Solving for Ux, Initial residual = 1.059921e-05, Final residual = 4.1029951e-08, No Iterations 1
DILUPBiCGStab:  Solving for Uy, Initial residual = 1.3124793e-05, Final residual = 4.71701e-08, No Iterations 1
GAMG:  Solving for p, Initial residual = 7.5119582e-06, Final residual = 4.7714169e-08, No Iterations 6
time step continuity errors : sum local = 3.4563232e-09, global = 1.6539456e-17, cumulative = 3.4225801e-16
ExecutionTime = 8.92 s  ClockTime = 9 s

Time = 1075

DILUPBiCGStab:  Solving for Ux, Initial residual = 1.0551051e-05, Final residual = 4.084378e-08, No Iterations 1
DILUPBiCGStab:  Solving for Uy, Initial residual = 1.306506e-05, Final residual = 4.6954527e-08, No Iterations 1
GAMG:  Solving for p, Initial residual = 7.4779897e-06, Final residual = 4.7497617e-08, No Iterations 6
time step continuity errors : sum local = 3.4406509e-09, global = -3.8190863e-18, cumulative = 3.3843892e-16
ExecutionTime = 8.93 s  ClockTime = 9 s

Time = 1076

DILUPBiCGStab:  Solving for Ux, Initial residual = 1.050311e-05, Final residual = 4.0658445e-08, No Iterations 1
DILUPBiCGStab:  Solving for Uy, Initial residual = 1.3005599e-05, Final residual = 4.6739946e-08, No Iterations 1
GAMG:  Solving for p, Initial residual = 7.4441745e-06, Final residual = 4.7282046e-08, No Iterations 6
time step continuity errors : sum local = 3.4250494e-09, global = -1.9220528e-17, cumulative = 3.192184e-16
ExecutionTime = 8.93 s  ClockTime = 9 s

Time = 1077

DILUPBiCGStab:  Solving for Ux, Initial residual = 1.0455387e-05, Final residual = 4.0473945e-08, No Iterations 1
DILUPBiCGStab:  Solving for Uy, Initial residual = 1.2946409e-05, Final residual = 4.6526352e-08, No Iterations 1
GAMG:  Solving for p, Initial residual = 7.4105115e-06, Final residual = 4.7067451e-08, No Iterations 6
time step continuity errors : sum local = 3.4095185e-09, global = 2.515349e-17, cumulative = 3.4437189e-16
ExecutionTime = 8.94 s  ClockTime = 9 s

Time = 1078

DILUPBiCGStab:  Solving for Ux, Initial residual = 1.040788e-05, Final residual = 4.0290276e-08, No Iterations 1
DILUPBiCGStab:  Solving for Uy, Initial residual = 1.2887488e-05, Final residual = 4.6313741e-08, No Iterations 1
GAMG:  Solving for p, Initial residual = 7.3769999e-06, Final residual = 4.6853827e-08, No Iterations 6
time step continuity errors : sum local = 3.3940576e-09, global = -1.2815238e-17, cumulative = 3.3155665e-16
ExecutionTime = 8.95 s  ClockTime = 9 s

Time = 1079

DILUPBiCGStab:  Solving for Ux, Initial residual = 1.036059e-05, Final residual = 4.0107436e-08, No Iterations 1
DILUPBiCGStab:  Solving for Uy, Initial residual = 1.2828837e-05, Final residual = 4.6102107e-08, No Iterations 1
GAMG:  Solving for p, Initial residual = 7.3436389e-06, Final residual = 4.6641176e-08, No Iterations 6
time step continuity errors : sum local = 3.3786671e-09, global = 4.0907721e-18, cumulative = 3.3564742e-16
ExecutionTime = 8.96 s  ClockTime = 9 s

Time = 1080

DILUPBiCGStab:  Solving for Ux, Initial residual = 1.0313514e-05, Final residual = 3.9925421e-08, No Iterations 1
DILUPBiCGStab:  Solving for Uy, Initial residual = 1.2770452e-05, Final residual = 4.5891448e-08, No Iterations 1
GAMG:  Solving for p, Initial residual = 7.3104279e-06, Final residual = 4.6429487e-08, No Iterations 6
time step continuity errors : sum local = 3.363346e-09, global = -1.2649114e-17, cumulative = 3.2299831e-16
ExecutionTime = 8.97 s  ClockTime = 9 s

Time = 1081

DILUPBiCGStab:  Solving for Ux, Initial residual = 1.0266652e-05, Final residual = 3.974423e-08, No Iterations 1
DILUPBiCGStab:  Solving for Uy, Initial residual = 1.2712333e-05, Final residual = 4.5681756e-08, No Iterations 1
GAMG:  Solving for p, Initial residual = 7.2773662e-06, Final residual = 4.6218757e-08, No Iterations 6
time step continuity errors : sum local = 3.3480942e-09, global = 6.1537738e-18, cumulative = 3.2915208e-16
ExecutionTime = 8.98 s  ClockTime = 9 s

Time = 1082

DILUPBiCGStab:  Solving for Ux, Initial residual = 1.0220002e-05, Final residual = 3.9563859e-08, No Iterations 1
DILUPBiCGStab:  Solving for Uy, Initial residual = 1.2654479e-05, Final residual = 4.5473029e-08, No Iterations 1
GAMG:  Solving for p, Initial residual = 7.244453e-06, Final residual = 4.6008985e-08, No Iterations 6
time step continuity errors : sum local = 3.3329116e-09, global = -1.9563311e-17, cumulative = 3.0958877e-16
ExecutionTime = 8.98 s  ClockTime = 9 s

Time = 1083

DILUPBiCGStab:  Solving for Ux, Initial residual = 1.0173565e-05, Final residual = 3.9384305e-08, No Iterations 1
DILUPBiCGStab:  Solving for Uy, Initial residual = 1.2596889e-05, Final residual = 4.5265262e-08, No Iterations 1
GAMG:  Solving for p, Initial residual = 7.2116877e-06, Final residual = 4.5800164e-08, No Iterations 6
time step continuity errors : sum local = 3.3177977e-09, global = -1.489796e-17, cumulative = 2.9469081e-16
ExecutionTime = 8.99 s  ClockTime = 9 s

Time = 1084

DILUPBiCGStab:  Solving for Ux, Initial residual = 1.0127338e-05, Final residual = 3.9205562e-08, No Iterations 1
DILUPBiCGStab:  Solving for Uy, Initial residual = 1.2539561e-05, Final residual = 4.505845e-08, No Iterations 1
GAMG:  Solving for p, Initial residual = 7.1790697e-06, Final residual = 4.5592287e-08, No Iterations 6
time step continuity errors : sum local = 3.3027521e-09, global = -3.8491559e-18, cumulative = 2.9084165e-16
ExecutionTime = 9 s  ClockTime = 9 s

Time = 1085

DILUPBiCGStab:  Solving for Ux, Initial residual = 1.0081321e-05, Final residual = 3.902763e-08, No Iterations 1
DILUPBiCGStab:  Solving for Uy, Initial residual = 1.2482494e-05, Final residual = 4.4852589e-08, No Iterations 1
GAMG:  Solving for p, Initial residual = 7.1465703e-06, Final residual = 4.5385369e-08, No Iterations 6
time step continuity errors : sum local = 3.2877754e-09, global = 1.007281e-17, cumulative = 3.0091446e-16
ExecutionTime = 9.02 s  ClockTime = 9 s

Time = 1086

DILUPBiCGStab:  Solving for Ux, Initial residual = 1.0035514e-05, Final residual = 3.8850505e-08, No Iterations 1
DILUPBiCGStab:  Solving for Uy, Initial residual = 1.2425688e-05, Final residual = 4.4647674e-08, No Iterations 1
GAMG:  Solving for p, Initial residual = 7.1142133e-06, Final residual = 4.5179377e-08, No Iterations 6
time step continuity errors : sum local = 3.272866e-09, global = 2.7498263e-18, cumulative = 3.0366429e-16
ExecutionTime = 9.02 s  ClockTime = 9 s

Time = 1087

DILUPBiCGStab:  Solving for Ux, Initial residual = 9.989914e-06, Final residual = 3.867418e-08, No Iterations 1
DILUPBiCGStab:  Solving for Uy, Initial residual = 1.236914e-05, Final residual = 4.4443701e-08, No Iterations 1
GAMG:  Solving for p, Initial residual = 7.0820165e-06, Final residual = 4.4974302e-08, No Iterations 6
time step continuity errors : sum local = 3.2580226e-09, global = 7.2428331e-18, cumulative = 3.1090712e-16
ExecutionTime = 9.03 s  ClockTime = 9 s

Time = 1088

DILUPBiCGStab:  Solving for Ux, Initial residual = 9.9445213e-06, Final residual = 3.8498654e-08, No Iterations 1
DILUPBiCGStab:  Solving for Uy, Initial residual = 1.231285e-05, Final residual = 4.4240666e-08, No Iterations 1
GAMG:  Solving for p, Initial residual = 7.0497037e-06, Final residual = 4.4770315e-08, No Iterations 6
time step continuity errors : sum local = 3.243258e-09, global = 4.5587578e-19, cumulative = 3.11363e-16
ExecutionTime = 9.04 s  ClockTime = 9 s

Time = 1089

DILUPBiCGStab:  Solving for Ux, Initial residual = 9.8993349e-06, Final residual = 3.8323922e-08, No Iterations 1
DILUPBiCGStab:  Solving for Uy, Initial residual = 1.2256816e-05, Final residual = 4.4038564e-08, No Iterations 1
GAMG:  Solving for p, Initial residual = 7.0174962e-06, Final residual = 4.4567382e-08, No Iterations 6
time step continuity errors : sum local = 3.2285695e-09, global = -2.8220345e-17, cumulative = 2.8314265e-16
ExecutionTime = 9.05 s  ClockTime = 9 s

Time = 1090

DILUPBiCGStab:  Solving for Ux, Initial residual = 9.8543537e-06, Final residual = 3.814998e-08, No Iterations 1
DILUPBiCGStab:  Solving for Uy, Initial residual = 1.2201037e-05, Final residual = 4.3837389e-08, No Iterations 1
GAMG:  Solving for p, Initial residual = 6.9855232e-06, Final residual = 4.4365334e-08, No Iterations 6
time step continuity errors : sum local = 3.2139449e-09, global = -4.315699e-18, cumulative = 2.7882695e-16
ExecutionTime = 9.06 s  ClockTime = 9 s

Time = 1091

DILUPBiCGStab:  Solving for Ux, Initial residual = 9.8095768e-06, Final residual = 3.797683e-08, No Iterations 1
DILUPBiCGStab:  Solving for Uy, Initial residual = 1.2145513e-05, Final residual = 4.3637141e-08, No Iterations 1
GAMG:  Solving for p, Initial residual = 6.9538969e-06, Final residual = 4.4164127e-08, No Iterations 6
time step continuity errors : sum local = 3.1993813e-09, global = -1.1899264e-17, cumulative = 2.6692769e-16
ExecutionTime = 9.07 s  ClockTime = 9 s

Time = 1092

DILUPBiCGStab:  Solving for Ux, Initial residual = 9.7650033e-06, Final residual = 3.7804467e-08, No Iterations 1
DILUPBiCGStab:  Solving for Uy, Initial residual = 1.2090241e-05, Final residual = 4.3437813e-08, No Iterations 1
GAMG:  Solving for p, Initial residual = 6.9224989e-06, Final residual = 4.3963766e-08, No Iterations 6
time step continuity errors : sum local = 3.1848787e-09, global = -2.4637409e-18, cumulative = 2.6446395e-16
ExecutionTime = 9.07 s  ClockTime = 9 s

Time = 1093

DILUPBiCGStab:  Solving for Ux, Initial residual = 9.7206323e-06, Final residual = 3.7632884e-08, No Iterations 1
DILUPBiCGStab:  Solving for Uy, Initial residual = 1.2035221e-05, Final residual = 4.3239401e-08, No Iterations 1
GAMG:  Solving for p, Initial residual = 6.8912299e-06, Final residual = 4.3764263e-08, No Iterations 6
time step continuity errors : sum local = 3.170438e-09, global = 1.5689393e-17, cumulative = 2.8015334e-16
ExecutionTime = 9.08 s  ClockTime = 9 s

Time = 1094

DILUPBiCGStab:  Solving for Ux, Initial residual = 9.6764627e-06, Final residual = 3.7462074e-08, No Iterations 1
DILUPBiCGStab:  Solving for Uy, Initial residual = 1.1980452e-05, Final residual = 4.3041901e-08, No Iterations 1
GAMG:  Solving for p, Initial residual = 6.8600905e-06, Final residual = 4.356564e-08, No Iterations 6
time step continuity errors : sum local = 3.156061e-09, global = 1.2396314e-17, cumulative = 2.9254966e-16
ExecutionTime = 9.09 s  ClockTime = 9 s

Time = 1095

DILUPBiCGStab:  Solving for Ux, Initial residual = 9.6324938e-06, Final residual = 3.7292037e-08, No Iterations 1
DILUPBiCGStab:  Solving for Uy, Initial residual = 1.1925933e-05, Final residual = 4.2845308e-08, No Iterations 1
GAMG:  Solving for p, Initial residual = 6.8290803e-06, Final residual = 4.3367904e-08, No Iterations 6
time step continuity errors : sum local = 3.1417481e-09, global = -1.1641131e-17, cumulative = 2.8090853e-16
ExecutionTime = 9.1 s  ClockTime = 9 s

Time = 1096

DILUPBiCGStab:  Solving for Ux, Initial residual = 9.5887245e-06, Final residual = 3.7122772e-08, No Iterations 1
DILUPBiCGStab:  Solving for Uy, Initial residual = 1.1871661e-05, Final residual = 4.2649618e-08, No Iterations 1
GAMG:  Solving for p, Initial residual = 6.7982018e-06, Final residual = 4.3171063e-08, No Iterations 6
time step continuity errors : sum local = 3.1274998e-09, global = 2.5368412e-17, cumulative = 3.0627694e-16
ExecutionTime = 9.1 s  ClockTime = 9 s

Time = 1097

DILUPBiCGStab:  Solving for Ux, Initial residual = 9.5451541e-06, Final residual = 3.6954274e-08, No Iterations 1
DILUPBiCGStab:  Solving for Uy, Initial residual = 1.1817637e-05, Final residual = 4.2454828e-08, No Iterations 1
GAMG:  Solving for p, Initial residual = 6.7674566e-06, Final residual = 4.2975113e-08, No Iterations 6
time step continuity errors : sum local = 3.1133159e-09, global = 3.1407942e-17, cumulative = 3.3768488e-16
ExecutionTime = 9.12 s  ClockTime = 9 s

Time = 1098

DILUPBiCGStab:  Solving for Ux, Initial residual = 9.5017816e-06, Final residual = 3.678654e-08, No Iterations 1
DILUPBiCGStab:  Solving for Uy, Initial residual = 1.176386e-05, Final residual = 4.2260932e-08, No Iterations 1
GAMG:  Solving for p, Initial residual = 6.7368458e-06, Final residual = 4.2780055e-08, No Iterations 6
time step continuity errors : sum local = 3.0991965e-09, global = 3.1206414e-18, cumulative = 3.4080552e-16
ExecutionTime = 9.13 s  ClockTime = 9 s

Time = 1099

DILUPBiCGStab:  Solving for Ux, Initial residual = 9.458606e-06, Final residual = 3.6619566e-08, No Iterations 1
DILUPBiCGStab:  Solving for Uy, Initial residual = 1.1710327e-05, Final residual = 4.2067927e-08, No Iterations 1
GAMG:  Solving for p, Initial residual = 6.7063698e-06, Final residual = 4.2585881e-08, No Iterations 6
time step continuity errors : sum local = 3.085141e-09, global = -7.2508535e-18, cumulative = 3.3355467e-16
ExecutionTime = 9.13 s  ClockTime = 9 s

Time = 1100

DILUPBiCGStab:  Solving for Ux, Initial residual = 9.4156266e-06, Final residual = 3.6453351e-08, No Iterations 1
DILUPBiCGStab:  Solving for Uy, Initial residual = 1.1657038e-05, Final residual = 4.1875809e-08, No Iterations 1
GAMG:  Solving for p, Initial residual = 6.676029e-06, Final residual = 4.2392586e-08, No Iterations 6
time step continuity errors : sum local = 3.0711491e-09, global = 1.3489542e-17, cumulative = 3.4704421e-16
ExecutionTime = 9.14 s  ClockTime = 9 s

Time = 1101

DILUPBiCGStab:  Solving for Ux, Initial residual = 9.3728424e-06, Final residual = 3.6287889e-08, No Iterations 1
DILUPBiCGStab:  Solving for Uy, Initial residual = 1.1603991e-05, Final residual = 4.1684574e-08, No Iterations 1
GAMG:  Solving for p, Initial residual = 6.6458234e-06, Final residual = 4.2200157e-08, No Iterations 6
time step continuity errors : sum local = 3.0572196e-09, global = 3.3793266e-17, cumulative = 3.8083748e-16
ExecutionTime = 9.15 s  ClockTime = 9 s

Time = 1102

DILUPBiCGStab:  Solving for Ux, Initial residual = 9.3302525e-06, Final residual = 3.6123178e-08, No Iterations 1
DILUPBiCGStab:  Solving for Uy, Initial residual = 1.1551187e-05, Final residual = 4.1494217e-08, No Iterations 1
GAMG:  Solving for p, Initial residual = 6.6157529e-06, Final residual = 4.2008606e-08, No Iterations 6
time step continuity errors : sum local = 3.0433536e-09, global = 2.3151488e-17, cumulative = 4.0398896e-16
ExecutionTime = 9.16 s  ClockTime = 9 s

Time = 1103

DILUPBiCGStab:  Solving for Ux, Initial residual = 9.2878561e-06, Final residual = 3.5959214e-08, No Iterations 1
DILUPBiCGStab:  Solving for Uy, Initial residual = 1.1498623e-05, Final residual = 4.1304734e-08, No Iterations 1
GAMG:  Solving for p, Initial residual = 6.5858175e-06, Final residual = 4.181793e-08, No Iterations 6
time step continuity errors : sum local = 3.029551e-09, global = -3.2009772e-18, cumulative = 4.0078799e-16
ExecutionTime = 9.16 s  ClockTime = 9 s

Time = 1104

DILUPBiCGStab:  Solving for Ux, Initial residual = 9.2456522e-06, Final residual = 3.5795993e-08, No Iterations 1
DILUPBiCGStab:  Solving for Uy, Initial residual = 1.1446298e-05, Final residual = 4.1116123e-08, No Iterations 1
GAMG:  Solving for p, Initial residual = 6.5560163e-06, Final residual = 4.1628122e-08, No Iterations 6
time step continuity errors : sum local = 3.0158109e-09, global = -5.9560313e-18, cumulative = 3.9483196e-16
ExecutionTime = 9.17 s  ClockTime = 9 s

Time = 1105

DILUPBiCGStab:  Solving for Ux, Initial residual = 9.2036401e-06, Final residual = 3.5633513e-08, No Iterations 1
DILUPBiCGStab:  Solving for Uy, Initial residual = 1.1394212e-05, Final residual = 4.0928378e-08, No Iterations 1
GAMG:  Solving for p, Initial residual = 6.5263489e-06, Final residual = 4.1439177e-08, No Iterations 6
time step continuity errors : sum local = 3.0021333e-09, global = 2.1279188e-18, cumulative = 3.9695987e-16
ExecutionTime = 9.18 s  ClockTime = 9 s

Time = 1106

DILUPBiCGStab:  Solving for Ux, Initial residual = 9.1618187e-06, Final residual = 3.5471769e-08, No Iterations 1
DILUPBiCGStab:  Solving for Uy, Initial residual = 1.1342363e-05, Final residual = 4.0741496e-08, No Iterations 1
GAMG:  Solving for p, Initial residual = 6.4968149e-06, Final residual = 4.125109e-08, No Iterations 6
time step continuity errors : sum local = 2.9885177e-09, global = -1.6874484e-20, cumulative = 3.96943e-16
ExecutionTime = 9.19 s  ClockTime = 9 s

Time = 1107

DILUPBiCGStab:  Solving for Ux, Initial residual = 9.1201874e-06, Final residual = 3.5310759e-08, No Iterations 1
DILUPBiCGStab:  Solving for Uy, Initial residual = 1.129075e-05, Final residual = 4.0555472e-08, No Iterations 1
GAMG:  Solving for p, Initial residual = 6.4674137e-06, Final residual = 4.1063859e-08, No Iterations 6
time step continuity errors : sum local = 2.9749639e-09, global = 2.4714436e-18, cumulative = 3.9941444e-16
ExecutionTime = 9.2 s  ClockTime = 9 s

Time = 1108

DILUPBiCGStab:  Solving for Ux, Initial residual = 9.0787452e-06, Final residual = 3.5150478e-08, No Iterations 1
DILUPBiCGStab:  Solving for Uy, Initial residual = 1.1239372e-05, Final residual = 4.0370302e-08, No Iterations 1
GAMG:  Solving for p, Initial residual = 6.4381448e-06, Final residual = 4.0877479e-08, No Iterations 6
time step continuity errors : sum local = 2.9614718e-09, global = -1.9522084e-17, cumulative = 3.7989236e-16
ExecutionTime = 9.21 s  ClockTime = 9 s

Time = 1109

DILUPBiCGStab:  Solving for Ux, Initial residual = 9.0374912e-06, Final residual = 3.4990925e-08, No Iterations 1
DILUPBiCGStab:  Solving for Uy, Initial residual = 1.1188229e-05, Final residual = 4.0185982e-08, No Iterations 1
GAMG:  Solving for p, Initial residual = 6.4090078e-06, Final residual = 4.069194e-08, No Iterations 6
time step continuity errors : sum local = 2.9480403e-09, global = -6.8521392e-18, cumulative = 3.7304022e-16
ExecutionTime = 9.21 s  ClockTime = 9 s

Time = 1110

DILUPBiCGStab:  Solving for Ux, Initial residual = 8.9964246e-06, Final residual = 3.4832095e-08, No Iterations 1
DILUPBiCGStab:  Solving for Uy, Initial residual = 1.1137318e-05, Final residual = 4.0002508e-08, No Iterations 1
GAMG:  Solving for p, Initial residual = 6.380002e-06, Final residual = 4.0507242e-08, No Iterations 6
time step continuity errors : sum local = 2.9346697e-09, global = -7.8100408e-19, cumulative = 3.7225922e-16
ExecutionTime = 9.22 s  ClockTime = 9 s

Time = 1111

DILUPBiCGStab:  Solving for Ux, Initial residual = 8.9555445e-06, Final residual = 3.4673985e-08, No Iterations 1
DILUPBiCGStab:  Solving for Uy, Initial residual = 1.1086639e-05, Final residual = 3.9819878e-08, No Iterations 1
GAMG:  Solving for p, Initial residual = 6.3511268e-06, Final residual = 4.0323384e-08, No Iterations 6
time step continuity errors : sum local = 2.9213598e-09, global = 1.4657257e-17, cumulative = 3.8691647e-16
ExecutionTime = 9.23 s  ClockTime = 9 s

Time = 1112

DILUPBiCGStab:  Solving for Ux, Initial residual = 8.9148502e-06, Final residual = 3.4516592e-08, No Iterations 1
DILUPBiCGStab:  Solving for Uy, Initial residual = 1.1036191e-05, Final residual = 3.9638086e-08, No Iterations 1
GAMG:  Solving for p, Initial residual = 6.3223816e-06, Final residual = 4.0140361e-08, No Iterations 6
time step continuity errors : sum local = 2.9081101e-09, global = 3.0382132e-17, cumulative = 4.172986e-16
ExecutionTime = 9.24 s  ClockTime = 9 s

Time = 1113

DILUPBiCGStab:  Solving for Ux, Initial residual = 8.8743407e-06, Final residual = 3.4359913e-08, No Iterations 1
DILUPBiCGStab:  Solving for Uy, Initial residual = 1.0985973e-05, Final residual = 3.9457129e-08, No Iterations 1
GAMG:  Solving for p, Initial residual = 6.293766e-06, Final residual = 3.9958161e-08, No Iterations 6
time step continuity errors : sum local = 2.89492e-09, global = 2.5701494e-18, cumulative = 4.1986875e-16
ExecutionTime = 9.24 s  ClockTime = 9 s

Time = 1114

DILUPBiCGStab:  Solving for Ux, Initial residual = 8.8340152e-06, Final residual = 3.4203944e-08, No Iterations 1
DILUPBiCGStab:  Solving for Uy, Initial residual = 1.0935984e-05, Final residual = 3.9277003e-08, No Iterations 1
GAMG:  Solving for p, Initial residual = 6.2652793e-06, Final residual = 3.9776793e-08, No Iterations 6
time step continuity errors : sum local = 2.8817901e-09, global = -8.8536516e-18, cumulative = 4.110151e-16
ExecutionTime = 9.25 s  ClockTime = 9 s

Time = 1115

DILUPBiCGStab:  Solving for Ux, Initial residual = 8.7938729e-06, Final residual = 3.4048682e-08, No Iterations 1
DILUPBiCGStab:  Solving for Uy, Initial residual = 1.0886222e-05, Final residual = 3.9097704e-08, No Iterations 1
GAMG:  Solving for p, Initial residual = 6.2369208e-06, Final residual = 3.9596253e-08, No Iterations 6
time step continuity errors : sum local = 2.86872e-09, global = 1.8725079e-17, cumulative = 4.2974018e-16
ExecutionTime = 9.26 s  ClockTime = 9 s

Time = 1116

DILUPBiCGStab:  Solving for Ux, Initial residual = 8.753913e-06, Final residual = 3.3894124e-08, No Iterations 1
DILUPBiCGStab:  Solving for Uy, Initial residual = 1.0836687e-05, Final residual = 3.8919228e-08, No Iterations 1
GAMG:  Solving for p, Initial residual = 6.2086901e-06, Final residual = 3.9416532e-08, No Iterations 6
time step continuity errors : sum local = 2.8557091e-09, global = 9.9300716e-18, cumulative = 4.3967025e-16
ExecutionTime = 9.27 s  ClockTime = 9 s

Time = 1117

DILUPBiCGStab:  Solving for Ux, Initial residual = 8.7141346e-06, Final residual = 3.3740268e-08, No Iterations 1
DILUPBiCGStab:  Solving for Uy, Initial residual = 1.0787378e-05, Final residual = 3.8741572e-08, No Iterations 1
GAMG:  Solving for p, Initial residual = 6.1805866e-06, Final residual = 3.923763e-08, No Iterations 6
time step continuity errors : sum local = 2.8427575e-09, global = 5.1102821e-18, cumulative = 4.4478054e-16
ExecutionTime = 9.28 s  ClockTime = 9 s

Time = 1118

DILUPBiCGStab:  Solving for Ux, Initial residual = 8.6745369e-06, Final residual = 3.3587111e-08, No Iterations 1
DILUPBiCGStab:  Solving for Uy, Initial residual = 1.0738293e-05, Final residual = 3.856473e-08, No Iterations 1
GAMG:  Solving for p, Initial residual = 6.1526096e-06, Final residual = 3.9059537e-08, No Iterations 6
time step continuity errors : sum local = 2.8298642e-09, global = 1.5276636e-17, cumulative = 4.6005717e-16
ExecutionTime = 9.29 s  ClockTime = 9 s

Time = 1119

DILUPBiCGStab:  Solving for Ux, Initial residual = 8.6351191e-06, Final residual = 3.3434652e-08, No Iterations 1
DILUPBiCGStab:  Solving for Uy, Initial residual = 1.0689432e-05, Final residual = 3.8388701e-08, No Iterations 1
GAMG:  Solving for p, Initial residual = 6.1247587e-06, Final residual = 3.8882257e-08, No Iterations 6
time step continuity errors : sum local = 2.8170298e-09, global = -7.3664603e-18, cumulative = 4.5269071e-16
ExecutionTime = 9.3 s  ClockTime = 9 s

Time = 1120

DILUPBiCGStab:  Solving for Ux, Initial residual = 8.5958803e-06, Final residual = 3.3282885e-08, No Iterations 1
DILUPBiCGStab:  Solving for Uy, Initial residual = 1.0640793e-05, Final residual = 3.8213479e-08, No Iterations 1
GAMG:  Solving for p, Initial residual = 6.0970332e-06, Final residual = 3.8705775e-08, No Iterations 6
time step continuity errors : sum local = 2.804253e-09, global = 5.6256752e-18, cumulative = 4.5831639e-16
ExecutionTime = 9.31 s  ClockTime = 9 s

Time = 1121

DILUPBiCGStab:  Solving for Ux, Initial residual = 8.5568198e-06, Final residual = 3.3131806e-08, No Iterations 1
DILUPBiCGStab:  Solving for Uy, Initial residual = 1.0592376e-05, Final residual = 3.8039061e-08, No Iterations 1
GAMG:  Solving for p, Initial residual = 6.0694327e-06, Final residual = 3.8530097e-08, No Iterations 6
time step continuity errors : sum local = 2.7915343e-09, global = 2.4338433e-17, cumulative = 4.8265482e-16
ExecutionTime = 9.32 s  ClockTime = 9 s

Time = 1122

DILUPBiCGStab:  Solving for Ux, Initial residual = 8.5179368e-06, Final residual = 3.2981412e-08, No Iterations 1
DILUPBiCGStab:  Solving for Uy, Initial residual = 1.054418e-05, Final residual = 3.7865443e-08, No Iterations 1
GAMG:  Solving for p, Initial residual = 6.0419565e-06, Final residual = 3.8355217e-08, No Iterations 6
time step continuity errors : sum local = 2.7788734e-09, global = 1.1289176e-17, cumulative = 4.93944e-16
ExecutionTime = 9.32 s  ClockTime = 9 s

Time = 1123

DILUPBiCGStab:  Solving for Ux, Initial residual = 8.4792304e-06, Final residual = 3.2831701e-08, No Iterations 1
DILUPBiCGStab:  Solving for Uy, Initial residual = 1.0496203e-05, Final residual = 3.7692622e-08, No Iterations 1
GAMG:  Solving for p, Initial residual = 6.0146041e-06, Final residual = 3.8181131e-08, No Iterations 6
time step continuity errors : sum local = 2.7662697e-09, global = -1.044389e-17, cumulative = 4.8350011e-16
ExecutionTime = 9.33 s  ClockTime = 9 s

Time = 1124

DILUPBiCGStab:  Solving for Ux, Initial residual = 8.4406998e-06, Final residual = 3.2682668e-08, No Iterations 1
DILUPBiCGStab:  Solving for Uy, Initial residual = 1.0448444e-05, Final residual = 3.7520594e-08, No Iterations 1
GAMG:  Solving for p, Initial residual = 5.987375e-06, Final residual = 3.8007835e-08, No Iterations 6
time step continuity errors : sum local = 2.7537233e-09, global = 1.2282322e-17, cumulative = 4.9578243e-16
ExecutionTime = 9.34 s  ClockTime = 9 s

Time = 1125

DILUPBiCGStab:  Solving for Ux, Initial residual = 8.4023443e-06, Final residual = 3.2534311e-08, No Iterations 1
DILUPBiCGStab:  Solving for Uy, Initial residual = 1.0400903e-05, Final residual = 3.7349356e-08, No Iterations 1
GAMG:  Solving for p, Initial residual = 5.9602686e-06, Final residual = 3.7835326e-08, No Iterations 6
time step continuity errors : sum local = 2.7412338e-09, global = -5.1544602e-18, cumulative = 4.9062797e-16
ExecutionTime = 9.35 s  ClockTime = 9 s

Time = 1126

DILUPBiCGStab:  Solving for Ux, Initial residual = 8.3641631e-06, Final residual = 3.2386627e-08, No Iterations 1
DILUPBiCGStab:  Solving for Uy, Initial residual = 1.0353579e-05, Final residual = 3.7178903e-08, No Iterations 1
GAMG:  Solving for p, Initial residual = 5.9332843e-06, Final residual = 3.7663598e-08, No Iterations 6
time step continuity errors : sum local = 2.7288006e-09, global = 6.7444469e-18, cumulative = 4.9737241e-16
ExecutionTime = 9.36 s  ClockTime = 9 s

Time = 1127

DILUPBiCGStab:  Solving for Ux, Initial residual = 8.3261553e-06, Final residual = 3.2239613e-08, No Iterations 1
DILUPBiCGStab:  Solving for Uy, Initial residual = 1.030647e-05, Final residual = 3.7009232e-08, No Iterations 1
GAMG:  Solving for p, Initial residual = 5.9064218e-06, Final residual = 3.749265e-08, No Iterations 6
time step continuity errors : sum local = 2.716424e-09, global = 1.0357757e-17, cumulative = 5.0773017e-16
ExecutionTime = 9.37 s  ClockTime = 9 s

Time = 1128

DILUPBiCGStab:  Solving for Ux, Initial residual = 8.2883201e-06, Final residual = 3.2093265e-08, No Iterations 1
DILUPBiCGStab:  Solving for Uy, Initial residual = 1.0259576e-05, Final residual = 3.684034e-08, No Iterations 1
GAMG:  Solving for p, Initial residual = 5.8796803e-06, Final residual = 3.7322477e-08, No Iterations 6
time step continuity errors : sum local = 2.7041032e-09, global = -4.5718868e-18, cumulative = 5.0315828e-16
ExecutionTime = 9.37 s  ClockTime = 10 s

Time = 1129

DILUPBiCGStab:  Solving for Ux, Initial residual = 8.2506569e-06, Final residual = 3.1947582e-08, No Iterations 1
DILUPBiCGStab:  Solving for Uy, Initial residual = 1.0212895e-05, Final residual = 3.6672222e-08, No Iterations 1
GAMG:  Solving for p, Initial residual = 5.8530594e-06, Final residual = 3.7153078e-08, No Iterations 6
time step continuity errors : sum local = 2.6918386e-09, global = -1.2473222e-17, cumulative = 4.9068506e-16
ExecutionTime = 9.38 s  ClockTime = 10 s

Time = 1130

DILUPBiCGStab:  Solving for Ux, Initial residual = 8.2131648e-06, Final residual = 3.1802559e-08, No Iterations 1
DILUPBiCGStab:  Solving for Uy, Initial residual = 1.0166427e-05, Final residual = 3.6504876e-08, No Iterations 1
GAMG:  Solving for p, Initial residual = 5.8265599e-06, Final residual = 3.6984448e-08, No Iterations 6
time step continuity errors : sum local = 2.6796294e-09, global = -1.9184396e-17, cumulative = 4.7150067e-16
ExecutionTime = 9.39 s  ClockTime = 10 s

Time = 1131

DILUPBiCGStab:  Solving for Ux, Initial residual = 8.175843e-06, Final residual = 3.1658193e-08, No Iterations 1
DILUPBiCGStab:  Solving for Uy, Initial residual = 1.012017e-05, Final residual = 3.6338297e-08, No Iterations 1
GAMG:  Solving for p, Initial residual = 5.80018e-06, Final residual = 3.6816579e-08, No Iterations 6
time step continuity errors : sum local = 2.6674753e-09, global = -1.0374248e-17, cumulative = 4.6112642e-16
ExecutionTime = 9.4 s  ClockTime = 10 s

Time = 1132

DILUPBiCGStab:  Solving for Ux, Initial residual = 8.1386907e-06, Final residual = 3.1514483e-08, No Iterations 1
DILUPBiCGStab:  Solving for Uy, Initial residual = 1.0074125e-05, Final residual = 3.6172482e-08, No Iterations 1
GAMG:  Solving for p, Initial residual = 5.7739189e-06, Final residual = 3.6649477e-08, No Iterations 6
time step continuity errors : sum local = 2.6553767e-09, global = -8.5028079e-18, cumulative = 4.5262361e-16
ExecutionTime = 9.41 s  ClockTime = 10 s

Time = 1133

DILUPBiCGStab:  Solving for Ux, Initial residual = 8.1017073e-06, Final residual = 3.1371424e-08, No Iterations 1
DILUPBiCGStab:  Solving for Uy, Initial residual = 1.0028289e-05, Final residual = 3.6007428e-08, No Iterations 1
GAMG:  Solving for p, Initial residual = 5.7477763e-06, Final residual = 3.6483131e-08, No Iterations 6
time step continuity errors : sum local = 2.6433327e-09, global = -3.0767572e-17, cumulative = 4.2185604e-16
ExecutionTime = 9.42 s  ClockTime = 10 s

Time = 1134

DILUPBiCGStab:  Solving for Ux, Initial residual = 8.0648919e-06, Final residual = 3.1229014e-08, No Iterations 1
DILUPBiCGStab:  Solving for Uy, Initial residual = 9.9826615e-06, Final residual = 3.584313e-08, No Iterations 1
GAMG:  Solving for p, Initial residual = 5.7217514e-06, Final residual = 3.6317542e-08, No Iterations 6
time step continuity errors : sum local = 2.6313434e-09, global = 3.5295598e-18, cumulative = 4.253856e-16
ExecutionTime = 9.42 s  ClockTime = 10 s

Time = 1135

DILUPBiCGStab:  Solving for Ux, Initial residual = 8.0282437e-06, Final residual = 3.108725e-08, No Iterations 1
DILUPBiCGStab:  Solving for Uy, Initial residual = 9.9372421e-06, Final residual = 3.5679586e-08, No Iterations 1
GAMG:  Solving for p, Initial residual = 5.6958439e-06, Final residual = 3.6152703e-08, No Iterations 6
time step continuity errors : sum local = 2.6194084e-09, global = -1.337338e-17, cumulative = 4.1201222e-16
ExecutionTime = 9.43 s  ClockTime = 10 s

Time = 1136

DILUPBiCGStab:  Solving for Ux, Initial residual = 7.991762e-06, Final residual = 3.0946128e-08, No Iterations 1
DILUPBiCGStab:  Solving for Uy, Initial residual = 9.8920296e-06, Final residual = 3.5516792e-08, No Iterations 1
GAMG:  Solving for p, Initial residual = 5.6700532e-06, Final residual = 3.5988611e-08, No Iterations 6
time step continuity errors : sum local = 2.6075273e-09, global = 5.815437e-18, cumulative = 4.1782766e-16
ExecutionTime = 9.44 s  ClockTime = 10 s

Time = 1137

DILUPBiCGStab:  Solving for Ux, Initial residual = 7.9554461e-06, Final residual = 3.0805647e-08, No Iterations 1
DILUPBiCGStab:  Solving for Uy, Initial residual = 9.8470229e-06, Final residual = 3.5354744e-08, No Iterations 1
GAMG:  Solving for p, Initial residual = 5.6443787e-06, Final residual = 3.5825268e-08, No Iterations 6
time step continuity errors : sum local = 2.5957004e-09, global = -1.8636895e-17, cumulative = 3.9919076e-16
ExecutionTime = 9.45 s  ClockTime = 10 s

Time = 1138

DILUPBiCGStab:  Solving for Ux, Initial residual = 7.9192952e-06, Final residual = 3.0665803e-08, No Iterations 1
DILUPBiCGStab:  Solving for Uy, Initial residual = 9.8022213e-06, Final residual = 3.519344e-08, No Iterations 1
GAMG:  Solving for p, Initial residual = 5.61882e-06, Final residual = 3.5662663e-08, No Iterations 6
time step continuity errors : sum local = 2.5839269e-09, global = 1.701263e-17, cumulative = 4.1620339e-16
ExecutionTime = 9.45 s  ClockTime = 10 s

Time = 1139

DILUPBiCGStab:  Solving for Ux, Initial residual = 7.8833085e-06, Final residual = 3.0526594e-08, No Iterations 1
DILUPBiCGStab:  Solving for Uy, Initial residual = 9.7576237e-06, Final residual = 3.5032876e-08, No Iterations 1
GAMG:  Solving for p, Initial residual = 5.5933765e-06, Final residual = 3.5500795e-08, No Iterations 6
time step continuity errors : sum local = 2.5722068e-09, global = -4.7322672e-19, cumulative = 4.1573016e-16
ExecutionTime = 9.46 s  ClockTime = 10 s

Time = 1140

DILUPBiCGStab:  Solving for Ux, Initial residual = 7.8474854e-06, Final residual = 3.0388016e-08, No Iterations 1
DILUPBiCGStab:  Solving for Uy, Initial residual = 9.7132292e-06, Final residual = 3.4873048e-08, No Iterations 1
GAMG:  Solving for p, Initial residual = 5.5680477e-06, Final residual = 3.5339664e-08, No Iterations 6
time step continuity errors : sum local = 2.5605398e-09, global = -1.3338281e-17, cumulative = 4.0239188e-16
ExecutionTime = 9.47 s  ClockTime = 10 s

Time = 1141

DILUPBiCGStab:  Solving for Ux, Initial residual = 7.8118249e-06, Final residual = 3.0250067e-08, No Iterations 1
DILUPBiCGStab:  Solving for Uy, Initial residual = 9.6690369e-06, Final residual = 3.4713951e-08, No Iterations 1
GAMG:  Solving for p, Initial residual = 5.5428533e-06, Final residual = 3.5179274e-08, No Iterations 6
time step continuity errors : sum local = 2.5489264e-09, global = 1.4124301e-17, cumulative = 4.1651618e-16
ExecutionTime = 9.48 s  ClockTime = 10 s

Time = 1142

DILUPBiCGStab:  Solving for Ux, Initial residual = 7.7763266e-06, Final residual = 3.0112742e-08, No Iterations 1
DILUPBiCGStab:  Solving for Uy, Initial residual = 9.6250459e-06, Final residual = 3.4555585e-08, No Iterations 1
GAMG:  Solving for p, Initial residual = 5.5177754e-06, Final residual = 3.5019609e-08, No Iterations 6
time step continuity errors : sum local = 2.5373655e-09, global = 1.5196274e-17, cumulative = 4.3171246e-16
ExecutionTime = 9.49 s  ClockTime = 10 s

Time = 1143

DILUPBiCGStab:  Solving for Ux, Initial residual = 7.7409894e-06, Final residual = 2.9976047e-08, No Iterations 1
DILUPBiCGStab:  Solving for Uy, Initial residual = 9.5812552e-06, Final residual = 3.4397946e-08, No Iterations 1
GAMG:  Solving for p, Initial residual = 5.4928017e-06, Final residual = 3.486067e-08, No Iterations 6
time step continuity errors : sum local = 2.5258571e-09, global = 2.7317871e-18, cumulative = 4.3444425e-16
ExecutionTime = 9.5 s  ClockTime = 10 s

Time = 1144

DILUPBiCGStab:  Solving for Ux, Initial residual = 7.7058129e-06, Final residual = 2.9839977e-08, No Iterations 1
DILUPBiCGStab:  Solving for Uy, Initial residual = 9.5376639e-06, Final residual = 3.4241031e-08, No Iterations 1
GAMG:  Solving for p, Initial residual = 5.4679325e-06, Final residual = 3.4702453e-08, No Iterations 6
time step continuity errors : sum local = 2.5144009e-09, global = -2.6051928e-17, cumulative = 4.0839232e-16
ExecutionTime = 9.51 s  ClockTime = 10 s

Time = 1145

DILUPBiCGStab:  Solving for Ux, Initial residual = 7.6707962e-06, Final residual = 2.9704517e-08, No Iterations 1
DILUPBiCGStab:  Solving for Uy, Initial residual = 9.4942712e-06, Final residual = 3.4084834e-08, No Iterations 1
GAMG:  Solving for p, Initial residual = 5.4431756e-06, Final residual = 3.4544948e-08, No Iterations 6
time step continuity errors : sum local = 2.5029961e-09, global = -1.3398632e-17, cumulative = 3.9499369e-16
ExecutionTime = 9.51 s  ClockTime = 10 s

Time = 1146

DILUPBiCGStab:  Solving for Ux, Initial residual = 7.6359385e-06, Final residual = 2.9569667e-08, No Iterations 1
DILUPBiCGStab:  Solving for Uy, Initial residual = 9.4510761e-06, Final residual = 3.3929352e-08, No Iterations 1
GAMG:  Solving for p, Initial residual = 5.4185297e-06, Final residual = 3.4388152e-08, No Iterations 6
time step continuity errors : sum local = 2.4916426e-09, global = 6.6209389e-18, cumulative = 4.0161462e-16
ExecutionTime = 9.52 s  ClockTime = 10 s

Time = 1147

DILUPBiCGStab:  Solving for Ux, Initial residual = 7.6012393e-06, Final residual = 2.9435427e-08, No Iterations 1
DILUPBiCGStab:  Solving for Uy, Initial residual = 9.4080778e-06, Final residual = 3.3774582e-08, No Iterations 1
GAMG:  Solving for p, Initial residual = 5.3939948e-06, Final residual = 3.4232046e-08, No Iterations 6
time step continuity errors : sum local = 2.4803391e-09, global = -1.1108917e-17, cumulative = 3.9050571e-16
ExecutionTime = 9.53 s  ClockTime = 10 s

Time = 1148

DILUPBiCGStab:  Solving for Ux, Initial residual = 7.5666978e-06, Final residual = 2.9301796e-08, No Iterations 1
DILUPBiCGStab:  Solving for Uy, Initial residual = 9.3652752e-06, Final residual = 3.3620522e-08, No Iterations 1
GAMG:  Solving for p, Initial residual = 5.3695676e-06, Final residual = 3.4076645e-08, No Iterations 6
time step continuity errors : sum local = 2.4690865e-09, global = -8.3960288e-18, cumulative = 3.8210968e-16
ExecutionTime = 9.54 s  ClockTime = 10 s

Time = 1149

DILUPBiCGStab:  Solving for Ux, Initial residual = 7.5323132e-06, Final residual = 2.9168771e-08, No Iterations 1
DILUPBiCGStab:  Solving for Uy, Initial residual = 9.3226676e-06, Final residual = 3.3467167e-08, No Iterations 1
GAMG:  Solving for p, Initial residual = 5.34525e-06, Final residual = 3.392196e-08, No Iterations 6
time step continuity errors : sum local = 2.4578856e-09, global = 1.2526347e-17, cumulative = 3.9463603e-16
ExecutionTime = 9.55 s  ClockTime = 10 s

Time = 1150

DILUPBiCGStab:  Solving for Ux, Initial residual = 7.4980848e-06, Final residual = 2.9036349e-08, No Iterations 1
DILUPBiCGStab:  Solving for Uy, Initial residual = 9.2802541e-06, Final residual = 3.3314515e-08, No Iterations 1
GAMG:  Solving for p, Initial residual = 5.3210418e-06, Final residual = 3.3767979e-08, No Iterations 6
time step continuity errors : sum local = 2.4467359e-09, global = 5.8480213e-18, cumulative = 4.0048405e-16
ExecutionTime = 9.56 s  ClockTime = 10 s

Time = 1151

DILUPBiCGStab:  Solving for Ux, Initial residual = 7.464012e-06, Final residual = 2.8904528e-08, No Iterations 1
DILUPBiCGStab:  Solving for Uy, Initial residual = 9.2380337e-06, Final residual = 3.3162562e-08, No Iterations 1
GAMG:  Solving for p, Initial residual = 5.2969427e-06, Final residual = 3.3614705e-08, No Iterations 6
time step continuity errors : sum local = 2.4356371e-09, global = 2.6112173e-18, cumulative = 4.0309526e-16
ExecutionTime = 9.56 s  ClockTime = 10 s

Time = 1152

DILUPBiCGStab:  Solving for Ux, Initial residual = 7.430094e-06, Final residual = 2.8773302e-08, No Iterations 1
DILUPBiCGStab:  Solving for Uy, Initial residual = 9.1960055e-06, Final residual = 3.3011313e-08, No Iterations 1
GAMG:  Solving for p, Initial residual = 5.2729364e-06, Final residual = 3.3462e-08, No Iterations 6
time step continuity errors : sum local = 2.4245796e-09, global = -8.5324673e-18, cumulative = 3.945628e-16
ExecutionTime = 9.57 s  ClockTime = 10 s

Time = 1153

DILUPBiCGStab:  Solving for Ux, Initial residual = 7.39633e-06, Final residual = 2.8636697e-08, No Iterations 1
DILUPBiCGStab:  Solving for Uy, Initial residual = 9.1541688e-06, Final residual = 3.2860757e-08, No Iterations 1
GAMG:  Solving for p, Initial residual = 5.2461668e-06, Final residual = 3.3310079e-08, No Iterations 6
time step continuity errors : sum local = 2.4135774e-09, global = 6.7248725e-18, cumulative = 4.0128767e-16
ExecutionTime = 9.58 s  ClockTime = 10 s

Time = 1154

DILUPBiCGStab:  Solving for Ux, Initial residual = 7.3627194e-06, Final residual = 2.850571e-08, No Iterations 1
DILUPBiCGStab:  Solving for Uy, Initial residual = 9.1125229e-06, Final residual = 3.2710881e-08, No Iterations 1
GAMG:  Solving for p, Initial residual = 5.2193707e-06, Final residual = 3.315872e-08, No Iterations 6
time step continuity errors : sum local = 2.4026166e-09, global = 8.3821454e-18, cumulative = 4.0966982e-16
ExecutionTime = 9.59 s  ClockTime = 10 s

Time = 1155

DILUPBiCGStab:  Solving for Ux, Initial residual = 7.3292615e-06, Final residual = 2.837611e-08, No Iterations 1
DILUPBiCGStab:  Solving for Uy, Initial residual = 9.0710667e-06, Final residual = 3.2561687e-08, No Iterations 1
GAMG:  Solving for p, Initial residual = 5.1937191e-06, Final residual = 3.3007999e-08, No Iterations 6
time step continuity errors : sum local = 2.3917025e-09, global = -1.0554044e-17, cumulative = 3.9911577e-16
ExecutionTime = 9.6 s  ClockTime = 10 s

Time = 1156

DILUPBiCGStab:  Solving for Ux, Initial residual = 7.2959557e-06, Final residual = 2.8247126e-08, No Iterations 1
DILUPBiCGStab:  Solving for Uy, Initial residual = 9.0297993e-06, Final residual = 3.2413177e-08, No Iterations 1
GAMG:  Solving for p, Initial residual = 5.1692334e-06, Final residual = 3.2858037e-08, No Iterations 6
time step continuity errors : sum local = 2.3808433e-09, global = 8.7448343e-18, cumulative = 4.0786061e-16
ExecutionTime = 9.61 s  ClockTime = 10 s

Time = 1157

DILUPBiCGStab:  Solving for Ux, Initial residual = 7.2628011e-06, Final residual = 2.8118803e-08, No Iterations 1
DILUPBiCGStab:  Solving for Uy, Initial residual = 8.9887199e-06, Final residual = 3.2265346e-08, No Iterations 1
GAMG:  Solving for p, Initial residual = 5.145534e-06, Final residual = 3.270885e-08, No Iterations 6
time step continuity errors : sum local = 2.3700401e-09, global = 8.2168416e-18, cumulative = 4.1607745e-16
ExecutionTime = 9.61 s  ClockTime = 10 s

Time = 1158

DILUPBiCGStab:  Solving for Ux, Initial residual = 7.2297972e-06, Final residual = 2.7991106e-08, No Iterations 1
DILUPBiCGStab:  Solving for Uy, Initial residual = 8.9478275e-06, Final residual = 3.2118193e-08, No Iterations 1
GAMG:  Solving for p, Initial residual = 5.1220134e-06, Final residual = 3.2560394e-08, No Iterations 6
time step continuity errors : sum local = 2.3592898e-09, global = -3.7048824e-18, cumulative = 4.1237256e-16
ExecutionTime = 9.62 s  ClockTime = 10 s

Time = 1159

DILUPBiCGStab:  Solving for Ux, Initial residual = 7.1969433e-06, Final residual = 2.7863991e-08, No Iterations 1
DILUPBiCGStab:  Solving for Uy, Initial residual = 8.9071213e-06, Final residual = 3.1971714e-08, No Iterations 1
GAMG:  Solving for p, Initial residual = 5.0986525e-06, Final residual = 3.2412624e-08, No Iterations 6
time step continuity errors : sum local = 2.348589e-09, global = -1.8010342e-17, cumulative = 3.9436222e-16
ExecutionTime = 9.63 s  ClockTime = 10 s

Time = 1160

DILUPBiCGStab:  Solving for Ux, Initial residual = 7.1642387e-06, Final residual = 2.7737453e-08, No Iterations 1
DILUPBiCGStab:  Solving for Uy, Initial residual = 8.8666005e-06, Final residual = 3.1825906e-08, No Iterations 1
GAMG:  Solving for p, Initial residual = 5.0754369e-06, Final residual = 3.2265527e-08, No Iterations 6
time step continuity errors : sum local = 2.337937e-09, global = -1.5083552e-17, cumulative = 3.7927867e-16
ExecutionTime = 9.64 s  ClockTime = 10 s

Time = 1161

DILUPBiCGStab:  Solving for Ux, Initial residual = 7.1316826e-06, Final residual = 2.761149e-08, No Iterations 1
DILUPBiCGStab:  Solving for Uy, Initial residual = 8.8262642e-06, Final residual = 3.1680766e-08, No Iterations 1
GAMG:  Solving for p, Initial residual = 5.0523904e-06, Final residual = 3.2119089e-08, No Iterations 6
time step continuity errors : sum local = 2.3273325e-09, global = 5.7471583e-18, cumulative = 3.8502583e-16
ExecutionTime = 9.65 s  ClockTime = 10 s

Time = 1162

DILUPBiCGStab:  Solving for Ux, Initial residual = 7.0992745e-06, Final residual = 2.7486098e-08, No Iterations 1
DILUPBiCGStab:  Solving for Uy, Initial residual = 8.7861116e-06, Final residual = 3.1536292e-08, No Iterations 1
GAMG:  Solving for p, Initial residual = 5.0295713e-06, Final residual = 3.1973313e-08, No Iterations 6
time step continuity errors : sum local = 2.3167761e-09, global = -1.7298927e-18, cumulative = 3.8329594e-16
ExecutionTime = 9.66 s  ClockTime = 10 s

Time = 1163

DILUPBiCGStab:  Solving for Ux, Initial residual = 7.0670137e-06, Final residual = 2.7361277e-08, No Iterations 1
DILUPBiCGStab:  Solving for Uy, Initial residual = 8.7461419e-06, Final residual = 3.1392479e-08, No Iterations 1
GAMG:  Solving for p, Initial residual = 5.0068704e-06, Final residual = 3.1828195e-08, No Iterations 6
time step continuity errors : sum local = 2.3062671e-09, global = 5.0618821e-18, cumulative = 3.8835782e-16
ExecutionTime = 9.66 s  ClockTime = 10 s

Time = 1164

DILUPBiCGStab:  Solving for Ux, Initial residual = 7.0348994e-06, Final residual = 2.7237027e-08, No Iterations 1
DILUPBiCGStab:  Solving for Uy, Initial residual = 8.7063541e-06, Final residual = 3.1249326e-08, No Iterations 1
GAMG:  Solving for p, Initial residual = 4.9842481e-06, Final residual = 3.1683731e-08, No Iterations 6
time step continuity errors : sum local = 2.2958055e-09, global = 7.6545176e-18, cumulative = 3.9601234e-16
ExecutionTime = 9.67 s  ClockTime = 10 s

Time = 1165

DILUPBiCGStab:  Solving for Ux, Initial residual = 7.0029311e-06, Final residual = 2.711334e-08, No Iterations 1
DILUPBiCGStab:  Solving for Uy, Initial residual = 8.6667476e-06, Final residual = 3.1106828e-08, No Iterations 1
GAMG:  Solving for p, Initial residual = 4.9617104e-06, Final residual = 3.1539928e-08, No Iterations 6
time step continuity errors : sum local = 2.2853917e-09, global = -3.0888909e-19, cumulative = 3.9570345e-16
ExecutionTime = 9.68 s  ClockTime = 10 s

Time = 1166

DILUPBiCGStab:  Solving for Ux, Initial residual = 6.9711081e-06, Final residual = 2.6990214e-08, No Iterations 1
DILUPBiCGStab:  Solving for Uy, Initial residual = 8.6273214e-06, Final residual = 3.0964982e-08, No Iterations 1
GAMG:  Solving for p, Initial residual = 4.9392606e-06, Final residual = 3.139678e-08, No Iterations 6
time step continuity errors : sum local = 2.2750252e-09, global = 4.5464096e-18, cumulative = 4.0024986e-16
ExecutionTime = 9.69 s  ClockTime = 10 s

Time = 1167

DILUPBiCGStab:  Solving for Ux, Initial residual = 6.9394296e-06, Final residual = 2.6867647e-08, No Iterations 1
DILUPBiCGStab:  Solving for Uy, Initial residual = 8.5880747e-06, Final residual = 3.0823787e-08, No Iterations 1
GAMG:  Solving for p, Initial residual = 4.9169021e-06, Final residual = 3.1254279e-08, No Iterations 6
time step continuity errors : sum local = 2.2647056e-09, global = 2.9849573e-18, cumulative = 4.0323481e-16
ExecutionTime = 9.7 s  ClockTime = 10 s

Time = 1168

DILUPBiCGStab:  Solving for Ux, Initial residual = 6.9078951e-06, Final residual = 2.6745635e-08, No Iterations 1
DILUPBiCGStab:  Solving for Uy, Initial residual = 8.5490068e-06, Final residual = 3.0683239e-08, No Iterations 1
GAMG:  Solving for p, Initial residual = 4.8946377e-06, Final residual = 3.1112426e-08, No Iterations 6
time step continuity errors : sum local = 2.2544329e-09, global = -7.9910279e-18, cumulative = 3.9524379e-16
ExecutionTime = 9.71 s  ClockTime = 10 s

Time = 1169

DILUPBiCGStab:  Solving for Ux, Initial residual = 6.8765039e-06, Final residual = 2.6624176e-08, No Iterations 1
DILUPBiCGStab:  Solving for Uy, Initial residual = 8.5101167e-06, Final residual = 3.0543334e-08, No Iterations 1
GAMG:  Solving for p, Initial residual = 4.87247e-06, Final residual = 3.097121e-08, No Iterations 6
time step continuity errors : sum local = 2.2442062e-09, global = 1.149703e-17, cumulative = 4.0674081e-16
ExecutionTime = 9.71 s  ClockTime = 10 s

Time = 1170

DILUPBiCGStab:  Solving for Ux, Initial residual = 6.8452553e-06, Final residual = 2.6503268e-08, No Iterations 1
DILUPBiCGStab:  Solving for Uy, Initial residual = 8.4714038e-06, Final residual = 3.040407e-08, No Iterations 1
GAMG:  Solving for p, Initial residual = 4.8503982e-06, Final residual = 3.0830639e-08, No Iterations 6
time step continuity errors : sum local = 2.2340262e-09, global = -2.3525692e-17, cumulative = 3.8321512e-16
ExecutionTime = 9.72 s  ClockTime = 10 s

Time = 1171

DILUPBiCGStab:  Solving for Ux, Initial residual = 6.8141487e-06, Final residual = 2.6382908e-08, No Iterations 1
DILUPBiCGStab:  Solving for Uy, Initial residual = 8.4328671e-06, Final residual = 3.0265443e-08, No Iterations 1
GAMG:  Solving for p, Initial residual = 4.8284227e-06, Final residual = 3.06907e-08, No Iterations 6
time step continuity errors : sum local = 2.2238919e-09, global = -4.7596237e-18, cumulative = 3.784555e-16
ExecutionTime = 9.73 s  ClockTime = 10 s

Time = 1172

DILUPBiCGStab:  Solving for Ux, Initial residual = 6.7831835e-06, Final residual = 2.6263095e-08, No Iterations 1
DILUPBiCGStab:  Solving for Uy, Initial residual = 8.3945059e-06, Final residual = 3.0127451e-08, No Iterations 1
GAMG:  Solving for p, Initial residual = 4.8065443e-06, Final residual = 3.0551377e-08, No Iterations 6
time step continuity errors : sum local = 2.2138023e-09, global = -3.694771e-18, cumulative = 3.7476073e-16
ExecutionTime = 9.74 s  ClockTime = 10 s

Time = 1173

DILUPBiCGStab:  Solving for Ux, Initial residual = 6.7523589e-06, Final residual = 2.6143824e-08, No Iterations 1
DILUPBiCGStab:  Solving for Uy, Initial residual = 8.3563194e-06, Final residual = 2.9990092e-08, No Iterations 1
GAMG:  Solving for p, Initial residual = 4.7847624e-06, Final residual = 3.0412671e-08, No Iterations 6
time step continuity errors : sum local = 2.2037571e-09, global = -1.62809e-18, cumulative = 3.7313264e-16
ExecutionTime = 9.75 s  ClockTime = 10 s

Time = 1174

DILUPBiCGStab:  Solving for Ux, Initial residual = 6.7216745e-06, Final residual = 2.6025096e-08, No Iterations 1
DILUPBiCGStab:  Solving for Uy, Initial residual = 8.3183067e-06, Final residual = 2.9853361e-08, No Iterations 1
GAMG:  Solving for p, Initial residual = 4.7630774e-06, Final residual = 3.0274604e-08, No Iterations 6
time step continuity errors : sum local = 2.1937583e-09, global = -8.6976652e-18, cumulative = 3.6443497e-16
ExecutionTime = 9.76 s  ClockTime = 10 s

Time = 1175

DILUPBiCGStab:  Solving for Ux, Initial residual = 6.6911294e-06, Final residual = 2.5906905e-08, No Iterations 1
DILUPBiCGStab:  Solving for Uy, Initial residual = 8.2804672e-06, Final residual = 2.9717256e-08, No Iterations 1
GAMG:  Solving for p, Initial residual = 4.7414898e-06, Final residual = 3.0137171e-08, No Iterations 6
time step continuity errors : sum local = 2.1838052e-09, global = -2.127126e-17, cumulative = 3.4316371e-16
ExecutionTime = 9.76 s  ClockTime = 10 s

Time = 1176

DILUPBiCGStab:  Solving for Ux, Initial residual = 6.6607232e-06, Final residual = 2.5789252e-08, No Iterations 1
DILUPBiCGStab:  Solving for Uy, Initial residual = 8.2427999e-06, Final residual = 2.9581774e-08, No Iterations 1
GAMG:  Solving for p, Initial residual = 4.7199992e-06, Final residual = 3.0000355e-08, No Iterations 6
time step continuity errors : sum local = 2.1738969e-09, global = -1.4774107e-19, cumulative = 3.4301597e-16
ExecutionTime = 9.77 s  ClockTime = 10 s

Time = 1177

DILUPBiCGStab:  Solving for Ux, Initial residual = 6.6304551e-06, Final residual = 2.5672132e-08, No Iterations 1
DILUPBiCGStab:  Solving for Uy, Initial residual = 8.2053041e-06, Final residual = 2.9446913e-08, No Iterations 1
GAMG:  Solving for p, Initial residual = 4.6986052e-06, Final residual = 2.986416e-08, No Iterations 6
time step continuity errors : sum local = 2.1640334e-09, global = 9.7514271e-18, cumulative = 3.527674e-16
ExecutionTime = 9.78 s  ClockTime = 10 s

Time = 1178

DILUPBiCGStab:  Solving for Ux, Initial residual = 6.6003246e-06, Final residual = 2.5555544e-08, No Iterations 1
DILUPBiCGStab:  Solving for Uy, Initial residual = 8.1679791e-06, Final residual = 2.931267e-08, No Iterations 1
GAMG:  Solving for p, Initial residual = 4.6773058e-06, Final residual = 2.97286e-08, No Iterations 6
time step continuity errors : sum local = 2.1542158e-09, global = -1.1306685e-17, cumulative = 3.4146071e-16
ExecutionTime = 9.79 s  ClockTime = 10 s

Time = 1179

DILUPBiCGStab:  Solving for Ux, Initial residual = 6.5703314e-06, Final residual = 2.5439487e-08, No Iterations 1
DILUPBiCGStab:  Solving for Uy, Initial residual = 8.1308241e-06, Final residual = 2.9179043e-08, No Iterations 1
GAMG:  Solving for p, Initial residual = 4.6560902e-06, Final residual = 2.959367e-08, No Iterations 6
time step continuity errors : sum local = 2.1444439e-09, global = 1.2170712e-17, cumulative = 3.5363143e-16
ExecutionTime = 9.79 s  ClockTime = 10 s

Time = 1180

DILUPBiCGStab:  Solving for Ux, Initial residual = 6.5404745e-06, Final residual = 2.5323959e-08, No Iterations 1
DILUPBiCGStab:  Solving for Uy, Initial residual = 8.0938382e-06, Final residual = 2.9046032e-08, No Iterations 1
GAMG:  Solving for p, Initial residual = 4.6349494e-06, Final residual = 2.9459356e-08, No Iterations 6
time step continuity errors : sum local = 2.1347165e-09, global = -1.8379358e-17, cumulative = 3.3525207e-16
ExecutionTime = 9.8 s  ClockTime = 10 s

Time = 1181

DILUPBiCGStab:  Solving for Ux, Initial residual = 6.5107531e-06, Final residual = 2.5208955e-08, No Iterations 1
DILUPBiCGStab:  Solving for Uy, Initial residual = 8.0570209e-06, Final residual = 2.8913631e-08, No Iterations 1
GAMG:  Solving for p, Initial residual = 4.6139007e-06, Final residual = 2.9325652e-08, No Iterations 6
time step continuity errors : sum local = 2.1250333e-09, global = -4.3447364e-18, cumulative = 3.3090733e-16
ExecutionTime = 9.81 s  ClockTime = 10 s

Time = 1182

DILUPBiCGStab:  Solving for Ux, Initial residual = 6.4811667e-06, Final residual = 2.5094473e-08, No Iterations 1
DILUPBiCGStab:  Solving for Uy, Initial residual = 8.0203711e-06, Final residual = 2.8781836e-08, No Iterations 1
GAMG:  Solving for p, Initial residual = 4.5929532e-06, Final residual = 2.919255e-08, No Iterations 6
time step continuity errors : sum local = 2.1153936e-09, global = -2.6636155e-17, cumulative = 3.0427118e-16
ExecutionTime = 9.82 s  ClockTime = 10 s

Time = 1183

DILUPBiCGStab:  Solving for Ux, Initial residual = 6.4517147e-06, Final residual = 2.4980511e-08, No Iterations 1
DILUPBiCGStab:  Solving for Uy, Initial residual = 7.9838882e-06, Final residual = 2.8650643e-08, No Iterations 1
GAMG:  Solving for p, Initial residual = 4.5721172e-06, Final residual = 2.9060049e-08, No Iterations 6
time step continuity errors : sum local = 2.1057974e-09, global = -2.9465642e-17, cumulative = 2.7480553e-16
ExecutionTime = 9.83 s  ClockTime = 10 s

Time = 1184

DILUPBiCGStab:  Solving for Ux, Initial residual = 6.4223965e-06, Final residual = 2.4867066e-08, No Iterations 1
DILUPBiCGStab:  Solving for Uy, Initial residual = 7.9475714e-06, Final residual = 2.8520048e-08, No Iterations 1
GAMG:  Solving for p, Initial residual = 4.5513835e-06, Final residual = 2.892814e-08, No Iterations 6
time step continuity errors : sum local = 2.096244e-09, global = 2.1654516e-17, cumulative = 2.9646005e-16
ExecutionTime = 9.84 s  ClockTime = 10 s

Time = 1185

DILUPBiCGStab:  Solving for Ux, Initial residual = 6.3932114e-06, Final residual = 2.4754136e-08, No Iterations 1
DILUPBiCGStab:  Solving for Uy, Initial residual = 7.91142e-06, Final residual = 2.8390051e-08, No Iterations 1
GAMG:  Solving for p, Initial residual = 4.530745e-06, Final residual = 2.8796834e-08, No Iterations 6
time step continuity errors : sum local = 2.0867342e-09, global = -8.2792044e-18, cumulative = 2.8818085e-16
ExecutionTime = 9.84 s  ClockTime = 10 s

Time = 1186

DILUPBiCGStab:  Solving for Ux, Initial residual = 6.364159e-06, Final residual = 2.4642079e-08, No Iterations 1
DILUPBiCGStab:  Solving for Uy, Initial residual = 7.8754332e-06, Final residual = 2.8264321e-08, No Iterations 1
GAMG:  Solving for p, Initial residual = 4.5102494e-06, Final residual = 2.8666298e-08, No Iterations 6
time step continuity errors : sum local = 2.077272e-09, global = -3.9430707e-19, cumulative = 2.8778654e-16
ExecutionTime = 9.85 s  ClockTime = 10 s

Time = 1187

DILUPBiCGStab:  Solving for Ux, Initial residual = 6.3352384e-06, Final residual = 2.4530559e-08, No Iterations 1
DILUPBiCGStab:  Solving for Uy, Initial residual = 7.83961e-06, Final residual = 2.8138659e-08, No Iterations 1
GAMG:  Solving for p, Initial residual = 4.4898912e-06, Final residual = 2.8536127e-08, No Iterations 6
time step continuity errors : sum local = 2.0678345e-09, global = -1.0829713e-18, cumulative = 2.8670357e-16
ExecutionTime = 9.86 s  ClockTime = 10 s

Time = 1188

DILUPBiCGStab:  Solving for Ux, Initial residual = 6.3064489e-06, Final residual = 2.4419465e-08, No Iterations 1
DILUPBiCGStab:  Solving for Uy, Initial residual = 7.80395e-06, Final residual = 2.8011634e-08, No Iterations 1
GAMG:  Solving for p, Initial residual = 4.4696329e-06, Final residual = 2.8406334e-08, No Iterations 6
time step continuity errors : sum local = 2.0584279e-09, global = 2.0350099e-18, cumulative = 2.8873858e-16
ExecutionTime = 9.88 s  ClockTime = 10 s

Time = 1189

DILUPBiCGStab:  Solving for Ux, Initial residual = 6.2777903e-06, Final residual = 2.4308825e-08, No Iterations 1
DILUPBiCGStab:  Solving for Uy, Initial residual = 7.7684525e-06, Final residual = 2.7884683e-08, No Iterations 1
GAMG:  Solving for p, Initial residual = 4.4496994e-06, Final residual = 2.8277144e-08, No Iterations 6
time step continuity errors : sum local = 2.049068e-09, global = -1.5743153e-17, cumulative = 2.7299542e-16
ExecutionTime = 9.88 s  ClockTime = 10 s

Time = 1190

DILUPBiCGStab:  Solving for Ux, Initial residual = 6.2492618e-06, Final residual = 2.4198629e-08, No Iterations 1
DILUPBiCGStab:  Solving for Uy, Initial residual = 7.7331165e-06, Final residual = 2.7758017e-08, No Iterations 1
GAMG:  Solving for p, Initial residual = 4.4300806e-06, Final residual = 2.8148626e-08, No Iterations 6
time step continuity errors : sum local = 2.0397582e-09, global = -1.4086992e-17, cumulative = 2.5890843e-16
ExecutionTime = 9.89 s  ClockTime = 10 s

Time = 1191

DILUPBiCGStab:  Solving for Ux, Initial residual = 6.2208629e-06, Final residual = 2.4088883e-08, No Iterations 1
DILUPBiCGStab:  Solving for Uy, Initial residual = 7.6979415e-06, Final residual = 2.7631778e-08, No Iterations 1
GAMG:  Solving for p, Initial residual = 4.4105493e-06, Final residual = 2.8020755e-08, No Iterations 6
time step continuity errors : sum local = 2.0304962e-09, global = 1.8327609e-17, cumulative = 2.7723604e-16
ExecutionTime = 9.9 s  ClockTime = 10 s

Time = 1192

DILUPBiCGStab:  Solving for Ux, Initial residual = 6.192593e-06, Final residual = 2.3979595e-08, No Iterations 1
DILUPBiCGStab:  Solving for Uy, Initial residual = 7.6629265e-06, Final residual = 2.7506028e-08, No Iterations 1
GAMG:  Solving for p, Initial residual = 4.3909482e-06, Final residual = 2.7893499e-08, No Iterations 6
time step continuity errors : sum local = 2.0212789e-09, global = 8.7994415e-18, cumulative = 2.8603548e-16
ExecutionTime = 9.91 s  ClockTime = 10 s

Time = 1193

DILUPBiCGStab:  Solving for Ux, Initial residual = 6.1644517e-06, Final residual = 2.3870774e-08, No Iterations 1
DILUPBiCGStab:  Solving for Uy, Initial residual = 7.628071e-06, Final residual = 2.7380796e-08, No Iterations 1
GAMG:  Solving for p, Initial residual = 4.3713229e-06, Final residual = 2.7766837e-08, No Iterations 6
time step continuity errors : sum local = 2.0121048e-09, global = 1.0607724e-17, cumulative = 2.9664321e-16
ExecutionTime = 9.92 s  ClockTime = 10 s

Time = 1194

DILUPBiCGStab:  Solving for Ux, Initial residual = 6.1364382e-06, Final residual = 2.3762427e-08, No Iterations 1
DILUPBiCGStab:  Solving for Uy, Initial residual = 7.5933741e-06, Final residual = 2.7256098e-08, No Iterations 1
GAMG:  Solving for p, Initial residual = 4.3517056e-06, Final residual = 2.7640758e-08, No Iterations 6
time step continuity errors : sum local = 2.0029732e-09, global = -3.839243e-18, cumulative = 2.9280396e-16
ExecutionTime = 9.93 s  ClockTime = 10 s

Time = 1195

DILUPBiCGStab:  Solving for Ux, Initial residual = 6.1085519e-06, Final residual = 2.3654555e-08, No Iterations 1
DILUPBiCGStab:  Solving for Uy, Initial residual = 7.5588353e-06, Final residual = 2.7131945e-08, No Iterations 1
GAMG:  Solving for p, Initial residual = 4.3321189e-06, Final residual = 2.7515263e-08, No Iterations 6
time step continuity errors : sum local = 1.9938837e-09, global = 8.5108547e-18, cumulative = 3.0131482e-16
ExecutionTime = 9.93 s  ClockTime = 10 s

Time = 1196

DILUPBiCGStab:  Solving for Ux, Initial residual = 6.0807924e-06, Final residual = 2.3547163e-08, No Iterations 1
DILUPBiCGStab:  Solving for Uy, Initial residual = 7.5244537e-06, Final residual = 2.7008341e-08, No Iterations 1
GAMG:  Solving for p, Initial residual = 4.312579e-06, Final residual = 2.7390351e-08, No Iterations 6
time step continuity errors : sum local = 1.9848365e-09, global = -2.2936779e-17, cumulative = 2.7837804e-16
ExecutionTime = 9.94 s  ClockTime = 10 s

Time = 1197

DILUPBiCGStab:  Solving for Ux, Initial residual = 6.053159e-06, Final residual = 2.344025e-08, No Iterations 1
DILUPBiCGStab:  Solving for Uy, Initial residual = 7.4902286e-06, Final residual = 2.6885289e-08, No Iterations 1
GAMG:  Solving for p, Initial residual = 4.2930973e-06, Final residual = 2.7266009e-08, No Iterations 6
time step continuity errors : sum local = 1.9758308e-09, global = 4.317274e-18, cumulative = 2.8269531e-16
ExecutionTime = 9.95 s  ClockTime = 10 s

Time = 1198

DILUPBiCGStab:  Solving for Ux, Initial residual = 6.0256512e-06, Final residual = 2.3333817e-08, No Iterations 1
DILUPBiCGStab:  Solving for Uy, Initial residual = 7.4561593e-06, Final residual = 2.676279e-08, No Iterations 1
GAMG:  Solving for p, Initial residual = 4.2736818e-06, Final residual = 2.7142236e-08, No Iterations 6
time step continuity errors : sum local = 1.9668661e-09, global = 8.9570293e-18, cumulative = 2.9165234e-16
ExecutionTime = 9.96 s  ClockTime = 10 s

Time = 1199

DILUPBiCGStab:  Solving for Ux, Initial residual = 5.9982685e-06, Final residual = 2.3227862e-08, No Iterations 1
DILUPBiCGStab:  Solving for Uy, Initial residual = 7.4222452e-06, Final residual = 2.6640845e-08, No Iterations 1
GAMG:  Solving for p, Initial residual = 4.2543384e-06, Final residual = 2.701903e-08, No Iterations 6
time step continuity errors : sum local = 1.9579425e-09, global = 1.119497e-17, cumulative = 3.0284731e-16
ExecutionTime = 9.96 s  ClockTime = 10 s

Time = 1200

DILUPBiCGStab:  Solving for Ux, Initial residual = 5.9710102e-06, Final residual = 2.3122386e-08, No Iterations 1
DILUPBiCGStab:  Solving for Uy, Initial residual = 7.3884854e-06, Final residual = 2.6519451e-08, No Iterations 1
GAMG:  Solving for p, Initial residual = 4.2350712e-06, Final residual = 2.6896379e-08, No Iterations 6
time step continuity errors : sum local = 1.9490589e-09, global = 3.9121064e-17, cumulative = 3.4196838e-16
ExecutionTime = 9.97 s  ClockTime = 10 s

Time = 1201

DILUPBiCGStab:  Solving for Ux, Initial residual = 5.9438757e-06, Final residual = 2.3017386e-08, No Iterations 1
DILUPBiCGStab:  Solving for Uy, Initial residual = 7.3548794e-06, Final residual = 2.6398609e-08, No Iterations 1
GAMG:  Solving for p, Initial residual = 4.2158828e-06, Final residual = 2.6774293e-08, No Iterations 6
time step continuity errors : sum local = 1.9402165e-09, global = -2.4782331e-18, cumulative = 3.3949014e-16
ExecutionTime = 9.98 s  ClockTime = 10 s

Time = 1202

DILUPBiCGStab:  Solving for Ux, Initial residual = 5.9168646e-06, Final residual = 2.2912861e-08, No Iterations 1
DILUPBiCGStab:  Solving for Uy, Initial residual = 7.3214264e-06, Final residual = 2.6278317e-08, No Iterations 1
GAMG:  Solving for p, Initial residual = 4.1967752e-06, Final residual = 2.6652758e-08, No Iterations 6
time step continuity errors : sum local = 1.9314138e-09, global = 2.0682321e-17, cumulative = 3.6017247e-16
ExecutionTime = 9.99 s  ClockTime = 10 s

Time = 1203

DILUPBiCGStab:  Solving for Ux, Initial residual = 5.8899763e-06, Final residual = 2.2808809e-08, No Iterations 1
DILUPBiCGStab:  Solving for Uy, Initial residual = 7.2881256e-06, Final residual = 2.6158573e-08, No Iterations 1
GAMG:  Solving for p, Initial residual = 4.1777497e-06, Final residual = 2.6531774e-08, No Iterations 6
time step continuity errors : sum local = 1.922651e-09, global = 6.7882014e-18, cumulative = 3.6696067e-16
ExecutionTime = 10 s  ClockTime = 10 s

Time = 1204

DILUPBiCGStab:  Solving for Ux, Initial residual = 5.8632102e-06, Final residual = 2.2705229e-08, No Iterations 1
DILUPBiCGStab:  Solving for Uy, Initial residual = 7.2549765e-06, Final residual = 2.6039374e-08, No Iterations 1
GAMG:  Solving for p, Initial residual = 4.1588071e-06, Final residual = 2.6411343e-08, No Iterations 6
time step continuity errors : sum local = 1.9139283e-09, global = -4.485913e-18, cumulative = 3.6247475e-16
ExecutionTime = 10.01 s  ClockTime = 10 s

Time = 1205

DILUPBiCGStab:  Solving for Ux, Initial residual = 5.8365657e-06, Final residual = 2.2602118e-08, No Iterations 1
DILUPBiCGStab:  Solving for Uy, Initial residual = 7.2219783e-06, Final residual = 2.592072e-08, No Iterations 1
GAMG:  Solving for p, Initial residual = 4.1399479e-06, Final residual = 2.6291456e-08, No Iterations 6
time step continuity errors : sum local = 1.9052448e-09, global = 2.1067589e-17, cumulative = 3.8354234e-16
ExecutionTime = 10.01 s  ClockTime = 10 s

Time = 1206

DILUPBiCGStab:  Solving for Ux, Initial residual = 5.8100423e-06, Final residual = 2.2499475e-08, No Iterations 1
DILUPBiCGStab:  Solving for Uy, Initial residual = 7.1891303e-06, Final residual = 2.5802607e-08, No Iterations 1
GAMG:  Solving for p, Initial residual = 4.1211725e-06, Final residual = 2.6172111e-08, No Iterations 6
time step continuity errors : sum local = 1.8966006e-09, global = -1.0872303e-17, cumulative = 3.7267004e-16
ExecutionTime = 10.02 s  ClockTime = 10 s

Time = 1207

DILUPBiCGStab:  Solving for Ux, Initial residual = 5.7836395e-06, Final residual = 2.2397297e-08, No Iterations 1
DILUPBiCGStab:  Solving for Uy, Initial residual = 7.1564319e-06, Final residual = 2.5685033e-08, No Iterations 1
GAMG:  Solving for p, Initial residual = 4.1024808e-06, Final residual = 2.6053313e-08, No Iterations 6
time step continuity errors : sum local = 1.887996e-09, global = -3.570895e-17, cumulative = 3.3696109e-16
ExecutionTime = 10.03 s  ClockTime = 10 s

Time = 1208

DILUPBiCGStab:  Solving for Ux, Initial residual = 5.7573567e-06, Final residual = 2.2295583e-08, No Iterations 1
DILUPBiCGStab:  Solving for Uy, Initial residual = 7.1238824e-06, Final residual = 2.5567996e-08, No Iterations 1
GAMG:  Solving for p, Initial residual = 4.0838728e-06, Final residual = 2.5935056e-08, No Iterations 6
time step continuity errors : sum local = 1.8794305e-09, global = -1.1702819e-18, cumulative = 3.3579081e-16
ExecutionTime = 10.04 s  ClockTime = 10 s

Time = 1209

DILUPBiCGStab:  Solving for Ux, Initial residual = 5.7311933e-06, Final residual = 2.219433e-08, No Iterations 1
DILUPBiCGStab:  Solving for Uy, Initial residual = 7.091481e-06, Final residual = 2.5451494e-08, No Iterations 1
GAMG:  Solving for p, Initial residual = 4.065348e-06, Final residual = 2.5817335e-08, No Iterations 6
time step continuity errors : sum local = 1.8709039e-09, global = -2.1462174e-17, cumulative = 3.1432863e-16
ExecutionTime = 10.05 s  ClockTime = 10 s

Time = 1210

DILUPBiCGStab:  Solving for Ux, Initial residual = 5.7051489e-06, Final residual = 2.2093537e-08, No Iterations 1
DILUPBiCGStab:  Solving for Uy, Initial residual = 7.0592271e-06, Final residual = 2.5335525e-08, No Iterations 1
GAMG:  Solving for p, Initial residual = 4.0469066e-06, Final residual = 2.5700147e-08, No Iterations 6
time step continuity errors : sum local = 1.8624159e-09, global = 3.1581094e-18, cumulative = 3.1748674e-16
ExecutionTime = 10.06 s  ClockTime = 10 s

Time = 1211

DILUPBiCGStab:  Solving for Ux, Initial residual = 5.6792228e-06, Final residual = 2.1993201e-08, No Iterations 1
DILUPBiCGStab:  Solving for Uy, Initial residual = 7.0271201e-06, Final residual = 2.5220085e-08, No Iterations 1
GAMG:  Solving for p, Initial residual = 4.0285495e-06, Final residual = 2.5583495e-08, No Iterations 6
time step continuity errors : sum local = 1.8539666e-09, global = 1.4998651e-17, cumulative = 3.3248539e-16
ExecutionTime = 10.07 s  ClockTime = 10 s

Time = 1212

DILUPBiCGStab:  Solving for Ux, Initial residual = 5.6534145e-06, Final residual = 2.1893321e-08, No Iterations 1
DILUPBiCGStab:  Solving for Uy, Initial residual = 6.9951593e-06, Final residual = 2.5105172e-08, No Iterations 1
GAMG:  Solving for p, Initial residual = 4.0102756e-06, Final residual = 2.5467371e-08, No Iterations 6
time step continuity errors : sum local = 1.8455555e-09, global = 3.2572917e-18, cumulative = 3.3574269e-16
ExecutionTime = 10.08 s  ClockTime = 10 s

Time = 1213

DILUPBiCGStab:  Solving for Ux, Initial residual = 5.6277235e-06, Final residual = 2.1793894e-08, No Iterations 1
DILUPBiCGStab:  Solving for Uy, Initial residual = 6.9633439e-06, Final residual = 2.4990785e-08, No Iterations 1
GAMG:  Solving for p, Initial residual = 3.992084e-06, Final residual = 2.5351772e-08, No Iterations 6
time step continuity errors : sum local = 1.8371824e-09, global = 1.8243104e-17, cumulative = 3.5398579e-16
ExecutionTime = 10.09 s  ClockTime = 10 s

Time = 1214

DILUPBiCGStab:  Solving for Ux, Initial residual = 5.6021492e-06, Final residual = 2.1694918e-08, No Iterations 1
DILUPBiCGStab:  Solving for Uy, Initial residual = 6.9316734e-06, Final residual = 2.4876921e-08, No Iterations 1
GAMG:  Solving for p, Initial residual = 3.9739744e-06, Final residual = 2.5236698e-08, No Iterations 6
time step continuity errors : sum local = 1.8288472e-09, global = 1.8997864e-17, cumulative = 3.7298365e-16
ExecutionTime = 10.09 s  ClockTime = 10 s

Time = 1215

DILUPBiCGStab:  Solving for Ux, Initial residual = 5.5766912e-06, Final residual = 2.1596391e-08, No Iterations 1
DILUPBiCGStab:  Solving for Uy, Initial residual = 6.900147e-06, Final residual = 2.4763577e-08, No Iterations 1
GAMG:  Solving for p, Initial residual = 3.9559465e-06, Final residual = 2.5122143e-08, No Iterations 6
time step continuity errors : sum local = 1.8205496e-09, global = -1.4026072e-17, cumulative = 3.5895758e-16
ExecutionTime = 10.1 s  ClockTime = 10 s

Time = 1216

DILUPBiCGStab:  Solving for Ux, Initial residual = 5.5513489e-06, Final residual = 2.1498312e-08, No Iterations 1
DILUPBiCGStab:  Solving for Uy, Initial residual = 6.8687642e-06, Final residual = 2.4650751e-08, No Iterations 1
GAMG:  Solving for p, Initial residual = 3.9380001e-06, Final residual = 2.5008108e-08, No Iterations 6
time step continuity errors : sum local = 1.8122897e-09, global = -4.6132458e-18, cumulative = 3.5434434e-16
ExecutionTime = 10.11 s  ClockTime = 10 s

Time = 1217

DILUPBiCGStab:  Solving for Ux, Initial residual = 5.5261217e-06, Final residual = 2.1400678e-08, No Iterations 1
DILUPBiCGStab:  Solving for Uy, Initial residual = 6.8375243e-06, Final residual = 2.453844e-08, No Iterations 1
GAMG:  Solving for p, Initial residual = 3.9201349e-06, Final residual = 2.4894593e-08, No Iterations 6
time step continuity errors : sum local = 1.8040674e-09, global = -1.6961014e-17, cumulative = 3.3738332e-16
ExecutionTime = 10.12 s  ClockTime = 10 s

Time = 1218

DILUPBiCGStab:  Solving for Ux, Initial residual = 5.5010093e-06, Final residual = 2.1303487e-08, No Iterations 1
DILUPBiCGStab:  Solving for Uy, Initial residual = 6.8064265e-06, Final residual = 2.4426643e-08, No Iterations 1
GAMG:  Solving for p, Initial residual = 3.9023506e-06, Final residual = 2.4781591e-08, No Iterations 6
time step continuity errors : sum local = 1.7958822e-09, global = -7.9295783e-18, cumulative = 3.2945374e-16
ExecutionTime = 10.13 s  ClockTime = 10 s

Time = 1219

DILUPBiCGStab:  Solving for Ux, Initial residual = 5.4760109e-06, Final residual = 2.1206737e-08, No Iterations 1
DILUPBiCGStab:  Solving for Uy, Initial residual = 6.7754704e-06, Final residual = 2.4315357e-08, No Iterations 1
GAMG:  Solving for p, Initial residual = 3.8846468e-06, Final residual = 2.4669102e-08, No Iterations 6
time step continuity errors : sum local = 1.787734e-09, global = 6.4275904e-18, cumulative = 3.3588133e-16
ExecutionTime = 10.14 s  ClockTime = 10 s

Time = 1220

DILUPBiCGStab:  Solving for Ux, Initial residual = 5.4511262e-06, Final residual = 2.1110427e-08, No Iterations 1
DILUPBiCGStab:  Solving for Uy, Initial residual = 6.7446551e-06, Final residual = 2.4204579e-08, No Iterations 1
GAMG:  Solving for p, Initial residual = 3.8670236e-06, Final residual = 2.4557103e-08, No Iterations 6
time step continuity errors : sum local = 1.7796215e-09, global = -2.4614142e-17, cumulative = 3.1126719e-16
ExecutionTime = 10.14 s  ClockTime = 10 s

Time = 1221

DILUPBiCGStab:  Solving for Ux, Initial residual = 5.4263546e-06, Final residual = 2.1014554e-08, No Iterations 1
DILUPBiCGStab:  Solving for Uy, Initial residual = 6.7139801e-06, Final residual = 2.4094308e-08, No Iterations 1
GAMG:  Solving for p, Initial residual = 3.8494793e-06, Final residual = 2.4445609e-08, No Iterations 6
time step continuity errors : sum local = 1.7715454e-09, global = 1.8180861e-17, cumulative = 3.2944805e-16
ExecutionTime = 10.15 s  ClockTime = 10 s

Time = 1222

DILUPBiCGStab:  Solving for Ux, Initial residual = 5.4016955e-06, Final residual = 2.0919116e-08, No Iterations 1
DILUPBiCGStab:  Solving for Uy, Initial residual = 6.6834448e-06, Final residual = 2.398454e-08, No Iterations 1
GAMG:  Solving for p, Initial residual = 3.8320144e-06, Final residual = 2.4334622e-08, No Iterations 6
time step continuity errors : sum local = 1.763506e-09, global = 4.4201091e-18, cumulative = 3.3386816e-16
ExecutionTime = 10.16 s  ClockTime = 10 s

Time = 1223

DILUPBiCGStab:  Solving for Ux, Initial residual = 5.3771485e-06, Final residual = 2.0824111e-08, No Iterations 1
DILUPBiCGStab:  Solving for Uy, Initial residual = 6.6530485e-06, Final residual = 2.3875275e-08, No Iterations 1
GAMG:  Solving for p, Initial residual = 3.8146292e-06, Final residual = 2.4224144e-08, No Iterations 6
time step continuity errors : sum local = 1.7555034e-09, global = 2.8850048e-17, cumulative = 3.6271821e-16
ExecutionTime = 10.17 s  ClockTime = 10 s

Time = 1224

DILUPBiCGStab:  Solving for Ux, Initial residual = 5.3527131e-06, Final residual = 2.0729538e-08, No Iterations 1
DILUPBiCGStab:  Solving for Uy, Initial residual = 6.6227905e-06, Final residual = 2.376651e-08, No Iterations 1
GAMG:  Solving for p, Initial residual = 3.7973229e-06, Final residual = 2.4114175e-08, No Iterations 6
time step continuity errors : sum local = 1.7475377e-09, global = -8.5209926e-18, cumulative = 3.5419722e-16
ExecutionTime = 10.17 s  ClockTime = 10 s

Time = 1225

DILUPBiCGStab:  Solving for Ux, Initial residual = 5.3283888e-06, Final residual = 2.0635394e-08, No Iterations 1
DILUPBiCGStab:  Solving for Uy, Initial residual = 6.5926703e-06, Final residual = 2.3658241e-08, No Iterations 1
GAMG:  Solving for p, Initial residual = 3.7800951e-06, Final residual = 2.4004711e-08, No Iterations 6
time step continuity errors : sum local = 1.7396086e-09, global = 2.4460472e-17, cumulative = 3.7865769e-16
ExecutionTime = 10.18 s  ClockTime = 10 s

Time = 1226

DILUPBiCGStab:  Solving for Ux, Initial residual = 5.304175e-06, Final residual = 2.0541678e-08, No Iterations 1
DILUPBiCGStab:  Solving for Uy, Initial residual = 6.5626872e-06, Final residual = 2.3550468e-08, No Iterations 1
GAMG:  Solving for p, Initial residual = 3.7629454e-06, Final residual = 2.3895744e-08, No Iterations 6
time step continuity errors : sum local = 1.7317153e-09, global = -8.4181972e-18, cumulative = 3.7023949e-16
ExecutionTime = 10.19 s  ClockTime = 10 s

Time = 1227

DILUPBiCGStab:  Solving for Ux, Initial residual = 5.2800712e-06, Final residual = 2.0448387e-08, No Iterations 1
DILUPBiCGStab:  Solving for Uy, Initial residual = 6.5328406e-06, Final residual = 2.3443187e-08, No Iterations 1
GAMG:  Solving for p, Initial residual = 3.7458733e-06, Final residual = 2.3787275e-08, No Iterations 6
time step continuity errors : sum local = 1.7238581e-09, global = 9.2281725e-18, cumulative = 3.7946766e-16
ExecutionTime = 10.2 s  ClockTime = 10 s

Time = 1228

DILUPBiCGStab:  Solving for Ux, Initial residual = 5.256077e-06, Final residual = 2.0355519e-08, No Iterations 1
DILUPBiCGStab:  Solving for Uy, Initial residual = 6.5031298e-06, Final residual = 2.3336396e-08, No Iterations 1
GAMG:  Solving for p, Initial residual = 3.7288785e-06, Final residual = 2.36793e-08, No Iterations 6
time step continuity errors : sum local = 1.7160367e-09, global = 2.1780923e-18, cumulative = 3.8164576e-16
ExecutionTime = 10.21 s  ClockTime = 10 s

Time = 1229

DILUPBiCGStab:  Solving for Ux, Initial residual = 5.2321919e-06, Final residual = 2.0263073e-08, No Iterations 1
DILUPBiCGStab:  Solving for Uy, Initial residual = 6.4735543e-06, Final residual = 2.3230093e-08, No Iterations 1
GAMG:  Solving for p, Initial residual = 3.7119607e-06, Final residual = 2.3571814e-08, No Iterations 6
time step continuity errors : sum local = 1.7082507e-09, global = -1.7153436e-17, cumulative = 3.6449232e-16
ExecutionTime = 10.22 s  ClockTime = 10 s

Time = 1230

DILUPBiCGStab:  Solving for Ux, Initial residual = 5.2084153e-06, Final residual = 2.0171047e-08, No Iterations 1
DILUPBiCGStab:  Solving for Uy, Initial residual = 6.4441134e-06, Final residual = 2.3124276e-08, No Iterations 1
GAMG:  Solving for p, Initial residual = 3.6951195e-06, Final residual = 2.3464814e-08, No Iterations 6
time step continuity errors : sum local = 1.7004998e-09, global = 2.4289199e-18, cumulative = 3.6692124e-16
ExecutionTime = 10.22 s  ClockTime = 10 s

Time = 1231

DILUPBiCGStab:  Solving for Ux, Initial residual = 5.1847467e-06, Final residual = 2.0079439e-08, No Iterations 1
DILUPBiCGStab:  Solving for Uy, Initial residual = 6.4148065e-06, Final residual = 2.3018942e-08, No Iterations 1
GAMG:  Solving for p, Initial residual = 3.6783546e-06, Final residual = 2.3358302e-08, No Iterations 6
time step continuity errors : sum local = 1.6927843e-09, global = -1.1053992e-17, cumulative = 3.5586725e-16
ExecutionTime = 10.23 s  ClockTime = 10 s

Time = 1232

DILUPBiCGStab:  Solving for Ux, Initial residual = 5.1611857e-06, Final residual = 1.9988246e-08, No Iterations 1
DILUPBiCGStab:  Solving for Uy, Initial residual = 6.385633e-06, Final residual = 2.291409e-08, No Iterations 1
GAMG:  Solving for p, Initial residual = 3.6616657e-06, Final residual = 2.3252272e-08, No Iterations 6
time step continuity errors : sum local = 1.6851036e-09, global = -3.064139e-17, cumulative = 3.2522586e-16
ExecutionTime = 10.24 s  ClockTime = 10 s

Time = 1233

DILUPBiCGStab:  Solving for Ux, Initial residual = 5.1377318e-06, Final residual = 1.9897468e-08, No Iterations 1
DILUPBiCGStab:  Solving for Uy, Initial residual = 6.3565923e-06, Final residual = 2.2809716e-08, No Iterations 1
GAMG:  Solving for p, Initial residual = 3.6450524e-06, Final residual = 2.3146722e-08, No Iterations 6
time step continuity errors : sum local = 1.6774577e-09, global = -2.8159412e-17, cumulative = 2.9706645e-16
ExecutionTime = 10.25 s  ClockTime = 10 s

Time = 1234

DILUPBiCGStab:  Solving for Ux, Initial residual = 5.1143845e-06, Final residual = 1.9807101e-08, No Iterations 1
DILUPBiCGStab:  Solving for Uy, Initial residual = 6.3276838e-06, Final residual = 2.270582e-08, No Iterations 1
GAMG:  Solving for p, Initial residual = 3.6285143e-06, Final residual = 2.3041652e-08, No Iterations 6
time step continuity errors : sum local = 1.6698466e-09, global = -5.5055421e-18, cumulative = 2.915609e-16
ExecutionTime = 10.26 s  ClockTime = 10 s

Time = 1235

DILUPBiCGStab:  Solving for Ux, Initial residual = 5.0911432e-06, Final residual = 1.9717145e-08, No Iterations 1
DILUPBiCGStab:  Solving for Uy, Initial residual = 6.2989069e-06, Final residual = 2.2602398e-08, No Iterations 1
GAMG:  Solving for p, Initial residual = 3.6120512e-06, Final residual = 2.2937063e-08, No Iterations 6
time step continuity errors : sum local = 1.6622702e-09, global = -1.2774011e-17, cumulative = 2.7878689e-16
ExecutionTime = 10.27 s  ClockTime = 10 s

Time = 1236

DILUPBiCGStab:  Solving for Ux, Initial residual = 5.0680077e-06, Final residual = 1.9627597e-08, No Iterations 1
DILUPBiCGStab:  Solving for Uy, Initial residual = 6.270261e-06, Final residual = 2.2499449e-08, No Iterations 1
GAMG:  Solving for p, Initial residual = 3.5956627e-06, Final residual = 2.2832943e-08, No Iterations 6
time step continuity errors : sum local = 1.6547278e-09, global = -1.1722565e-17, cumulative = 2.6706433e-16
ExecutionTime = 10.28 s  ClockTime = 10 s

Time = 1237

DILUPBiCGStab:  Solving for Ux, Initial residual = 5.0449772e-06, Final residual = 1.9538456e-08, No Iterations 1
DILUPBiCGStab:  Solving for Uy, Initial residual = 6.2417454e-06, Final residual = 2.239697e-08, No Iterations 1
GAMG:  Solving for p, Initial residual = 3.5793484e-06, Final residual = 2.2729297e-08, No Iterations 6
time step continuity errors : sum local = 1.6472197e-09, global = -4.8323627e-18, cumulative = 2.6223196e-16
ExecutionTime = 10.28 s  ClockTime = 10 s

Time = 1238

DILUPBiCGStab:  Solving for Ux, Initial residual = 5.0220514e-06, Final residual = 1.944972e-08, No Iterations 1
DILUPBiCGStab:  Solving for Uy, Initial residual = 6.2133597e-06, Final residual = 2.2294959e-08, No Iterations 1
GAMG:  Solving for p, Initial residual = 3.5631081e-06, Final residual = 2.2626123e-08, No Iterations 6
time step continuity errors : sum local = 1.6397457e-09, global = 4.9141278e-18, cumulative = 2.6714609e-16
ExecutionTime = 10.29 s  ClockTime = 10 s

Time = 1239

DILUPBiCGStab:  Solving for Ux, Initial residual = 4.9992299e-06, Final residual = 1.9361386e-08, No Iterations 1
DILUPBiCGStab:  Solving for Uy, Initial residual = 6.1851031e-06, Final residual = 2.2193411e-08, No Iterations 1
GAMG:  Solving for p, Initial residual = 3.5469414e-06, Final residual = 2.2523412e-08, No Iterations 6
time step continuity errors : sum local = 1.6323053e-09, global = 1.4850274e-17, cumulative = 2.8199637e-16
ExecutionTime = 10.3 s  ClockTime = 10 s

Time = 1240

DILUPBiCGStab:  Solving for Ux, Initial residual = 4.976512e-06, Final residual = 1.9273454e-08, No Iterations 1
DILUPBiCGStab:  Solving for Uy, Initial residual = 6.1569752e-06, Final residual = 2.2092329e-08, No Iterations 1
GAMG:  Solving for p, Initial residual = 3.5308479e-06, Final residual = 2.2421165e-08, No Iterations 6
time step continuity errors : sum local = 1.6248982e-09, global = -2.3230157e-17, cumulative = 2.5876621e-16
ExecutionTime = 10.31 s  ClockTime = 10 s

Time = 1241

DILUPBiCGStab:  Solving for Ux, Initial residual = 4.9538974e-06, Final residual = 1.9185921e-08, No Iterations 1
DILUPBiCGStab:  Solving for Uy, Initial residual = 6.1289753e-06, Final residual = 2.1991709e-08, No Iterations 1
GAMG:  Solving for p, Initial residual = 3.5148273e-06, Final residual = 2.2319387e-08, No Iterations 6
time step continuity errors : sum local = 1.6175255e-09, global = -3.0189048e-18, cumulative = 2.5574731e-16
ExecutionTime = 10.32 s  ClockTime = 10 s

Time = 1242

DILUPBiCGStab:  Solving for Ux, Initial residual = 4.9313855e-06, Final residual = 1.9098785e-08, No Iterations 1
DILUPBiCGStab:  Solving for Uy, Initial residual = 6.1011028e-06, Final residual = 2.1891547e-08, No Iterations 1
GAMG:  Solving for p, Initial residual = 3.4988793e-06, Final residual = 2.2218075e-08, No Iterations 6
time step continuity errors : sum local = 1.6101863e-09, global = 1.6313378e-17, cumulative = 2.7206068e-16
ExecutionTime = 10.33 s  ClockTime = 10 s

Time = 1243

DILUPBiCGStab:  Solving for Ux, Initial residual = 4.908976e-06, Final residual = 1.9012045e-08, No Iterations 1
DILUPBiCGStab:  Solving for Uy, Initial residual = 6.0733572e-06, Final residual = 2.1791844e-08, No Iterations 1
GAMG:  Solving for p, Initial residual = 3.4830036e-06, Final residual = 2.2117221e-08, No Iterations 6
time step continuity errors : sum local = 1.6028802e-09, global = 2.0974852e-17, cumulative = 2.9303554e-16
ExecutionTime = 10.33 s  ClockTime = 10 s

Time = 1244

DILUPBiCGStab:  Solving for Ux, Initial residual = 4.8866683e-06, Final residual = 1.8925698e-08, No Iterations 1
DILUPBiCGStab:  Solving for Uy, Initial residual = 6.0457379e-06, Final residual = 2.1692596e-08, No Iterations 1
GAMG:  Solving for p, Initial residual = 3.4671999e-06, Final residual = 2.2016826e-08, No Iterations 6
time step continuity errors : sum local = 1.5956074e-09, global = 2.0157544e-17, cumulative = 3.1319308e-16
ExecutionTime = 10.34 s  ClockTime = 10 s

Time = 1245

DILUPBiCGStab:  Solving for Ux, Initial residual = 4.864462e-06, Final residual = 1.8839744e-08, No Iterations 1
DILUPBiCGStab:  Solving for Uy, Initial residual = 6.0182443e-06, Final residual = 2.1593802e-08, No Iterations 1
GAMG:  Solving for p, Initial residual = 3.4514678e-06, Final residual = 2.1916888e-08, No Iterations 6
time step continuity errors : sum local = 1.5883677e-09, global = -4.5562564e-18, cumulative = 3.0863682e-16
ExecutionTime = 10.35 s  ClockTime = 10 s

Time = 1246

DILUPBiCGStab:  Solving for Ux, Initial residual = 4.8423567e-06, Final residual = 1.875418e-08, No Iterations 1
DILUPBiCGStab:  Solving for Uy, Initial residual = 5.9908758e-06, Final residual = 2.1495459e-08, No Iterations 1
GAMG:  Solving for p, Initial residual = 3.435807e-06, Final residual = 2.1817403e-08, No Iterations 6
time step continuity errors : sum local = 1.5811607e-09, global = 3.6273657e-18, cumulative = 3.1226419e-16
ExecutionTime = 10.36 s  ClockTime = 10 s

Time = 1247

DILUPBiCGStab:  Solving for Ux, Initial residual = 4.8203518e-06, Final residual = 1.8669004e-08, No Iterations 1
DILUPBiCGStab:  Solving for Uy, Initial residual = 5.9636319e-06, Final residual = 2.1397566e-08, No Iterations 1
GAMG:  Solving for p, Initial residual = 3.4202172e-06, Final residual = 2.1718368e-08, No Iterations 6
time step continuity errors : sum local = 1.5739863e-09, global = -1.5863273e-17, cumulative = 2.9640092e-16
ExecutionTime = 10.36 s  ClockTime = 10 s

Time = 1248

DILUPBiCGStab:  Solving for Ux, Initial residual = 4.7984469e-06, Final residual = 1.8584216e-08, No Iterations 1
DILUPBiCGStab:  Solving for Uy, Initial residual = 5.936512e-06, Final residual = 2.1300121e-08, No Iterations 1
GAMG:  Solving for p, Initial residual = 3.404698e-06, Final residual = 2.1619785e-08, No Iterations 6
time step continuity errors : sum local = 1.5668448e-09, global = 3.2060197e-18, cumulative = 2.9960694e-16
ExecutionTime = 10.37 s  ClockTime = 11 s

Time = 1249

DILUPBiCGStab:  Solving for Ux, Initial residual = 4.7766416e-06, Final residual = 1.8499812e-08, No Iterations 1
DILUPBiCGStab:  Solving for Uy, Initial residual = 5.9095156e-06, Final residual = 2.120312e-08, No Iterations 1
GAMG:  Solving for p, Initial residual = 3.3892491e-06, Final residual = 2.1521643e-08, No Iterations 6
time step continuity errors : sum local = 1.559735e-09, global = -2.3169077e-17, cumulative = 2.7643786e-16
ExecutionTime = 10.38 s  ClockTime = 11 s

Time = 1250

DILUPBiCGStab:  Solving for Ux, Initial residual = 4.7549353e-06, Final residual = 1.8415791e-08, No Iterations 1
DILUPBiCGStab:  Solving for Uy, Initial residual = 5.882642e-06, Final residual = 2.1106562e-08, No Iterations 1
GAMG:  Solving for p, Initial residual = 3.3738703e-06, Final residual = 2.1423945e-08, No Iterations 6
time step continuity errors : sum local = 1.5526573e-09, global = -1.1648596e-17, cumulative = 2.6478926e-16
ExecutionTime = 10.39 s  ClockTime = 11 s

Time = 1251

DILUPBiCGStab:  Solving for Ux, Initial residual = 4.7333278e-06, Final residual = 1.8332152e-08, No Iterations 1
DILUPBiCGStab:  Solving for Uy, Initial residual = 5.8558908e-06, Final residual = 2.1010445e-08, No Iterations 1
GAMG:  Solving for p, Initial residual = 3.358561e-06, Final residual = 2.132669e-08, No Iterations 6
time step continuity errors : sum local = 1.5456118e-09, global = -1.7993375e-17, cumulative = 2.4679589e-16
ExecutionTime = 10.4 s  ClockTime = 11 s

Time = 1252

DILUPBiCGStab:  Solving for Ux, Initial residual = 4.7118185e-06, Final residual = 1.8248892e-08, No Iterations 1
DILUPBiCGStab:  Solving for Uy, Initial residual = 5.8292614e-06, Final residual = 2.0914767e-08, No Iterations 1
GAMG:  Solving for p, Initial residual = 3.3433212e-06, Final residual = 2.122988e-08, No Iterations 6
time step continuity errors : sum local = 1.5385986e-09, global = 1.2930964e-17, cumulative = 2.5972685e-16
ExecutionTime = 10.41 s  ClockTime = 11 s

Time = 1253

DILUPBiCGStab:  Solving for Ux, Initial residual = 4.6904069e-06, Final residual = 1.8166011e-08, No Iterations 1
DILUPBiCGStab:  Solving for Uy, Initial residual = 5.8027531e-06, Final residual = 2.0819527e-08, No Iterations 1
GAMG:  Solving for p, Initial residual = 3.3281505e-06, Final residual = 2.1133506e-08, No Iterations 6
time step continuity errors : sum local = 1.5316167e-09, global = 3.2185929e-19, cumulative = 2.6004871e-16
ExecutionTime = 10.41 s  ClockTime = 11 s

Time = 1254

DILUPBiCGStab:  Solving for Ux, Initial residual = 4.6690927e-06, Final residual = 1.8083506e-08, No Iterations 1
DILUPBiCGStab:  Solving for Uy, Initial residual = 5.7763655e-06, Final residual = 2.072472e-08, No Iterations 1
GAMG:  Solving for p, Initial residual = 3.3130486e-06, Final residual = 2.103757e-08, No Iterations 6
time step continuity errors : sum local = 1.5246667e-09, global = 3.226817e-17, cumulative = 2.9231688e-16
ExecutionTime = 10.42 s  ClockTime = 11 s

Time = 1255

DILUPBiCGStab:  Solving for Ux, Initial residual = 4.6478753e-06, Final residual = 1.8001376e-08, No Iterations 1
DILUPBiCGStab:  Solving for Uy, Initial residual = 5.750098e-06, Final residual = 2.0630347e-08, No Iterations 1
GAMG:  Solving for p, Initial residual = 3.2980151e-06, Final residual = 2.0942075e-08, No Iterations 6
time step continuity errors : sum local = 1.5177485e-09, global = -7.0911216e-18, cumulative = 2.8522576e-16
ExecutionTime = 10.43 s  ClockTime = 11 s

Time = 1256

DILUPBiCGStab:  Solving for Ux, Initial residual = 4.6267544e-06, Final residual = 1.7919618e-08, No Iterations 1
DILUPBiCGStab:  Solving for Uy, Initial residual = 5.72395e-06, Final residual = 2.0536405e-08, No Iterations 1
GAMG:  Solving for p, Initial residual = 3.2830497e-06, Final residual = 2.084701e-08, No Iterations 6
time step continuity errors : sum local = 1.5108616e-09, global = 3.4733909e-18, cumulative = 2.8869915e-16
ExecutionTime = 10.44 s  ClockTime = 11 s

Time = 1257

DILUPBiCGStab:  Solving for Ux, Initial residual = 4.6057294e-06, Final residual = 1.7838232e-08, No Iterations 1
DILUPBiCGStab:  Solving for Uy, Initial residual = 5.6979211e-06, Final residual = 2.0442891e-08, No Iterations 1
GAMG:  Solving for p, Initial residual = 3.2681522e-06, Final residual = 2.0752376e-08, No Iterations 6
time step continuity errors : sum local = 1.5040057e-09, global = -7.3169882e-18, cumulative = 2.8138216e-16
ExecutionTime = 10.45 s  ClockTime = 11 s

Time = 1258

DILUPBiCGStab:  Solving for Ux, Initial residual = 4.5848e-06, Final residual = 1.7757215e-08, No Iterations 1
DILUPBiCGStab:  Solving for Uy, Initial residual = 5.6720106e-06, Final residual = 2.0349805e-08, No Iterations 1
GAMG:  Solving for p, Initial residual = 3.2533221e-06, Final residual = 2.0658173e-08, No Iterations 6
time step continuity errors : sum local = 1.4971812e-09, global = -1.0678822e-17, cumulative = 2.7070334e-16
ExecutionTime = 10.46 s  ClockTime = 11 s

Time = 1259

DILUPBiCGStab:  Solving for Ux, Initial residual = 4.5639658e-06, Final residual = 1.7676566e-08, No Iterations 1
DILUPBiCGStab:  Solving for Uy, Initial residual = 5.646218e-06, Final residual = 2.0257143e-08, No Iterations 1
GAMG:  Solving for p, Initial residual = 3.2385593e-06, Final residual = 2.0564395e-08, No Iterations 6
time step continuity errors : sum local = 1.4903873e-09, global = -9.8459639e-19, cumulative = 2.6971874e-16
ExecutionTime = 10.46 s  ClockTime = 11 s

Time = 1260

DILUPBiCGStab:  Solving for Ux, Initial residual = 4.5432262e-06, Final residual = 1.7596283e-08, No Iterations 1
DILUPBiCGStab:  Solving for Uy, Initial residual = 5.6205428e-06, Final residual = 2.0164915e-08, No Iterations 1
GAMG:  Solving for p, Initial residual = 3.2238634e-06, Final residual = 2.0471049e-08, No Iterations 6
time step continuity errors : sum local = 1.4836248e-09, global = -6.7928601e-18, cumulative = 2.6292588e-16
ExecutionTime = 10.47 s  ClockTime = 11 s

Time = 1261

DILUPBiCGStab:  Solving for Ux, Initial residual = 4.5225809e-06, Final residual = 1.7516365e-08, No Iterations 1
DILUPBiCGStab:  Solving for Uy, Initial residual = 5.5949844e-06, Final residual = 2.0073109e-08, No Iterations 1
GAMG:  Solving for p, Initial residual = 3.209234e-06, Final residual = 2.0378121e-08, No Iterations 6
time step continuity errors : sum local = 1.4768925e-09, global = -1.9313873e-17, cumulative = 2.4361201e-16
ExecutionTime = 10.48 s  ClockTime = 11 s

Time = 1262

DILUPBiCGStab:  Solving for Ux, Initial residual = 4.5020294e-06, Final residual = 1.7436809e-08, No Iterations 1
DILUPBiCGStab:  Solving for Uy, Initial residual = 5.5695424e-06, Final residual = 1.9981716e-08, No Iterations 1
GAMG:  Solving for p, Initial residual = 3.1946711e-06, Final residual = 2.0285617e-08, No Iterations 6
time step continuity errors : sum local = 1.4701909e-09, global = -4.9020708e-19, cumulative = 2.431218e-16
ExecutionTime = 10.49 s  ClockTime = 11 s

Time = 1263

DILUPBiCGStab:  Solving for Ux, Initial residual = 4.4815713e-06, Final residual = 1.7357615e-08, No Iterations 1
DILUPBiCGStab:  Solving for Uy, Initial residual = 5.5442161e-06, Final residual = 1.9890737e-08, No Iterations 1
GAMG:  Solving for p, Initial residual = 3.1801741e-06, Final residual = 2.0193535e-08, No Iterations 6
time step continuity errors : sum local = 1.4635199e-09, global = 2.8271961e-17, cumulative = 2.7139376e-16
ExecutionTime = 10.5 s  ClockTime = 11 s

Time = 1264

DILUPBiCGStab:  Solving for Ux, Initial residual = 4.4612062e-06, Final residual = 1.727878e-08, No Iterations 1
DILUPBiCGStab:  Solving for Uy, Initial residual = 5.5190051e-06, Final residual = 1.9800173e-08, No Iterations 1
GAMG:  Solving for p, Initial residual = 3.1657429e-06, Final residual = 2.0101869e-08, No Iterations 6
time step continuity errors : sum local = 1.4568789e-09, global = 3.0894653e-17, cumulative = 3.0228842e-16
ExecutionTime = 10.51 s  ClockTime = 11 s

Time = 1265

DILUPBiCGStab:  Solving for Ux, Initial residual = 4.4409337e-06, Final residual = 1.7200304e-08, No Iterations 1
DILUPBiCGStab:  Solving for Uy, Initial residual = 5.4939089e-06, Final residual = 1.9710021e-08, No Iterations 1
GAMG:  Solving for p, Initial residual = 3.1513771e-06, Final residual = 2.0010617e-08, No Iterations 6
time step continuity errors : sum local = 1.450268e-09, global = -4.1761371e-18, cumulative = 2.9811228e-16
ExecutionTime = 10.51 s  ClockTime = 11 s

Time = 1266

DILUPBiCGStab:  Solving for Ux, Initial residual = 4.4207532e-06, Final residual = 1.7122183e-08, No Iterations 1
DILUPBiCGStab:  Solving for Uy, Initial residual = 5.4689268e-06, Final residual = 1.9620281e-08, No Iterations 1
GAMG:  Solving for p, Initial residual = 3.1370763e-06, Final residual = 1.991978e-08, No Iterations 6
time step continuity errors : sum local = 1.443687e-09, global = -1.3693479e-17, cumulative = 2.844188e-16
ExecutionTime = 10.52 s  ClockTime = 11 s

Time = 1267

DILUPBiCGStab:  Solving for Ux, Initial residual = 4.4006646e-06, Final residual = 1.7044417e-08, No Iterations 1
DILUPBiCGStab:  Solving for Uy, Initial residual = 5.4440585e-06, Final residual = 1.953095e-08, No Iterations 1
GAMG:  Solving for p, Initial residual = 3.1228404e-06, Final residual = 1.9829357e-08, No Iterations 6
time step continuity errors : sum local = 1.4371361e-09, global = -2.2291022e-17, cumulative = 2.6212778e-16
ExecutionTime = 10.53 s  ClockTime = 11 s

Time = 1268

DILUPBiCGStab:  Solving for Ux, Initial residual = 4.3806672e-06, Final residual = 1.6967005e-08, No Iterations 1
DILUPBiCGStab:  Solving for Uy, Initial residual = 5.4193033e-06, Final residual = 1.9442027e-08, No Iterations 1
GAMG:  Solving for p, Initial residual = 3.108669e-06, Final residual = 1.9739338e-08, No Iterations 6
time step continuity errors : sum local = 1.4306144e-09, global = -3.2802939e-18, cumulative = 2.5884749e-16
ExecutionTime = 10.54 s  ClockTime = 11 s

Time = 1269

DILUPBiCGStab:  Solving for Ux, Initial residual = 4.3607607e-06, Final residual = 1.6889943e-08, No Iterations 1
DILUPBiCGStab:  Solving for Uy, Initial residual = 5.3946608e-06, Final residual = 1.935351e-08, No Iterations 1
GAMG:  Solving for p, Initial residual = 3.0945618e-06, Final residual = 1.9649734e-08, No Iterations 6
time step continuity errors : sum local = 1.4241227e-09, global = -1.477424e-18, cumulative = 2.5737006e-16
ExecutionTime = 10.55 s  ClockTime = 11 s

Time = 1270

DILUPBiCGStab:  Solving for Ux, Initial residual = 4.3409446e-06, Final residual = 1.6813232e-08, No Iterations 1
DILUPBiCGStab:  Solving for Uy, Initial residual = 5.3701304e-06, Final residual = 1.9265397e-08, No Iterations 1
GAMG:  Solving for p, Initial residual = 3.0805186e-06, Final residual = 1.9560534e-08, No Iterations 6
time step continuity errors : sum local = 1.4176602e-09, global = -1.8493284e-17, cumulative = 2.3887678e-16
ExecutionTime = 10.56 s  ClockTime = 11 s

Time = 1271

DILUPBiCGStab:  Solving for Ux, Initial residual = 4.3212187e-06, Final residual = 1.6736869e-08, No Iterations 1
DILUPBiCGStab:  Solving for Uy, Initial residual = 5.3457116e-06, Final residual = 1.9177686e-08, No Iterations 1
GAMG:  Solving for p, Initial residual = 3.0665391e-06, Final residual = 1.9471742e-08, No Iterations 6
time step continuity errors : sum local = 1.4112274e-09, global = -5.1069337e-18, cumulative = 2.3376984e-16
ExecutionTime = 10.56 s  ClockTime = 11 s

Time = 1272

DILUPBiCGStab:  Solving for Ux, Initial residual = 4.3015824e-06, Final residual = 1.6660853e-08, No Iterations 1
DILUPBiCGStab:  Solving for Uy, Initial residual = 5.321404e-06, Final residual = 1.9090376e-08, No Iterations 1
GAMG:  Solving for p, Initial residual = 3.0526229e-06, Final residual = 1.9383352e-08, No Iterations 6
time step continuity errors : sum local = 1.4048237e-09, global = -1.2650516e-17, cumulative = 2.2111933e-16
ExecutionTime = 10.57 s  ClockTime = 11 s

Time = 1273

DILUPBiCGStab:  Solving for Ux, Initial residual = 4.2820353e-06, Final residual = 1.6585182e-08, No Iterations 1
DILUPBiCGStab:  Solving for Uy, Initial residual = 5.297207e-06, Final residual = 1.9003463e-08, No Iterations 1
GAMG:  Solving for p, Initial residual = 3.0387697e-06, Final residual = 1.9295359e-08, No Iterations 6
time step continuity errors : sum local = 1.3984486e-09, global = 2.1838892e-19, cumulative = 2.2133772e-16
ExecutionTime = 10.58 s  ClockTime = 11 s

Time = 1274

DILUPBiCGStab:  Solving for Ux, Initial residual = 4.2625771e-06, Final residual = 1.6509854e-08, No Iterations 1
DILUPBiCGStab:  Solving for Uy, Initial residual = 5.2731201e-06, Final residual = 1.8916948e-08, No Iterations 1
GAMG:  Solving for p, Initial residual = 3.0249794e-06, Final residual = 1.9207766e-08, No Iterations 6
time step continuity errors : sum local = 1.3921024e-09, global = -7.2132664e-18, cumulative = 2.1412445e-16
ExecutionTime = 10.59 s  ClockTime = 11 s

Time = 1275

DILUPBiCGStab:  Solving for Ux, Initial residual = 4.2432073e-06, Final residual = 1.6434869e-08, No Iterations 1
DILUPBiCGStab:  Solving for Uy, Initial residual = 5.2491428e-06, Final residual = 1.8830827e-08, No Iterations 1
GAMG:  Solving for p, Initial residual = 3.0112516e-06, Final residual = 1.9120576e-08, No Iterations 6
time step continuity errors : sum local = 1.3857856e-09, global = 7.6865593e-19, cumulative = 2.1489311e-16
ExecutionTime = 10.6 s  ClockTime = 11 s

Time = 1276

DILUPBiCGStab:  Solving for Ux, Initial residual = 4.2239255e-06, Final residual = 1.6360224e-08, No Iterations 1
DILUPBiCGStab:  Solving for Uy, Initial residual = 5.2252746e-06, Final residual = 1.8745099e-08, No Iterations 1
GAMG:  Solving for p, Initial residual = 2.997586e-06, Final residual = 1.9033776e-08, No Iterations 6
time step continuity errors : sum local = 1.379497e-09, global = -4.6021682e-19, cumulative = 2.1443289e-16
ExecutionTime = 10.61 s  ClockTime = 11 s

Time = 1277

DILUPBiCGStab:  Solving for Ux, Initial residual = 4.2047314e-06, Final residual = 1.6285918e-08, No Iterations 1
DILUPBiCGStab:  Solving for Uy, Initial residual = 5.201515e-06, Final residual = 1.8659762e-08, No Iterations 1
GAMG:  Solving for p, Initial residual = 2.9839824e-06, Final residual = 1.8947372e-08, No Iterations 6
time step continuity errors : sum local = 1.373237e-09, global = -1.6616338e-17, cumulative = 1.9781655e-16
ExecutionTime = 10.61 s  ClockTime = 11 s

Time = 1278

DILUPBiCGStab:  Solving for Ux, Initial residual = 4.1856245e-06, Final residual = 1.621195e-08, No Iterations 1
DILUPBiCGStab:  Solving for Uy, Initial residual = 5.1778636e-06, Final residual = 1.8574815e-08, No Iterations 1
GAMG:  Solving for p, Initial residual = 2.9704404e-06, Final residual = 1.8861361e-08, No Iterations 6
time step continuity errors : sum local = 1.3670053e-09, global = 4.6062181e-18, cumulative = 2.0242277e-16
ExecutionTime = 10.62 s  ClockTime = 11 s

Time = 1279

DILUPBiCGStab:  Solving for Ux, Initial residual = 4.1666044e-06, Final residual = 1.6138317e-08, No Iterations 1
DILUPBiCGStab:  Solving for Uy, Initial residual = 5.1543197e-06, Final residual = 1.8490256e-08, No Iterations 1
GAMG:  Solving for p, Initial residual = 2.9569598e-06, Final residual = 1.877574e-08, No Iterations 6
time step continuity errors : sum local = 1.3608021e-09, global = 2.6959484e-17, cumulative = 2.2938225e-16
ExecutionTime = 10.63 s  ClockTime = 11 s

Time = 1280

DILUPBiCGStab:  Solving for Ux, Initial residual = 4.1476708e-06, Final residual = 1.6065019e-08, No Iterations 1
DILUPBiCGStab:  Solving for Uy, Initial residual = 5.1308831e-06, Final residual = 1.8406082e-08, No Iterations 1
GAMG:  Solving for p, Initial residual = 2.9435404e-06, Final residual = 1.8690509e-08, No Iterations 6
time step continuity errors : sum local = 1.354627e-09, global = -1.322769e-17, cumulative = 2.1615456e-16
ExecutionTime = 10.64 s  ClockTime = 11 s

Time = 1281

DILUPBiCGStab:  Solving for Ux, Initial residual = 4.1288233e-06, Final residual = 1.5992053e-08, No Iterations 1
DILUPBiCGStab:  Solving for Uy, Initial residual = 5.107553e-06, Final residual = 1.8322293e-08, No Iterations 1
GAMG:  Solving for p, Initial residual = 2.9301817e-06, Final residual = 1.8605662e-08, No Iterations 6
time step continuity errors : sum local = 1.3484798e-09, global = 4.6977374e-18, cumulative = 2.208523e-16
ExecutionTime = 10.65 s  ClockTime = 11 s

Time = 1282

DILUPBiCGStab:  Solving for Ux, Initial residual = 4.1100614e-06, Final residual = 1.5919419e-08, No Iterations 1
DILUPBiCGStab:  Solving for Uy, Initial residual = 5.0843291e-06, Final residual = 1.8238885e-08, No Iterations 1
GAMG:  Solving for p, Initial residual = 2.9168836e-06, Final residual = 1.8521198e-08, No Iterations 6
time step continuity errors : sum local = 1.3423601e-09, global = 1.9283208e-17, cumulative = 2.4013551e-16
ExecutionTime = 10.66 s  ClockTime = 11 s

Time = 1283

DILUPBiCGStab:  Solving for Ux, Initial residual = 4.0913848e-06, Final residual = 1.5847114e-08, No Iterations 1
DILUPBiCGStab:  Solving for Uy, Initial residual = 5.061211e-06, Final residual = 1.8155859e-08, No Iterations 1
GAMG:  Solving for p, Initial residual = 2.9036459e-06, Final residual = 1.8437121e-08, No Iterations 6
time step continuity errors : sum local = 1.3362687e-09, global = 2.6194044e-17, cumulative = 2.6632955e-16
ExecutionTime = 10.67 s  ClockTime = 11 s

Time = 1284

DILUPBiCGStab:  Solving for Ux, Initial residual = 4.072793e-06, Final residual = 1.5775138e-08, No Iterations 1
DILUPBiCGStab:  Solving for Uy, Initial residual = 5.038198e-06, Final residual = 1.8073211e-08, No Iterations 1
GAMG:  Solving for p, Initial residual = 2.8904682e-06, Final residual = 1.8353427e-08, No Iterations 6
time step continuity errors : sum local = 1.3302048e-09, global = -1.7027745e-18, cumulative = 2.6462678e-16
ExecutionTime = 10.67 s  ClockTime = 11 s

Time = 1285

DILUPBiCGStab:  Solving for Ux, Initial residual = 4.0542858e-06, Final residual = 1.5703489e-08, No Iterations 1
DILUPBiCGStab:  Solving for Uy, Initial residual = 5.0152897e-06, Final residual = 1.799094e-08, No Iterations 1
GAMG:  Solving for p, Initial residual = 2.8773502e-06, Final residual = 1.827011e-08, No Iterations 6
time step continuity errors : sum local = 1.3241684e-09, global = 2.8212113e-17, cumulative = 2.9283889e-16
ExecutionTime = 10.68 s  ClockTime = 11 s

Time = 1286

DILUPBiCGStab:  Solving for Ux, Initial residual = 4.0358626e-06, Final residual = 1.5632165e-08, No Iterations 1
DILUPBiCGStab:  Solving for Uy, Initial residual = 4.9924856e-06, Final residual = 1.7909045e-08, No Iterations 1
GAMG:  Solving for p, Initial residual = 2.8642917e-06, Final residual = 1.818717e-08, No Iterations 6
time step continuity errors : sum local = 1.3181591e-09, global = -3.0187195e-17, cumulative = 2.626517e-16
ExecutionTime = 10.69 s  ClockTime = 11 s

Time = 1287

DILUPBiCGStab:  Solving for Ux, Initial residual = 4.0175232e-06, Final residual = 1.5561165e-08, No Iterations 1
DILUPBiCGStab:  Solving for Uy, Initial residual = 4.9697854e-06, Final residual = 1.7827523e-08, No Iterations 1
GAMG:  Solving for p, Initial residual = 2.8512923e-06, Final residual = 1.810461e-08, No Iterations 6
time step continuity errors : sum local = 1.3121774e-09, global = 1.6484386e-17, cumulative = 2.7913608e-16
ExecutionTime = 10.7 s  ClockTime = 11 s

Time = 1288

DILUPBiCGStab:  Solving for Ux, Initial residual = 3.9992672e-06, Final residual = 1.5490487e-08, No Iterations 1
DILUPBiCGStab:  Solving for Uy, Initial residual = 4.9471884e-06, Final residual = 1.7746373e-08, No Iterations 1
GAMG:  Solving for p, Initial residual = 2.8383519e-06, Final residual = 1.8022422e-08, No Iterations 6
time step continuity errors : sum local = 1.3062227e-09, global = -1.6173446e-17, cumulative = 2.6296264e-16
ExecutionTime = 10.7 s  ClockTime = 11 s

Time = 1289

DILUPBiCGStab:  Solving for Ux, Initial residual = 3.9810941e-06, Final residual = 1.542013e-08, No Iterations 1
DILUPBiCGStab:  Solving for Uy, Initial residual = 4.9246942e-06, Final residual = 1.7665593e-08, No Iterations 1
GAMG:  Solving for p, Initial residual = 2.8254702e-06, Final residual = 1.7940609e-08, No Iterations 6
time step continuity errors : sum local = 1.300295e-09, global = -2.0416829e-17, cumulative = 2.4254581e-16
ExecutionTime = 10.71 s  ClockTime = 11 s

Time = 1290

DILUPBiCGStab:  Solving for Ux, Initial residual = 3.9630036e-06, Final residual = 1.5350093e-08, No Iterations 1
DILUPBiCGStab:  Solving for Uy, Initial residual = 4.9023024e-06, Final residual = 1.7585182e-08, No Iterations 1
GAMG:  Solving for p, Initial residual = 2.8126469e-06, Final residual = 1.7859166e-08, No Iterations 6
time step continuity errors : sum local = 1.2943942e-09, global = 2.1941211e-17, cumulative = 2.6448702e-16
ExecutionTime = 10.72 s  ClockTime = 11 s

Time = 1291

DILUPBiCGStab:  Solving for Ux, Initial residual = 3.9449953e-06, Final residual = 1.5280373e-08, No Iterations 1
DILUPBiCGStab:  Solving for Uy, Initial residual = 4.8800125e-06, Final residual = 1.7505138e-08, No Iterations 1
GAMG:  Solving for p, Initial residual = 2.7998817e-06, Final residual = 1.7778092e-08, No Iterations 6
time step continuity errors : sum local = 1.2885201e-09, global = 2.0825165e-17, cumulative = 2.8531218e-16
ExecutionTime = 10.73 s  ClockTime = 11 s

Time = 1292

DILUPBiCGStab:  Solving for Ux, Initial residual = 3.9270688e-06, Final residual = 1.521097e-08, No Iterations 1
DILUPBiCGStab:  Solving for Uy, Initial residual = 4.857824e-06, Final residual = 1.7425459e-08, No Iterations 1
GAMG:  Solving for p, Initial residual = 2.7871744e-06, Final residual = 1.7697384e-08, No Iterations 6
time step continuity errors : sum local = 1.2826725e-09, global = 4.5177693e-18, cumulative = 2.8982995e-16
ExecutionTime = 10.74 s  ClockTime = 11 s

Time = 1293

DILUPBiCGStab:  Solving for Ux, Initial residual = 3.9092239e-06, Final residual = 1.5141883e-08, No Iterations 1
DILUPBiCGStab:  Solving for Uy, Initial residual = 4.8357365e-06, Final residual = 1.7346144e-08, No Iterations 1
GAMG:  Solving for p, Initial residual = 2.7745247e-06, Final residual = 1.7617044e-08, No Iterations 6
time step continuity errors : sum local = 1.2768515e-09, global = -3.5793495e-18, cumulative = 2.862506e-16
ExecutionTime = 10.75 s  ClockTime = 11 s

Time = 1294

DILUPBiCGStab:  Solving for Ux, Initial residual = 3.89146e-06, Final residual = 1.5073109e-08, No Iterations 1
DILUPBiCGStab:  Solving for Uy, Initial residual = 4.8137495e-06, Final residual = 1.726719e-08, No Iterations 1
GAMG:  Solving for p, Initial residual = 2.7619324e-06, Final residual = 1.7537073e-08, No Iterations 6
time step continuity errors : sum local = 1.2710573e-09, global = -2.0787459e-17, cumulative = 2.6546314e-16
ExecutionTime = 10.76 s  ClockTime = 11 s

Time = 1295

DILUPBiCGStab:  Solving for Ux, Initial residual = 3.8737769e-06, Final residual = 1.5004647e-08, No Iterations 1
DILUPBiCGStab:  Solving for Uy, Initial residual = 4.7918625e-06, Final residual = 1.7188596e-08, No Iterations 1
GAMG:  Solving for p, Initial residual = 2.7493972e-06, Final residual = 1.745746e-08, No Iterations 6
time step continuity errors : sum local = 1.265289e-09, global = 1.0582922e-17, cumulative = 2.7604607e-16
ExecutionTime = 10.77 s  ClockTime = 11 s

Time = 1296

DILUPBiCGStab:  Solving for Ux, Initial residual = 3.8561741e-06, Final residual = 1.4936496e-08, No Iterations 1
DILUPBiCGStab:  Solving for Uy, Initial residual = 4.7700751e-06, Final residual = 1.7110361e-08, No Iterations 1
GAMG:  Solving for p, Initial residual = 2.7369187e-06, Final residual = 1.7378209e-08, No Iterations 6
time step continuity errors : sum local = 1.2595468e-09, global = -3.8361725e-18, cumulative = 2.7220989e-16
ExecutionTime = 10.78 s  ClockTime = 11 s

Time = 1297

DILUPBiCGStab:  Solving for Ux, Initial residual = 3.8386514e-06, Final residual = 1.4868655e-08, No Iterations 1
DILUPBiCGStab:  Solving for Uy, Initial residual = 4.7483869e-06, Final residual = 1.7032483e-08, No Iterations 1
GAMG:  Solving for p, Initial residual = 2.7244969e-06, Final residual = 1.7299321e-08, No Iterations 6
time step continuity errors : sum local = 1.2538311e-09, global = -2.760123e-17, cumulative = 2.4460866e-16
ExecutionTime = 10.78 s  ClockTime = 11 s

Time = 1298

DILUPBiCGStab:  Solving for Ux, Initial residual = 3.8212083e-06, Final residual = 1.4801121e-08, No Iterations 1
DILUPBiCGStab:  Solving for Uy, Initial residual = 4.7267973e-06, Final residual = 1.695496e-08, No Iterations 1
GAMG:  Solving for p, Initial residual = 2.7121314e-06, Final residual = 1.7220785e-08, No Iterations 6
time step continuity errors : sum local = 1.2481407e-09, global = -1.5499035e-17, cumulative = 2.2910963e-16
ExecutionTime = 10.79 s  ClockTime = 11 s

Time = 1299

DILUPBiCGStab:  Solving for Ux, Initial residual = 3.8038444e-06, Final residual = 1.4733895e-08, No Iterations 1
DILUPBiCGStab:  Solving for Uy, Initial residual = 4.705306e-06, Final residual = 1.6877791e-08, No Iterations 1
GAMG:  Solving for p, Initial residual = 2.6998219e-06, Final residual = 1.7142612e-08, No Iterations 6
time step continuity errors : sum local = 1.2424767e-09, global = -5.2860282e-18, cumulative = 2.238236e-16
ExecutionTime = 10.8 s  ClockTime = 11 s

Time = 1300

DILUPBiCGStab:  Solving for Ux, Initial residual = 3.7865595e-06, Final residual = 1.4666974e-08, No Iterations 1
DILUPBiCGStab:  Solving for Uy, Initial residual = 4.6839124e-06, Final residual = 1.6800973e-08, No Iterations 1
GAMG:  Solving for p, Initial residual = 2.6875683e-06, Final residual = 1.7064789e-08, No Iterations 6
time step continuity errors : sum local = 1.2368379e-09, global = 3.2605077e-18, cumulative = 2.2708411e-16
ExecutionTime = 10.81 s  ClockTime = 11 s

Time = 1301

DILUPBiCGStab:  Solving for Ux, Initial residual = 3.7693531e-06, Final residual = 1.4600356e-08, No Iterations 1
DILUPBiCGStab:  Solving for Uy, Initial residual = 4.6626162e-06, Final residual = 1.6724506e-08, No Iterations 1
GAMG:  Solving for p, Initial residual = 2.6753702e-06, Final residual = 1.698732e-08, No Iterations 6
time step continuity errors : sum local = 1.2312248e-09, global = -1.3509646e-17, cumulative = 2.1357446e-16
ExecutionTime = 10.82 s  ClockTime = 11 s

Time = 1302

DILUPBiCGStab:  Solving for Ux, Initial residual = 3.752225e-06, Final residual = 1.4533975e-08, No Iterations 1
DILUPBiCGStab:  Solving for Uy, Initial residual = 4.6414169e-06, Final residual = 1.6648388e-08, No Iterations 1
GAMG:  Solving for p, Initial residual = 2.6631206e-06, Final residual = 1.6910175e-08, No Iterations 6
time step continuity errors : sum local = 1.2256353e-09, global = -7.6649997e-18, cumulative = 2.0590946e-16
ExecutionTime = 10.83 s  ClockTime = 11 s

Time = 1303

DILUPBiCGStab:  Solving for Ux, Initial residual = 3.7351747e-06, Final residual = 1.4468071e-08, No Iterations 1
DILUPBiCGStab:  Solving for Uy, Initial residual = 4.6203141e-06, Final residual = 1.6572621e-08, No Iterations 1
GAMG:  Solving for p, Initial residual = 2.6509491e-06, Final residual = 1.6833368e-08, No Iterations 6
time step continuity errors : sum local = 1.2200703e-09, global = -3.6283027e-17, cumulative = 1.6962644e-16
ExecutionTime = 10.84 s  ClockTime = 11 s

Time = 1304

DILUPBiCGStab:  Solving for Ux, Initial residual = 3.7182018e-06, Final residual = 1.4402396e-08, No Iterations 1
DILUPBiCGStab:  Solving for Uy, Initial residual = 4.5993072e-06, Final residual = 1.6497208e-08, No Iterations 1
GAMG:  Solving for p, Initial residual = 2.638907e-06, Final residual = 1.6756919e-08, No Iterations 6
time step continuity errors : sum local = 1.2145311e-09, global = 5.423499e-18, cumulative = 1.7504993e-16
ExecutionTime = 10.84 s  ClockTime = 11 s

Time = 1305

DILUPBiCGStab:  Solving for Ux, Initial residual = 3.7013062e-06, Final residual = 1.4337005e-08, No Iterations 1
DILUPBiCGStab:  Solving for Uy, Initial residual = 4.5783959e-06, Final residual = 1.6422132e-08, No Iterations 1
GAMG:  Solving for p, Initial residual = 2.6269362e-06, Final residual = 1.6680825e-08, No Iterations 6
time step continuity errors : sum local = 1.2090176e-09, global = -2.6093313e-17, cumulative = 1.4895662e-16
ExecutionTime = 10.85 s  ClockTime = 11 s

Time = 1306

DILUPBiCGStab:  Solving for Ux, Initial residual = 3.6844873e-06, Final residual = 1.4271903e-08, No Iterations 1
DILUPBiCGStab:  Solving for Uy, Initial residual = 4.5575798e-06, Final residual = 1.6347396e-08, No Iterations 1
GAMG:  Solving for p, Initial residual = 2.6150198e-06, Final residual = 1.6605082e-08, No Iterations 6
time step continuity errors : sum local = 1.2035296e-09, global = -2.271921e-17, cumulative = 1.2623741e-16
ExecutionTime = 10.86 s  ClockTime = 11 s

Time = 1307

DILUPBiCGStab:  Solving for Ux, Initial residual = 3.6677448e-06, Final residual = 1.4207092e-08, No Iterations 1
DILUPBiCGStab:  Solving for Uy, Initial residual = 4.5368584e-06, Final residual = 1.6273e-08, No Iterations 1
GAMG:  Solving for p, Initial residual = 2.6031563e-06, Final residual = 1.6529689e-08, No Iterations 6
time step continuity errors : sum local = 1.1980668e-09, global = -1.707768e-17, cumulative = 1.0915973e-16
ExecutionTime = 10.87 s  ClockTime = 11 s

Time = 1308

DILUPBiCGStab:  Solving for Ux, Initial residual = 3.6510785e-06, Final residual = 1.4142572e-08, No Iterations 1
DILUPBiCGStab:  Solving for Uy, Initial residual = 4.5162312e-06, Final residual = 1.6198942e-08, No Iterations 1
GAMG:  Solving for p, Initial residual = 2.5913453e-06, Final residual = 1.6454644e-08, No Iterations 6
time step continuity errors : sum local = 1.1926293e-09, global = 1.1794722e-17, cumulative = 1.2095445e-16
ExecutionTime = 10.88 s  ClockTime = 11 s

Time = 1309

DILUPBiCGStab:  Solving for Ux, Initial residual = 3.6344879e-06, Final residual = 1.4078344e-08, No Iterations 1
DILUPBiCGStab:  Solving for Uy, Initial residual = 4.4956979e-06, Final residual = 1.6125222e-08, No Iterations 1
GAMG:  Solving for p, Initial residual = 2.579587e-06, Final residual = 1.6379938e-08, No Iterations 6
time step continuity errors : sum local = 1.1872163e-09, global = 1.1956704e-17, cumulative = 1.3291116e-16
ExecutionTime = 10.89 s  ClockTime = 11 s

Time = 1310

DILUPBiCGStab:  Solving for Ux, Initial residual = 3.6179727e-06, Final residual = 1.4014405e-08, No Iterations 1
DILUPBiCGStab:  Solving for Uy, Initial residual = 4.475258e-06, Final residual = 1.6051838e-08, No Iterations 1
GAMG:  Solving for p, Initial residual = 2.5678812e-06, Final residual = 1.6305575e-08, No Iterations 6
time step continuity errors : sum local = 1.181828e-09, global = -1.2990283e-17, cumulative = 1.1992087e-16
ExecutionTime = 10.89 s  ClockTime = 11 s

Time = 1311

DILUPBiCGStab:  Solving for Ux, Initial residual = 3.6015325e-06, Final residual = 1.3950756e-08, No Iterations 1
DILUPBiCGStab:  Solving for Uy, Initial residual = 4.4549112e-06, Final residual = 1.5978788e-08, No Iterations 1
GAMG:  Solving for p, Initial residual = 2.5562278e-06, Final residual = 1.6231549e-08, No Iterations 6
time step continuity errors : sum local = 1.1764643e-09, global = -2.7909061e-17, cumulative = 9.2011813e-17
ExecutionTime = 10.9 s  ClockTime = 11 s

Time = 1312

DILUPBiCGStab:  Solving for Ux, Initial residual = 3.5851671e-06, Final residual = 1.3887394e-08, No Iterations 1
DILUPBiCGStab:  Solving for Uy, Initial residual = 4.4346569e-06, Final residual = 1.5906071e-08, No Iterations 1
GAMG:  Solving for p, Initial residual = 2.5446267e-06, Final residual = 1.6157862e-08, No Iterations 6
time step continuity errors : sum local = 1.1711251e-09, global = 7.6227936e-18, cumulative = 9.9634607e-17
ExecutionTime = 10.91 s  ClockTime = 11 s

Time = 1313

DILUPBiCGStab:  Solving for Ux, Initial residual = 3.5688761e-06, Final residual = 1.382432e-08, No Iterations 1
DILUPBiCGStab:  Solving for Uy, Initial residual = 4.4144947e-06, Final residual = 1.5833686e-08, No Iterations 1
GAMG:  Solving for p, Initial residual = 2.5330779e-06, Final residual = 1.6084511e-08, No Iterations 6
time step continuity errors : sum local = 1.1658102e-09, global = 5.7901187e-18, cumulative = 1.0542473e-16
ExecutionTime = 10.92 s  ClockTime = 11 s

Time = 1314

DILUPBiCGStab:  Solving for Ux, Initial residual = 3.5526591e-06, Final residual = 1.3761532e-08, No Iterations 1
DILUPBiCGStab:  Solving for Uy, Initial residual = 4.3944243e-06, Final residual = 1.576163e-08, No Iterations 1
GAMG:  Solving for p, Initial residual = 2.5215811e-06, Final residual = 1.6011492e-08, No Iterations 6
time step continuity errors : sum local = 1.1605194e-09, global = 1.9442834e-17, cumulative = 1.2486756e-16
ExecutionTime = 10.92 s  ClockTime = 11 s

Time = 1315

DILUPBiCGStab:  Solving for Ux, Initial residual = 3.5365158e-06, Final residual = 1.3699028e-08, No Iterations 1
DILUPBiCGStab:  Solving for Uy, Initial residual = 4.3744452e-06, Final residual = 1.5689903e-08, No Iterations 1
GAMG:  Solving for p, Initial residual = 2.5101363e-06, Final residual = 1.5938802e-08, No Iterations 6
time step continuity errors : sum local = 1.1552525e-09, global = -9.9318584e-19, cumulative = 1.2387437e-16
ExecutionTime = 10.93 s  ClockTime = 11 s

Time = 1316

DILUPBiCGStab:  Solving for Ux, Initial residual = 3.5204458e-06, Final residual = 1.3636808e-08, No Iterations 1
DILUPBiCGStab:  Solving for Uy, Initial residual = 4.354557e-06, Final residual = 1.5618503e-08, No Iterations 1
GAMG:  Solving for p, Initial residual = 2.4987433e-06, Final residual = 1.5866444e-08, No Iterations 6
time step continuity errors : sum local = 1.1500093e-09, global = 1.8612662e-17, cumulative = 1.4248704e-16
ExecutionTime = 10.94 s  ClockTime = 11 s

Time = 1317

DILUPBiCGStab:  Solving for Ux, Initial residual = 3.5044489e-06, Final residual = 1.357487e-08, No Iterations 1
DILUPBiCGStab:  Solving for Uy, Initial residual = 4.3347593e-06, Final residual = 1.5547429e-08, No Iterations 1
GAMG:  Solving for p, Initial residual = 2.4874018e-06, Final residual = 1.5794416e-08, No Iterations 6
time step continuity errors : sum local = 1.1447903e-09, global = -1.4478837e-18, cumulative = 1.4103915e-16
ExecutionTime = 10.95 s  ClockTime = 11 s

Time = 1318

DILUPBiCGStab:  Solving for Ux, Initial residual = 3.4885247e-06, Final residual = 1.3513213e-08, No Iterations 1
DILUPBiCGStab:  Solving for Uy, Initial residual = 4.3150517e-06, Final residual = 1.5476679e-08, No Iterations 1
GAMG:  Solving for p, Initial residual = 2.4761116e-06, Final residual = 1.5722713e-08, No Iterations 6
time step continuity errors : sum local = 1.1395947e-09, global = 1.5789938e-17, cumulative = 1.5682909e-16
ExecutionTime = 10.96 s  ClockTime = 11 s

Time = 1319

DILUPBiCGStab:  Solving for Ux, Initial residual = 3.4726729e-06, Final residual = 1.3451836e-08, No Iterations 1
DILUPBiCGStab:  Solving for Uy, Initial residual = 4.2954337e-06, Final residual = 1.5406251e-08, No Iterations 1
GAMG:  Solving for p, Initial residual = 2.4648726e-06, Final residual = 1.5651339e-08, No Iterations 6
time step continuity errors : sum local = 1.134423e-09, global = 8.2253252e-18, cumulative = 1.6505442e-16
ExecutionTime = 10.96 s  ClockTime = 11 s

Time = 1320

DILUPBiCGStab:  Solving for Ux, Initial residual = 3.4568931e-06, Final residual = 1.3390738e-08, No Iterations 1
DILUPBiCGStab:  Solving for Uy, Initial residual = 4.275905e-06, Final residual = 1.5336144e-08, No Iterations 1
GAMG:  Solving for p, Initial residual = 2.4536845e-06, Final residual = 1.5580282e-08, No Iterations 6
time step continuity errors : sum local = 1.1292742e-09, global = -1.1805628e-17, cumulative = 1.5324879e-16
ExecutionTime = 10.97 s  ClockTime = 11 s

Time = 1321

DILUPBiCGStab:  Solving for Ux, Initial residual = 3.4411851e-06, Final residual = 1.3329917e-08, No Iterations 1
DILUPBiCGStab:  Solving for Uy, Initial residual = 4.2564651e-06, Final residual = 1.5266357e-08, No Iterations 1
GAMG:  Solving for p, Initial residual = 2.4425472e-06, Final residual = 1.5509551e-08, No Iterations 6
time step continuity errors : sum local = 1.1241492e-09, global = 7.7493191e-18, cumulative = 1.6099811e-16
ExecutionTime = 10.98 s  ClockTime = 11 s

Time = 1322

DILUPBiCGStab:  Solving for Ux, Initial residual = 3.4255484e-06, Final residual = 1.3269372e-08, No Iterations 1
DILUPBiCGStab:  Solving for Uy, Initial residual = 4.2371136e-06, Final residual = 1.5196888e-08, No Iterations 1
GAMG:  Solving for p, Initial residual = 2.4314603e-06, Final residual = 1.5439141e-08, No Iterations 6
time step continuity errors : sum local = 1.1190472e-09, global = 1.7917486e-17, cumulative = 1.7891559e-16
ExecutionTime = 10.99 s  ClockTime = 11 s

Time = 1323

DILUPBiCGStab:  Solving for Ux, Initial residual = 3.4099828e-06, Final residual = 1.3209102e-08, No Iterations 1
DILUPBiCGStab:  Solving for Uy, Initial residual = 4.2178502e-06, Final residual = 1.5127736e-08, No Iterations 1
GAMG:  Solving for p, Initial residual = 2.4204237e-06, Final residual = 1.536905e-08, No Iterations 6
time step continuity errors : sum local = 1.1139684e-09, global = -1.2733579e-17, cumulative = 1.6618202e-16
ExecutionTime = 11 s  ClockTime = 11 s

Time = 1324

DILUPBiCGStab:  Solving for Ux, Initial residual = 3.394488e-06, Final residual = 1.3149106e-08, No Iterations 1
DILUPBiCGStab:  Solving for Uy, Initial residual = 4.1986745e-06, Final residual = 1.5058899e-08, No Iterations 1
GAMG:  Solving for p, Initial residual = 2.4094371e-06, Final residual = 1.529928e-08, No Iterations 6
time step continuity errors : sum local = 1.1089129e-09, global = -3.7445738e-18, cumulative = 1.6243744e-16
ExecutionTime = 11.01 s  ClockTime = 11 s

Time = 1325

DILUPBiCGStab:  Solving for Ux, Initial residual = 3.3790635e-06, Final residual = 1.3089382e-08, No Iterations 1
DILUPBiCGStab:  Solving for Uy, Initial residual = 4.179586e-06, Final residual = 1.4990376e-08, No Iterations 1
GAMG:  Solving for p, Initial residual = 2.3985004e-06, Final residual = 1.5229823e-08, No Iterations 6
time step continuity errors : sum local = 1.1038798e-09, global = 2.9930439e-18, cumulative = 1.6543049e-16
ExecutionTime = 11.02 s  ClockTime = 11 s

Time = 1326

DILUPBiCGStab:  Solving for Ux, Initial residual = 3.3637092e-06, Final residual = 1.3029929e-08, No Iterations 1
DILUPBiCGStab:  Solving for Uy, Initial residual = 4.1605843e-06, Final residual = 1.4922165e-08, No Iterations 1
GAMG:  Solving for p, Initial residual = 2.3876133e-06, Final residual = 1.5160683e-08, No Iterations 6
time step continuity errors : sum local = 1.09887e-09, global = 1.2468854e-18, cumulative = 1.6667737e-16
ExecutionTime = 11.03 s  ClockTime = 11 s

Time = 1327

DILUPBiCGStab:  Solving for Ux, Initial residual = 3.3484246e-06, Final residual = 1.2970746e-08, No Iterations 1
DILUPBiCGStab:  Solving for Uy, Initial residual = 4.1416691e-06, Final residual = 1.4854265e-08, No Iterations 1
GAMG:  Solving for p, Initial residual = 2.3767755e-06, Final residual = 1.5091856e-08, No Iterations 6
time step continuity errors : sum local = 1.0938828e-09, global = -3.3616091e-18, cumulative = 1.6331576e-16
ExecutionTime = 11.04 s  ClockTime = 11 s

Time = 1328

DILUPBiCGStab:  Solving for Ux, Initial residual = 3.3332095e-06, Final residual = 1.2911832e-08, No Iterations 1
DILUPBiCGStab:  Solving for Uy, Initial residual = 4.1228399e-06, Final residual = 1.4786675e-08, No Iterations 1
GAMG:  Solving for p, Initial residual = 2.3659869e-06, Final residual = 1.5023343e-08, No Iterations 6
time step continuity errors : sum local = 1.0889181e-09, global = -2.5391401e-18, cumulative = 1.6077662e-16
ExecutionTime = 11.05 s  ClockTime = 11 s

Time = 1329

DILUPBiCGStab:  Solving for Ux, Initial residual = 3.3180636e-06, Final residual = 1.2853185e-08, No Iterations 1
DILUPBiCGStab:  Solving for Uy, Initial residual = 4.1040964e-06, Final residual = 1.4719393e-08, No Iterations 1
GAMG:  Solving for p, Initial residual = 2.3552472e-06, Final residual = 1.4955139e-08, No Iterations 6
time step continuity errors : sum local = 1.0839759e-09, global = -2.574014e-18, cumulative = 1.5820261e-16
ExecutionTime = 11.05 s  ClockTime = 11 s

Time = 1330

DILUPBiCGStab:  Solving for Ux, Initial residual = 3.3029865e-06, Final residual = 1.2794805e-08, No Iterations 1
DILUPBiCGStab:  Solving for Uy, Initial residual = 4.0854382e-06, Final residual = 1.4652417e-08, No Iterations 1
GAMG:  Solving for p, Initial residual = 2.3445562e-06, Final residual = 1.4887244e-08, No Iterations 6
time step continuity errors : sum local = 1.0790562e-09, global = 7.8297608e-19, cumulative = 1.5898558e-16
ExecutionTime = 11.06 s  ClockTime = 11 s

Time = 1331

DILUPBiCGStab:  Solving for Ux, Initial residual = 3.2879779e-06, Final residual = 1.273669e-08, No Iterations 1
DILUPBiCGStab:  Solving for Uy, Initial residual = 4.0668648e-06, Final residual = 1.4585747e-08, No Iterations 1
GAMG:  Solving for p, Initial residual = 2.3339137e-06, Final residual = 1.481966e-08, No Iterations 6
time step continuity errors : sum local = 1.0741589e-09, global = 2.0654793e-17, cumulative = 1.7964038e-16
ExecutionTime = 11.07 s  ClockTime = 11 s

Time = 1332

DILUPBiCGStab:  Solving for Ux, Initial residual = 3.2730376e-06, Final residual = 1.2678839e-08, No Iterations 1
DILUPBiCGStab:  Solving for Uy, Initial residual = 4.0483759e-06, Final residual = 1.4519381e-08, No Iterations 1
GAMG:  Solving for p, Initial residual = 2.3233195e-06, Final residual = 1.4752382e-08, No Iterations 6
time step continuity errors : sum local = 1.0692839e-09, global = 7.3045607e-18, cumulative = 1.8694494e-16
ExecutionTime = 11.08 s  ClockTime = 11 s

Time = 1333

DILUPBiCGStab:  Solving for Ux, Initial residual = 3.2581651e-06, Final residual = 1.262125e-08, No Iterations 1
DILUPBiCGStab:  Solving for Uy, Initial residual = 4.0299712e-06, Final residual = 1.4453317e-08, No Iterations 1
GAMG:  Solving for p, Initial residual = 2.3127733e-06, Final residual = 1.4685405e-08, No Iterations 6
time step continuity errors : sum local = 1.0644305e-09, global = -1.3676684e-17, cumulative = 1.7326825e-16
ExecutionTime = 11.09 s  ClockTime = 11 s

Time = 1334

DILUPBiCGStab:  Solving for Ux, Initial residual = 3.2433602e-06, Final residual = 1.2563923e-08, No Iterations 1
DILUPBiCGStab:  Solving for Uy, Initial residual = 4.0116502e-06, Final residual = 1.4387554e-08, No Iterations 1
GAMG:  Solving for p, Initial residual = 2.302275e-06, Final residual = 1.4618737e-08, No Iterations 6
time step continuity errors : sum local = 1.0595996e-09, global = 4.4685753e-18, cumulative = 1.7773683e-16
ExecutionTime = 11.1 s  ClockTime = 11 s

Time = 1335

DILUPBiCGStab:  Solving for Ux, Initial residual = 3.2286226e-06, Final residual = 1.2506856e-08, No Iterations 1
DILUPBiCGStab:  Solving for Uy, Initial residual = 3.9934125e-06, Final residual = 1.4322091e-08, No Iterations 1
GAMG:  Solving for p, Initial residual = 2.2918243e-06, Final residual = 1.4552371e-08, No Iterations 6
time step continuity errors : sum local = 1.0547905e-09, global = 1.2481639e-17, cumulative = 1.9021847e-16
ExecutionTime = 11.1 s  ClockTime = 11 s

Time = 1336

DILUPBiCGStab:  Solving for Ux, Initial residual = 3.213952e-06, Final residual = 1.2450049e-08, No Iterations 1
DILUPBiCGStab:  Solving for Uy, Initial residual = 3.9752578e-06, Final residual = 1.4256927e-08, No Iterations 1
GAMG:  Solving for p, Initial residual = 2.281421e-06, Final residual = 1.4486303e-08, No Iterations 6
time step continuity errors : sum local = 1.0500031e-09, global = 1.5344081e-17, cumulative = 2.0556255e-16
ExecutionTime = 11.11 s  ClockTime = 11 s

Time = 1337

DILUPBiCGStab:  Solving for Ux, Initial residual = 3.1993481e-06, Final residual = 1.2393499e-08, No Iterations 1
DILUPBiCGStab:  Solving for Uy, Initial residual = 3.9571857e-06, Final residual = 1.419206e-08, No Iterations 1
GAMG:  Solving for p, Initial residual = 2.2710649e-06, Final residual = 1.4420537e-08, No Iterations 6
time step continuity errors : sum local = 1.0452376e-09, global = 2.4120851e-17, cumulative = 2.296834e-16
ExecutionTime = 11.12 s  ClockTime = 11 s

Time = 1338

DILUPBiCGStab:  Solving for Ux, Initial residual = 3.1848105e-06, Final residual = 1.2337206e-08, No Iterations 1
DILUPBiCGStab:  Solving for Uy, Initial residual = 3.9391958e-06, Final residual = 1.4127488e-08, No Iterations 1
GAMG:  Solving for p, Initial residual = 2.2607557e-06, Final residual = 1.4355072e-08, No Iterations 6
time step continuity errors : sum local = 1.0404937e-09, global = 1.1705678e-17, cumulative = 2.4138908e-16
ExecutionTime = 11.13 s  ClockTime = 11 s

Time = 1339

DILUPBiCGStab:  Solving for Ux, Initial residual = 3.170339e-06, Final residual = 1.2281169e-08, No Iterations 1
DILUPBiCGStab:  Solving for Uy, Initial residual = 3.9212877e-06, Final residual = 1.406321e-08, No Iterations 1
GAMG:  Solving for p, Initial residual = 2.2504933e-06, Final residual = 1.4289899e-08, No Iterations 6
time step continuity errors : sum local = 1.035771e-09, global = -1.5292995e-17, cumulative = 2.2609608e-16
ExecutionTime = 11.14 s  ClockTime = 11 s

Time = 1340

DILUPBiCGStab:  Solving for Ux, Initial residual = 3.1559333e-06, Final residual = 1.2225387e-08, No Iterations 1
DILUPBiCGStab:  Solving for Uy, Initial residual = 3.9034611e-06, Final residual = 1.3999226e-08, No Iterations 1
GAMG:  Solving for p, Initial residual = 2.2402775e-06, Final residual = 1.4225026e-08, No Iterations 6
time step continuity errors : sum local = 1.0310701e-09, global = -3.2668473e-18, cumulative = 2.2282924e-16
ExecutionTime = 11.15 s  ClockTime = 11 s

Time = 1341

DILUPBiCGStab:  Solving for Ux, Initial residual = 3.1415931e-06, Final residual = 1.2169857e-08, No Iterations 1
DILUPBiCGStab:  Solving for Uy, Initial residual = 3.8857156e-06, Final residual = 1.3935533e-08, No Iterations 1
GAMG:  Solving for p, Initial residual = 2.230108e-06, Final residual = 1.4160446e-08, No Iterations 6
time step continuity errors : sum local = 1.0263905e-09, global = 2.0588208e-17, cumulative = 2.4341744e-16
ExecutionTime = 11.15 s  ClockTime = 11 s

Time = 1342

DILUPBiCGStab:  Solving for Ux, Initial residual = 3.127318e-06, Final residual = 1.211458e-08, No Iterations 1
DILUPBiCGStab:  Solving for Uy, Initial residual = 3.8680509e-06, Final residual = 1.3872131e-08, No Iterations 1
GAMG:  Solving for p, Initial residual = 2.2199846e-06, Final residual = 1.4096158e-08, No Iterations 6
time step continuity errors : sum local = 1.0217319e-09, global = 2.4501778e-17, cumulative = 2.6791922e-16
ExecutionTime = 11.16 s  ClockTime = 11 s

Time = 1343

DILUPBiCGStab:  Solving for Ux, Initial residual = 3.1131078e-06, Final residual = 1.2059554e-08, No Iterations 1
DILUPBiCGStab:  Solving for Uy, Initial residual = 3.8504665e-06, Final residual = 1.3809017e-08, No Iterations 1
GAMG:  Solving for p, Initial residual = 2.2099072e-06, Final residual = 1.4032163e-08, No Iterations 6
time step continuity errors : sum local = 1.0170945e-09, global = 5.5243356e-18, cumulative = 2.7344356e-16
ExecutionTime = 11.17 s  ClockTime = 11 s

Time = 1344

DILUPBiCGStab:  Solving for Ux, Initial residual = 3.0989622e-06, Final residual = 1.2004777e-08, No Iterations 1
DILUPBiCGStab:  Solving for Uy, Initial residual = 3.832962e-06, Final residual = 1.3746191e-08, No Iterations 1
GAMG:  Solving for p, Initial residual = 2.1998755e-06, Final residual = 1.3968459e-08, No Iterations 6
time step continuity errors : sum local = 1.0124783e-09, global = 5.9254587e-18, cumulative = 2.7936902e-16
ExecutionTime = 11.18 s  ClockTime = 11 s

Time = 1345

DILUPBiCGStab:  Solving for Ux, Initial residual = 3.0848808e-06, Final residual = 1.195025e-08, No Iterations 1
DILUPBiCGStab:  Solving for Uy, Initial residual = 3.8155372e-06, Final residual = 1.3683652e-08, No Iterations 1
GAMG:  Solving for p, Initial residual = 2.1898893e-06, Final residual = 1.3905044e-08, No Iterations 6
time step continuity errors : sum local = 1.0078829e-09, global = 2.4371653e-18, cumulative = 2.8180618e-16
ExecutionTime = 11.18 s  ClockTime = 11 s

Time = 1346

DILUPBiCGStab:  Solving for Ux, Initial residual = 3.0708635e-06, Final residual = 1.189597e-08, No Iterations 1
DILUPBiCGStab:  Solving for Uy, Initial residual = 3.7981917e-06, Final residual = 1.3621397e-08, No Iterations 1
GAMG:  Solving for p, Initial residual = 2.1799483e-06, Final residual = 1.3841915e-08, No Iterations 6
time step continuity errors : sum local = 1.0033084e-09, global = -8.2011318e-18, cumulative = 2.7360505e-16
ExecutionTime = 11.19 s  ClockTime = 11 s

Time = 1347

DILUPBiCGStab:  Solving for Ux, Initial residual = 3.0569099e-06, Final residual = 1.1841937e-08, No Iterations 1
DILUPBiCGStab:  Solving for Uy, Initial residual = 3.7809251e-06, Final residual = 1.3559426e-08, No Iterations 1
GAMG:  Solving for p, Initial residual = 2.1700525e-06, Final residual = 1.3779073e-08, No Iterations 6
time step continuity errors : sum local = 9.987545e-10, global = 1.6692637e-17, cumulative = 2.9029769e-16
ExecutionTime = 11.2 s  ClockTime = 11 s

Time = 1348

DILUPBiCGStab:  Solving for Ux, Initial residual = 3.0430197e-06, Final residual = 1.1788148e-08, No Iterations 1
DILUPBiCGStab:  Solving for Uy, Initial residual = 3.763737e-06, Final residual = 1.3497738e-08, No Iterations 1
GAMG:  Solving for p, Initial residual = 2.1602016e-06, Final residual = 1.371652e-08, No Iterations 6
time step continuity errors : sum local = 9.9422163e-10, global = 3.461326e-17, cumulative = 3.2491095e-16
ExecutionTime = 11.21 s  ClockTime = 11 s

Time = 1349

DILUPBiCGStab:  Solving for Ux, Initial residual = 3.0291926e-06, Final residual = 1.1734605e-08, No Iterations 1
DILUPBiCGStab:  Solving for Uy, Initial residual = 3.7466271e-06, Final residual = 1.3436331e-08, No Iterations 1
GAMG:  Solving for p, Initial residual = 2.1503953e-06, Final residual = 1.3654247e-08, No Iterations 6
time step continuity errors : sum local = 9.8970893e-10, global = 1.0186233e-17, cumulative = 3.3509718e-16
ExecutionTime = 11.21 s  ClockTime = 11 s

Time = 1350

DILUPBiCGStab:  Solving for Ux, Initial residual = 3.0154283e-06, Final residual = 1.1681304e-08, No Iterations 1
DILUPBiCGStab:  Solving for Uy, Initial residual = 3.7295951e-06, Final residual = 1.3375203e-08, No Iterations 1
GAMG:  Solving for p, Initial residual = 2.1406336e-06, Final residual = 1.3592257e-08, No Iterations 6
time step continuity errors : sum local = 9.852169e-10, global = 5.8807909e-18, cumulative = 3.4097797e-16
ExecutionTime = 11.22 s  ClockTime = 11 s

Time = 1351

DILUPBiCGStab:  Solving for Ux, Initial residual = 3.0017267e-06, Final residual = 1.1628245e-08, No Iterations 1
DILUPBiCGStab:  Solving for Uy, Initial residual = 3.7126405e-06, Final residual = 1.3314354e-08, No Iterations 1
GAMG:  Solving for p, Initial residual = 2.1309161e-06, Final residual = 1.353055e-08, No Iterations 6
time step continuity errors : sum local = 9.8074526e-10, global = -1.0599453e-17, cumulative = 3.3037852e-16
ExecutionTime = 11.23 s  ClockTime = 11 s

Time = 1352

DILUPBiCGStab:  Solving for Ux, Initial residual = 2.9880872e-06, Final residual = 1.1575428e-08, No Iterations 1
DILUPBiCGStab:  Solving for Uy, Initial residual = 3.695763e-06, Final residual = 1.3253783e-08, No Iterations 1
GAMG:  Solving for p, Initial residual = 2.1212427e-06, Final residual = 1.3469122e-08, No Iterations 6
time step continuity errors : sum local = 9.7629385e-10, global = -1.6324165e-17, cumulative = 3.1405435e-16
ExecutionTime = 11.24 s  ClockTime = 11 s

Time = 1353

DILUPBiCGStab:  Solving for Ux, Initial residual = 2.9745098e-06, Final residual = 1.152285e-08, No Iterations 1
DILUPBiCGStab:  Solving for Uy, Initial residual = 3.6789624e-06, Final residual = 1.3193487e-08, No Iterations 1
GAMG:  Solving for p, Initial residual = 2.1116132e-06, Final residual = 1.3407972e-08, No Iterations 6
time step continuity errors : sum local = 9.7186257e-10, global = -9.5029156e-18, cumulative = 3.0455144e-16
ExecutionTime = 11.25 s  ClockTime = 11 s

Time = 1354

DILUPBiCGStab:  Solving for Ux, Initial residual = 2.9609941e-06, Final residual = 1.1470511e-08, No Iterations 1
DILUPBiCGStab:  Solving for Uy, Initial residual = 3.6622381e-06, Final residual = 1.3133466e-08, No Iterations 1
GAMG:  Solving for p, Initial residual = 2.1020274e-06, Final residual = 1.3347098e-08, No Iterations 6
time step continuity errors : sum local = 9.6745139e-10, global = 2.3867403e-18, cumulative = 3.0693818e-16
ExecutionTime = 11.26 s  ClockTime = 11 s

Time = 1355

DILUPBiCGStab:  Solving for Ux, Initial residual = 2.9475398e-06, Final residual = 1.141841e-08, No Iterations 1
DILUPBiCGStab:  Solving for Uy, Initial residual = 3.6455899e-06, Final residual = 1.3073719e-08, No Iterations 1
GAMG:  Solving for p, Initial residual = 2.092485e-06, Final residual = 1.3286505e-08, No Iterations 6
time step continuity errors : sum local = 9.6306031e-10, global = 2.5598461e-17, cumulative = 3.3253664e-16
ExecutionTime = 11.26 s  ClockTime = 11 s

Time = 1356

DILUPBiCGStab:  Solving for Ux, Initial residual = 2.9341466e-06, Final residual = 1.1366545e-08, No Iterations 1
DILUPBiCGStab:  Solving for Uy, Initial residual = 3.6290175e-06, Final residual = 1.3014244e-08, No Iterations 1
GAMG:  Solving for p, Initial residual = 2.082986e-06, Final residual = 1.3226183e-08, No Iterations 6
time step continuity errors : sum local = 9.5868904e-10, global = 9.1063983e-19, cumulative = 3.3344728e-16
ExecutionTime = 11.27 s  ClockTime = 11 s

Time = 1357

DILUPBiCGStab:  Solving for Ux, Initial residual = 2.9208144e-06, Final residual = 1.1314916e-08, No Iterations 1
DILUPBiCGStab:  Solving for Uy, Initial residual = 3.6125204e-06, Final residual = 1.295504e-08, No Iterations 1
GAMG:  Solving for p, Initial residual = 2.07353e-06, Final residual = 1.3166136e-08, No Iterations 6
time step continuity errors : sum local = 9.5433772e-10, global = 2.1501402e-19, cumulative = 3.3366229e-16
ExecutionTime = 11.28 s  ClockTime = 11 s

Time = 1358

DILUPBiCGStab:  Solving for Ux, Initial residual = 2.9075427e-06, Final residual = 1.1263521e-08, No Iterations 1
DILUPBiCGStab:  Solving for Uy, Initial residual = 3.5960984e-06, Final residual = 1.2896106e-08, No Iterations 1
GAMG:  Solving for p, Initial residual = 2.0641169e-06, Final residual = 1.3106361e-08, No Iterations 6
time step continuity errors : sum local = 9.5000594e-10, global = 1.5200642e-17, cumulative = 3.4886293e-16
ExecutionTime = 11.29 s  ClockTime = 11 s

Time = 1359

DILUPBiCGStab:  Solving for Ux, Initial residual = 2.8943313e-06, Final residual = 1.121236e-08, No Iterations 1
DILUPBiCGStab:  Solving for Uy, Initial residual = 3.5797511e-06, Final residual = 1.283744e-08, No Iterations 1
GAMG:  Solving for p, Initial residual = 2.0547465e-06, Final residual = 1.3046858e-08, No Iterations 6
time step continuity errors : sum local = 9.456939e-10, global = 8.3373453e-18, cumulative = 3.5720028e-16
ExecutionTime = 11.3 s  ClockTime = 11 s

Time = 1360

DILUPBiCGStab:  Solving for Ux, Initial residual = 2.88118e-06, Final residual = 1.1161431e-08, No Iterations 1
DILUPBiCGStab:  Solving for Uy, Initial residual = 3.5634781e-06, Final residual = 1.2779042e-08, No Iterations 1
GAMG:  Solving for p, Initial residual = 2.0454187e-06, Final residual = 1.2987626e-08, No Iterations 6
time step continuity errors : sum local = 9.4140157e-10, global = -1.1418931e-17, cumulative = 3.4578135e-16
ExecutionTime = 11.31 s  ClockTime = 11 s

Time = 1361

DILUPBiCGStab:  Solving for Ux, Initial residual = 2.8680884e-06, Final residual = 1.1110733e-08, No Iterations 1
DILUPBiCGStab:  Solving for Uy, Initial residual = 3.5472791e-06, Final residual = 1.2720909e-08, No Iterations 1
GAMG:  Solving for p, Initial residual = 2.0361331e-06, Final residual = 1.2928663e-08, No Iterations 6
time step continuity errors : sum local = 9.371288e-10, global = -7.5986796e-18, cumulative = 3.3818267e-16
ExecutionTime = 11.32 s  ClockTime = 11 s

Time = 1362

DILUPBiCGStab:  Solving for Ux, Initial residual = 2.8550563e-06, Final residual = 1.1060265e-08, No Iterations 1
DILUPBiCGStab:  Solving for Uy, Initial residual = 3.5311539e-06, Final residual = 1.2663042e-08, No Iterations 1
GAMG:  Solving for p, Initial residual = 2.0268897e-06, Final residual = 1.2869966e-08, No Iterations 6
time step continuity errors : sum local = 9.328752e-10, global = -2.9396702e-17, cumulative = 3.0878597e-16
ExecutionTime = 11.32 s  ClockTime = 11 s

Time = 1363

DILUPBiCGStab:  Solving for Ux, Initial residual = 2.8420835e-06, Final residual = 1.1010027e-08, No Iterations 1
DILUPBiCGStab:  Solving for Uy, Initial residual = 3.515102e-06, Final residual = 1.2605438e-08, No Iterations 1
GAMG:  Solving for p, Initial residual = 2.0176882e-06, Final residual = 1.2811536e-08, No Iterations 6
time step continuity errors : sum local = 9.2864081e-10, global = 2.5011176e-17, cumulative = 3.3379714e-16
ExecutionTime = 11.33 s  ClockTime = 11 s

Time = 1364

DILUPBiCGStab:  Solving for Ux, Initial residual = 2.8291696e-06, Final residual = 1.0960017e-08, No Iterations 1
DILUPBiCGStab:  Solving for Uy, Initial residual = 3.4991231e-06, Final residual = 1.2548096e-08, No Iterations 1
GAMG:  Solving for p, Initial residual = 2.0085284e-06, Final residual = 1.275337e-08, No Iterations 6
time step continuity errors : sum local = 9.2442565e-10, global = 9.3550819e-18, cumulative = 3.4315223e-16
ExecutionTime = 11.34 s  ClockTime = 11 s

Time = 1365

DILUPBiCGStab:  Solving for Ux, Initial residual = 2.8163144e-06, Final residual = 1.0910234e-08, No Iterations 1
DILUPBiCGStab:  Solving for Uy, Initial residual = 3.4832169e-06, Final residual = 1.2491016e-08, No Iterations 1
GAMG:  Solving for p, Initial residual = 1.9994102e-06, Final residual = 1.2695469e-08, No Iterations 6
time step continuity errors : sum local = 9.202298e-10, global = -2.5256802e-18, cumulative = 3.4062654e-16
ExecutionTime = 11.35 s  ClockTime = 11 s

Time = 1366

DILUPBiCGStab:  Solving for Ux, Initial residual = 2.8035177e-06, Final residual = 1.0860677e-08, No Iterations 1
DILUPBiCGStab:  Solving for Uy, Initial residual = 3.467383e-06, Final residual = 1.2434196e-08, No Iterations 1
GAMG:  Solving for p, Initial residual = 1.9903334e-06, Final residual = 1.2637832e-08, No Iterations 6
time step continuity errors : sum local = 9.1605292e-10, global = -7.0639504e-18, cumulative = 3.3356259e-16
ExecutionTime = 11.36 s  ClockTime = 11 s

Time = 1367

DILUPBiCGStab:  Solving for Ux, Initial residual = 2.790779e-06, Final residual = 1.0811345e-08, No Iterations 1
DILUPBiCGStab:  Solving for Uy, Initial residual = 3.4516211e-06, Final residual = 1.2377635e-08, No Iterations 1
GAMG:  Solving for p, Initial residual = 1.9812977e-06, Final residual = 1.2580458e-08, No Iterations 6
time step continuity errors : sum local = 9.1189509e-10, global = 6.4398327e-19, cumulative = 3.3420658e-16
ExecutionTime = 11.37 s  ClockTime = 11 s

Time = 1368

DILUPBiCGStab:  Solving for Ux, Initial residual = 2.7780983e-06, Final residual = 1.0762237e-08, No Iterations 1
DILUPBiCGStab:  Solving for Uy, Initial residual = 3.435931e-06, Final residual = 1.2321331e-08, No Iterations 1
GAMG:  Solving for p, Initial residual = 1.9723031e-06, Final residual = 1.2523339e-08, No Iterations 6
time step continuity errors : sum local = 9.0775594e-10, global = -1.1988454e-17, cumulative = 3.2221812e-16
ExecutionTime = 11.37 s  ClockTime = 12 s

Time = 1369

DILUPBiCGStab:  Solving for Ux, Initial residual = 2.7654752e-06, Final residual = 1.0713352e-08, No Iterations 1
DILUPBiCGStab:  Solving for Uy, Initial residual = 3.4203122e-06, Final residual = 1.2265284e-08, No Iterations 1
GAMG:  Solving for p, Initial residual = 1.9633492e-06, Final residual = 1.2466482e-08, No Iterations 6
time step continuity errors : sum local = 9.0363551e-10, global = 1.2822755e-17, cumulative = 3.3504088e-16
ExecutionTime = 11.38 s  ClockTime = 12 s

Time = 1370

DILUPBiCGStab:  Solving for Ux, Initial residual = 2.7529095e-06, Final residual = 1.066469e-08, No Iterations 1
DILUPBiCGStab:  Solving for Uy, Initial residual = 3.4047645e-06, Final residual = 1.2209492e-08, No Iterations 1
GAMG:  Solving for p, Initial residual = 1.954436e-06, Final residual = 1.2409885e-08, No Iterations 6
time step continuity errors : sum local = 8.995341e-10, global = -1.4400725e-17, cumulative = 3.2064015e-16
ExecutionTime = 11.39 s  ClockTime = 12 s

Time = 1371

DILUPBiCGStab:  Solving for Ux, Initial residual = 2.7404009e-06, Final residual = 1.0616248e-08, No Iterations 1
DILUPBiCGStab:  Solving for Uy, Initial residual = 3.3892874e-06, Final residual = 1.2153955e-08, No Iterations 1
GAMG:  Solving for p, Initial residual = 1.9455632e-06, Final residual = 1.2353542e-08, No Iterations 6
time step continuity errors : sum local = 8.9545085e-10, global = 1.484281e-17, cumulative = 3.3548296e-16
ExecutionTime = 11.4 s  ClockTime = 12 s

Time = 1372

DILUPBiCGStab:  Solving for Ux, Initial residual = 2.7279491e-06, Final residual = 1.0568026e-08, No Iterations 1
DILUPBiCGStab:  Solving for Uy, Initial residual = 3.3738808e-06, Final residual = 1.209867e-08, No Iterations 1
GAMG:  Solving for p, Initial residual = 1.9367306e-06, Final residual = 1.2297455e-08, No Iterations 6
time step continuity errors : sum local = 8.9138642e-10, global = -7.2110032e-18, cumulative = 3.2827196e-16
ExecutionTime = 11.41 s  ClockTime = 12 s

Time = 1373

DILUPBiCGStab:  Solving for Ux, Initial residual = 2.715554e-06, Final residual = 1.0520023e-08, No Iterations 1
DILUPBiCGStab:  Solving for Uy, Initial residual = 3.3585443e-06, Final residual = 1.2043638e-08, No Iterations 1
GAMG:  Solving for p, Initial residual = 1.9279382e-06, Final residual = 1.2241624e-08, No Iterations 6
time step continuity errors : sum local = 8.8734046e-10, global = -2.7643608e-17, cumulative = 3.0062835e-16
ExecutionTime = 11.42 s  ClockTime = 12 s

Time = 1374

DILUPBiCGStab:  Solving for Ux, Initial residual = 2.7032151e-06, Final residual = 1.0472238e-08, No Iterations 1
DILUPBiCGStab:  Solving for Uy, Initial residual = 3.3432775e-06, Final residual = 1.1988856e-08, No Iterations 1
GAMG:  Solving for p, Initial residual = 1.9191717e-06, Final residual = 1.2186037e-08, No Iterations 6
time step continuity errors : sum local = 8.8331198e-10, global = -2.2017298e-18, cumulative = 2.9842662e-16
ExecutionTime = 11.42 s  ClockTime = 12 s

Time = 1375

DILUPBiCGStab:  Solving for Ux, Initial residual = 2.6909323e-06, Final residual = 1.0424671e-08, No Iterations 1
DILUPBiCGStab:  Solving for Uy, Initial residual = 3.3280801e-06, Final residual = 1.1934326e-08, No Iterations 1
GAMG:  Solving for p, Initial residual = 1.9104273e-06, Final residual = 1.2130688e-08, No Iterations 6
time step continuity errors : sum local = 8.7930079e-10, global = -1.3100225e-17, cumulative = 2.853264e-16
ExecutionTime = 11.43 s  ClockTime = 12 s

Time = 1376

DILUPBiCGStab:  Solving for Ux, Initial residual = 2.6787054e-06, Final residual = 1.0377319e-08, No Iterations 1
DILUPBiCGStab:  Solving for Uy, Initial residual = 3.3129519e-06, Final residual = 1.1880045e-08, No Iterations 1
GAMG:  Solving for p, Initial residual = 1.9017316e-06, Final residual = 1.2075604e-08, No Iterations 6
time step continuity errors : sum local = 8.7530876e-10, global = 9.7947581e-18, cumulative = 2.9512116e-16
ExecutionTime = 11.44 s  ClockTime = 12 s

Time = 1377

DILUPBiCGStab:  Solving for Ux, Initial residual = 2.666534e-06, Final residual = 1.0330182e-08, No Iterations 1
DILUPBiCGStab:  Solving for Uy, Initial residual = 3.2978925e-06, Final residual = 1.1826011e-08, No Iterations 1
GAMG:  Solving for p, Initial residual = 1.8930834e-06, Final residual = 1.2020782e-08, No Iterations 6
time step continuity errors : sum local = 8.7133579e-10, global = -7.8503543e-18, cumulative = 2.872708e-16
ExecutionTime = 11.45 s  ClockTime = 12 s

Time = 1378

DILUPBiCGStab:  Solving for Ux, Initial residual = 2.6544179e-06, Final residual = 1.028326e-08, No Iterations 1
DILUPBiCGStab:  Solving for Uy, Initial residual = 3.2829015e-06, Final residual = 1.1772222e-08, No Iterations 1
GAMG:  Solving for p, Initial residual = 1.8844809e-06, Final residual = 1.1966207e-08, No Iterations 6
time step continuity errors : sum local = 8.6738067e-10, global = 7.9771181e-18, cumulative = 2.9524792e-16
ExecutionTime = 11.46 s  ClockTime = 12 s

Time = 1379

DILUPBiCGStab:  Solving for Ux, Initial residual = 2.6423569e-06, Final residual = 1.023655e-08, No Iterations 1
DILUPBiCGStab:  Solving for Uy, Initial residual = 3.2679788e-06, Final residual = 1.1718678e-08, No Iterations 1
GAMG:  Solving for p, Initial residual = 1.8759276e-06, Final residual = 1.1911887e-08, No Iterations 6
time step continuity errors : sum local = 8.6344422e-10, global = 7.3700469e-18, cumulative = 3.0261797e-16
ExecutionTime = 11.47 s  ClockTime = 12 s

Time = 1380

DILUPBiCGStab:  Solving for Ux, Initial residual = 2.6303507e-06, Final residual = 1.0190053e-08, No Iterations 1
DILUPBiCGStab:  Solving for Uy, Initial residual = 3.2531239e-06, Final residual = 1.1665377e-08, No Iterations 1
GAMG:  Solving for p, Initial residual = 1.8674141e-06, Final residual = 1.1857807e-08, No Iterations 6
time step continuity errors : sum local = 8.5952508e-10, global = -2.7934101e-17, cumulative = 2.7468387e-16
ExecutionTime = 11.47 s  ClockTime = 12 s

Time = 1381

DILUPBiCGStab:  Solving for Ux, Initial residual = 2.6183991e-06, Final residual = 1.0143767e-08, No Iterations 1
DILUPBiCGStab:  Solving for Uy, Initial residual = 3.2383366e-06, Final residual = 1.1612318e-08, No Iterations 1
GAMG:  Solving for p, Initial residual = 1.8589384e-06, Final residual = 1.1803975e-08, No Iterations 6
time step continuity errors : sum local = 8.5562383e-10, global = -6.0730939e-18, cumulative = 2.6861077e-16
ExecutionTime = 11.48 s  ClockTime = 12 s

Time = 1382

DILUPBiCGStab:  Solving for Ux, Initial residual = 2.6065018e-06, Final residual = 1.0097691e-08, No Iterations 1
DILUPBiCGStab:  Solving for Uy, Initial residual = 3.2236166e-06, Final residual = 1.1559501e-08, No Iterations 1
GAMG:  Solving for p, Initial residual = 1.8505005e-06, Final residual = 1.1750386e-08, No Iterations 6
time step continuity errors : sum local = 8.5174027e-10, global = -1.5915352e-18, cumulative = 2.6701924e-16
ExecutionTime = 11.49 s  ClockTime = 12 s

Time = 1383

DILUPBiCGStab:  Solving for Ux, Initial residual = 2.5946585e-06, Final residual = 1.0051825e-08, No Iterations 1
DILUPBiCGStab:  Solving for Uy, Initial residual = 3.2089635e-06, Final residual = 1.1506925e-08, No Iterations 1
GAMG:  Solving for p, Initial residual = 1.8421006e-06, Final residual = 1.169704e-08, No Iterations 6
time step continuity errors : sum local = 8.4787419e-10, global = -3.2712148e-18, cumulative = 2.6374802e-16
ExecutionTime = 11.5 s  ClockTime = 12 s

Time = 1384

DILUPBiCGStab:  Solving for Ux, Initial residual = 2.5828691e-06, Final residual = 1.0006167e-08, No Iterations 1
DILUPBiCGStab:  Solving for Uy, Initial residual = 3.1943771e-06, Final residual = 1.1454588e-08, No Iterations 1
GAMG:  Solving for p, Initial residual = 1.8337384e-06, Final residual = 1.1643934e-08, No Iterations 6
time step continuity errors : sum local = 8.4402552e-10, global = 2.7333806e-17, cumulative = 2.9108183e-16
ExecutionTime = 11.51 s  ClockTime = 12 s

Time = 1385

DILUPBiCGStab:  Solving for Ux, Initial residual = 2.5711332e-06, Final residual = 9.9607158e-09, No Iterations 1
DILUPBiCGStab:  Solving for Uy, Initial residual = 3.1798569e-06, Final residual = 1.1402489e-08, No Iterations 1
GAMG:  Solving for p, Initial residual = 1.8254139e-06, Final residual = 1.1591069e-08, No Iterations 6
time step continuity errors : sum local = 8.4019451e-10, global = -5.9368407e-18, cumulative = 2.8514499e-16
ExecutionTime = 11.52 s  ClockTime = 12 s

Time = 1386

DILUPBiCGStab:  Solving for Ux, Initial residual = 2.5594507e-06, Final residual = 9.9154712e-09, No Iterations 1
DILUPBiCGStab:  Solving for Uy, Initial residual = 3.1654029e-06, Final residual = 1.1350627e-08, No Iterations 1
GAMG:  Solving for p, Initial residual = 1.8171271e-06, Final residual = 1.1538445e-08, No Iterations 6
time step continuity errors : sum local = 8.3638071e-10, global = 2.2107481e-17, cumulative = 3.0725247e-16
ExecutionTime = 11.53 s  ClockTime = 12 s

Time = 1387

DILUPBiCGStab:  Solving for Ux, Initial residual = 2.5478213e-06, Final residual = 9.8704322e-09, No Iterations 1
DILUPBiCGStab:  Solving for Uy, Initial residual = 3.1510145e-06, Final residual = 1.1299002e-08, No Iterations 1
GAMG:  Solving for p, Initial residual = 1.8088777e-06, Final residual = 1.1486059e-08, No Iterations 6
time step continuity errors : sum local = 8.3258421e-10, global = 2.0606591e-17, cumulative = 3.2785906e-16
ExecutionTime = 11.53 s  ClockTime = 12 s

Time = 1388

DILUPBiCGStab:  Solving for Ux, Initial residual = 2.5362448e-06, Final residual = 9.8255977e-09, No Iterations 1
DILUPBiCGStab:  Solving for Uy, Initial residual = 3.1366916e-06, Final residual = 1.1247611e-08, No Iterations 1
GAMG:  Solving for p, Initial residual = 1.8006656e-06, Final residual = 1.143391e-08, No Iterations 6
time step continuity errors : sum local = 8.2880497e-10, global = -1.1466219e-17, cumulative = 3.1639284e-16
ExecutionTime = 11.54 s  ClockTime = 12 s

Time = 1389

DILUPBiCGStab:  Solving for Ux, Initial residual = 2.5247208e-06, Final residual = 9.7809668e-09, No Iterations 1
DILUPBiCGStab:  Solving for Uy, Initial residual = 3.1224339e-06, Final residual = 1.1196455e-08, No Iterations 1
GAMG:  Solving for p, Initial residual = 1.7924907e-06, Final residual = 1.1381998e-08, No Iterations 6
time step continuity errors : sum local = 8.2504288e-10, global = 1.3679238e-17, cumulative = 3.3007208e-16
ExecutionTime = 11.55 s  ClockTime = 12 s

Time = 1390

DILUPBiCGStab:  Solving for Ux, Initial residual = 2.5132492e-06, Final residual = 9.7365385e-09, No Iterations 1
DILUPBiCGStab:  Solving for Uy, Initial residual = 3.108241e-06, Final residual = 1.1145531e-08, No Iterations 1
GAMG:  Solving for p, Initial residual = 1.7843528e-06, Final residual = 1.1330323e-08, No Iterations 6
time step continuity errors : sum local = 8.2129781e-10, global = 7.8040322e-18, cumulative = 3.3787611e-16
ExecutionTime = 11.56 s  ClockTime = 12 s

Time = 1391

DILUPBiCGStab:  Solving for Ux, Initial residual = 2.5018298e-06, Final residual = 9.6923121e-09, No Iterations 1
DILUPBiCGStab:  Solving for Uy, Initial residual = 3.0941126e-06, Final residual = 1.109484e-08, No Iterations 1
GAMG:  Solving for p, Initial residual = 1.7762519e-06, Final residual = 1.1278878e-08, No Iterations 6
time step continuity errors : sum local = 8.1756951e-10, global = -8.6436271e-18, cumulative = 3.2923248e-16
ExecutionTime = 11.57 s  ClockTime = 12 s

Time = 1392

DILUPBiCGStab:  Solving for Ux, Initial residual = 2.4904622e-06, Final residual = 9.6482865e-09, No Iterations 1
DILUPBiCGStab:  Solving for Uy, Initial residual = 3.0800485e-06, Final residual = 1.1044379e-08, No Iterations 1
GAMG:  Solving for p, Initial residual = 1.7681876e-06, Final residual = 1.1227674e-08, No Iterations 6
time step continuity errors : sum local = 8.1385872e-10, global = -6.4002868e-18, cumulative = 3.228322e-16
ExecutionTime = 11.57 s  ClockTime = 12 s

Time = 1393

DILUPBiCGStab:  Solving for Ux, Initial residual = 2.4791463e-06, Final residual = 9.6044609e-09, No Iterations 1
DILUPBiCGStab:  Solving for Uy, Initial residual = 3.0660484e-06, Final residual = 1.0994148e-08, No Iterations 1
GAMG:  Solving for p, Initial residual = 1.7601599e-06, Final residual = 1.1176695e-08, No Iterations 6
time step continuity errors : sum local = 8.1016423e-10, global = -9.2182331e-19, cumulative = 3.2191037e-16
ExecutionTime = 11.59 s  ClockTime = 12 s

Time = 1394

DILUPBiCGStab:  Solving for Ux, Initial residual = 2.4678819e-06, Final residual = 9.5608343e-09, No Iterations 1
DILUPBiCGStab:  Solving for Uy, Initial residual = 3.052112e-06, Final residual = 1.0944146e-08, No Iterations 1
GAMG:  Solving for p, Initial residual = 1.7521687e-06, Final residual = 1.1125949e-08, No Iterations 6
time step continuity errors : sum local = 8.0648654e-10, global = 1.5763468e-17, cumulative = 3.3767384e-16
ExecutionTime = 11.6 s  ClockTime = 12 s

Time = 1395

DILUPBiCGStab:  Solving for Ux, Initial residual = 2.4566686e-06, Final residual = 9.5174058e-09, No Iterations 1
DILUPBiCGStab:  Solving for Uy, Initial residual = 3.0382389e-06, Final residual = 1.0894372e-08, No Iterations 1
GAMG:  Solving for p, Initial residual = 1.7442137e-06, Final residual = 1.1075436e-08, No Iterations 6
time step continuity errors : sum local = 8.0282572e-10, global = 2.906755e-17, cumulative = 3.6674139e-16
ExecutionTime = 11.6 s  ClockTime = 12 s

Time = 1396

DILUPBiCGStab:  Solving for Ux, Initial residual = 2.4455063e-06, Final residual = 9.4741746e-09, No Iterations 1
DILUPBiCGStab:  Solving for Uy, Initial residual = 3.0244289e-06, Final residual = 1.0844824e-08, No Iterations 1
GAMG:  Solving for p, Initial residual = 1.7362947e-06, Final residual = 1.1025151e-08, No Iterations 6
time step continuity errors : sum local = 7.9918155e-10, global = -1.8596926e-17, cumulative = 3.4814447e-16
ExecutionTime = 11.61 s  ClockTime = 12 s

Time = 1397

DILUPBiCGStab:  Solving for Ux, Initial residual = 2.4343947e-06, Final residual = 9.4311397e-09, No Iterations 1
DILUPBiCGStab:  Solving for Uy, Initial residual = 3.0106817e-06, Final residual = 1.0795502e-08, No Iterations 1
GAMG:  Solving for p, Initial residual = 1.7284117e-06, Final residual = 1.0975092e-08, No Iterations 6
time step continuity errors : sum local = 7.9555359e-10, global = -1.2521662e-17, cumulative = 3.356228e-16
ExecutionTime = 11.62 s  ClockTime = 12 s

Time = 1398

DILUPBiCGStab:  Solving for Ux, Initial residual = 2.4233336e-06, Final residual = 9.3883002e-09, No Iterations 1
DILUPBiCGStab:  Solving for Uy, Initial residual = 2.9969971e-06, Final residual = 1.0746405e-08, No Iterations 1
GAMG:  Solving for p, Initial residual = 1.7205645e-06, Final residual = 1.0925263e-08, No Iterations 6
time step continuity errors : sum local = 7.9194246e-10, global = -7.7909561e-18, cumulative = 3.2783185e-16
ExecutionTime = 11.63 s  ClockTime = 12 s

Time = 1399

DILUPBiCGStab:  Solving for Ux, Initial residual = 2.4123228e-06, Final residual = 9.3456554e-09, No Iterations 1
DILUPBiCGStab:  Solving for Uy, Initial residual = 2.9833747e-06, Final residual = 1.0697531e-08, No Iterations 1
GAMG:  Solving for p, Initial residual = 1.7127528e-06, Final residual = 1.087566e-08, No Iterations 6
time step continuity errors : sum local = 7.8834748e-10, global = 1.8605343e-17, cumulative = 3.4643719e-16
ExecutionTime = 11.64 s  ClockTime = 12 s

Time = 1400

DILUPBiCGStab:  Solving for Ux, Initial residual = 2.401362e-06, Final residual = 9.3032042e-09, No Iterations 1
DILUPBiCGStab:  Solving for Uy, Initial residual = 2.9698142e-06, Final residual = 1.0648879e-08, No Iterations 1
GAMG:  Solving for p, Initial residual = 1.7049766e-06, Final residual = 1.0826281e-08, No Iterations 6
time step continuity errors : sum local = 7.8476891e-10, global = 2.1295996e-18, cumulative = 3.4856679e-16
ExecutionTime = 11.65 s  ClockTime = 12 s

Time = 1401

DILUPBiCGStab:  Solving for Ux, Initial residual = 2.3904511e-06, Final residual = 9.2609458e-09, No Iterations 1
DILUPBiCGStab:  Solving for Uy, Initial residual = 2.9563154e-06, Final residual = 1.060045e-08, No Iterations 1
GAMG:  Solving for p, Initial residual = 1.6972357e-06, Final residual = 1.0777129e-08, No Iterations 6
time step continuity errors : sum local = 7.8120667e-10, global = 1.3789577e-17, cumulative = 3.6235637e-16
ExecutionTime = 11.65 s  ClockTime = 12 s

Time = 1402

DILUPBiCGStab:  Solving for Ux, Initial residual = 2.3795897e-06, Final residual = 9.2188793e-09, No Iterations 1
DILUPBiCGStab:  Solving for Uy, Initial residual = 2.942878e-06, Final residual = 1.055224e-08, No Iterations 1
GAMG:  Solving for p, Initial residual = 1.6895299e-06, Final residual = 1.0728196e-08, No Iterations 6
time step continuity errors : sum local = 7.7766037e-10, global = -1.4374043e-17, cumulative = 3.4798232e-16
ExecutionTime = 11.66 s  ClockTime = 12 s

Time = 1403

DILUPBiCGStab:  Solving for Ux, Initial residual = 2.3687777e-06, Final residual = 9.1770039e-09, No Iterations 1
DILUPBiCGStab:  Solving for Uy, Initial residual = 2.9295017e-06, Final residual = 1.0504251e-08, No Iterations 1
GAMG:  Solving for p, Initial residual = 1.6818591e-06, Final residual = 1.0679486e-08, No Iterations 6
time step continuity errors : sum local = 7.7413018e-10, global = 3.9668406e-18, cumulative = 3.5194917e-16
ExecutionTime = 11.67 s  ClockTime = 12 s

Time = 1404

DILUPBiCGStab:  Solving for Ux, Initial residual = 2.3580148e-06, Final residual = 9.1353187e-09, No Iterations 1
DILUPBiCGStab:  Solving for Uy, Initial residual = 2.9161863e-06, Final residual = 1.045648e-08, No Iterations 1
GAMG:  Solving for p, Initial residual = 1.6742231e-06, Final residual = 1.0630998e-08, No Iterations 6
time step continuity errors : sum local = 7.7061605e-10, global = -1.7017951e-18, cumulative = 3.5024737e-16
ExecutionTime = 11.68 s  ClockTime = 12 s

Time = 1405

DILUPBiCGStab:  Solving for Ux, Initial residual = 2.3473008e-06, Final residual = 9.0938228e-09, No Iterations 1
DILUPBiCGStab:  Solving for Uy, Initial residual = 2.9029314e-06, Final residual = 1.0408926e-08, No Iterations 1
GAMG:  Solving for p, Initial residual = 1.6666217e-06, Final residual = 1.0582733e-08, No Iterations 6
time step continuity errors : sum local = 7.6711815e-10, global = 9.0168775e-18, cumulative = 3.5926425e-16
ExecutionTime = 11.69 s  ClockTime = 12 s

Time = 1406

DILUPBiCGStab:  Solving for Ux, Initial residual = 2.3366355e-06, Final residual = 9.0525154e-09, No Iterations 1
DILUPBiCGStab:  Solving for Uy, Initial residual = 2.8897368e-06, Final residual = 1.0361589e-08, No Iterations 1
GAMG:  Solving for p, Initial residual = 1.6590548e-06, Final residual = 1.053468e-08, No Iterations 6
time step continuity errors : sum local = 7.6363552e-10, global = 3.1659445e-17, cumulative = 3.9092369e-16
ExecutionTime = 11.7 s  ClockTime = 12 s

Time = 1407

DILUPBiCGStab:  Solving for Ux, Initial residual = 2.3260187e-06, Final residual = 9.0113956e-09, No Iterations 1
DILUPBiCGStab:  Solving for Uy, Initial residual = 2.8766021e-06, Final residual = 1.0314467e-08, No Iterations 1
GAMG:  Solving for p, Initial residual = 1.6515223e-06, Final residual = 1.0486851e-08, No Iterations 6
time step continuity errors : sum local = 7.6016916e-10, global = 1.4840705e-17, cumulative = 4.057644e-16
ExecutionTime = 11.7 s  ClockTime = 12 s

Time = 1408

DILUPBiCGStab:  Solving for Ux, Initial residual = 2.3154501e-06, Final residual = 8.9704625e-09, No Iterations 1
DILUPBiCGStab:  Solving for Uy, Initial residual = 2.8635273e-06, Final residual = 1.026756e-08, No Iterations 1
GAMG:  Solving for p, Initial residual = 1.6440239e-06, Final residual = 1.0439239e-08, No Iterations 6
time step continuity errors : sum local = 7.5671861e-10, global = 6.477658e-18, cumulative = 4.1224206e-16
ExecutionTime = 11.71 s  ClockTime = 12 s

Time = 1409

DILUPBiCGStab:  Solving for Ux, Initial residual = 2.3049296e-06, Final residual = 8.9297154e-09, No Iterations 1
DILUPBiCGStab:  Solving for Uy, Initial residual = 2.8505118e-06, Final residual = 1.0220882e-08, No Iterations 1
GAMG:  Solving for p, Initial residual = 1.636559e-06, Final residual = 1.0391842e-08, No Iterations 6
time step continuity errors : sum local = 7.5328345e-10, global = 6.340121e-18, cumulative = 4.1858218e-16
ExecutionTime = 11.72 s  ClockTime = 12 s

Time = 1410

DILUPBiCGStab:  Solving for Ux, Initial residual = 2.2944568e-06, Final residual = 8.8891533e-09, No Iterations 1
DILUPBiCGStab:  Solving for Uy, Initial residual = 2.8375556e-06, Final residual = 1.0174416e-08, No Iterations 1
GAMG:  Solving for p, Initial residual = 1.6291282e-06, Final residual = 1.0344657e-08, No Iterations 6
time step continuity errors : sum local = 7.4986383e-10, global = 4.1168184e-18, cumulative = 4.22699e-16
ExecutionTime = 11.73 s  ClockTime = 12 s

Time = 1411

DILUPBiCGStab:  Solving for Ux, Initial residual = 2.2840317e-06, Final residual = 8.8487754e-09, No Iterations 1
DILUPBiCGStab:  Solving for Uy, Initial residual = 2.8246583e-06, Final residual = 1.0128153e-08, No Iterations 1
GAMG:  Solving for p, Initial residual = 1.6217318e-06, Final residual = 1.029769e-08, No Iterations 6
time step continuity errors : sum local = 7.4645989e-10, global = 1.9572284e-17, cumulative = 4.4227128e-16
ExecutionTime = 11.74 s  ClockTime = 12 s

Time = 1412

DILUPBiCGStab:  Solving for Ux, Initial residual = 2.2736539e-06, Final residual = 8.808581e-09, No Iterations 1
DILUPBiCGStab:  Solving for Uy, Initial residual = 2.8118197e-06, Final residual = 1.0082098e-08, No Iterations 1
GAMG:  Solving for p, Initial residual = 1.6143691e-06, Final residual = 1.0250931e-08, No Iterations 6
time step continuity errors : sum local = 7.4307099e-10, global = -1.698714e-17, cumulative = 4.2528414e-16
ExecutionTime = 11.75 s  ClockTime = 12 s

Time = 1413

DILUPBiCGStab:  Solving for Ux, Initial residual = 2.2633233e-06, Final residual = 8.7685691e-09, No Iterations 1
DILUPBiCGStab:  Solving for Uy, Initial residual = 2.7990394e-06, Final residual = 1.0036251e-08, No Iterations 1
GAMG:  Solving for p, Initial residual = 1.6070397e-06, Final residual = 1.0204387e-08, No Iterations 6
time step continuity errors : sum local = 7.3969774e-10, global = 1.9362114e-17, cumulative = 4.4464625e-16
ExecutionTime = 11.75 s  ClockTime = 12 s

Time = 1414

DILUPBiCGStab:  Solving for Ux, Initial residual = 2.2530396e-06, Final residual = 8.728739e-09, No Iterations 1
DILUPBiCGStab:  Solving for Uy, Initial residual = 2.7863173e-06, Final residual = 9.990612e-09, No Iterations 1
GAMG:  Solving for p, Initial residual = 1.5997435e-06, Final residual = 1.0158055e-08, No Iterations 6
time step continuity errors : sum local = 7.3633985e-10, global = 1.7936148e-17, cumulative = 4.625824e-16
ExecutionTime = 11.76 s  ClockTime = 12 s

Time = 1415

DILUPBiCGStab:  Solving for Ux, Initial residual = 2.2428027e-06, Final residual = 8.6890897e-09, No Iterations 1
DILUPBiCGStab:  Solving for Uy, Initial residual = 2.773653e-06, Final residual = 9.9451805e-09, No Iterations 1
GAMG:  Solving for p, Initial residual = 1.5924803e-06, Final residual = 1.0111934e-08, No Iterations 6
time step continuity errors : sum local = 7.3299719e-10, global = -6.3082779e-19, cumulative = 4.6195157e-16
ExecutionTime = 11.77 s  ClockTime = 12 s

Time = 1416

DILUPBiCGStab:  Solving for Ux, Initial residual = 2.2326123e-06, Final residual = 8.6496205e-09, No Iterations 1
DILUPBiCGStab:  Solving for Uy, Initial residual = 2.7610463e-06, Final residual = 9.8999557e-09, No Iterations 1
GAMG:  Solving for p, Initial residual = 1.58525e-06, Final residual = 1.006602e-08, No Iterations 6
time step continuity errors : sum local = 7.2966964e-10, global = -2.4801125e-18, cumulative = 4.5947146e-16
ExecutionTime = 11.77 s  ClockTime = 12 s

Time = 1417

DILUPBiCGStab:  Solving for Ux, Initial residual = 2.2224682e-06, Final residual = 8.6103307e-09, No Iterations 1
DILUPBiCGStab:  Solving for Uy, Initial residual = 2.7484969e-06, Final residual = 9.8549366e-09, No Iterations 1
GAMG:  Solving for p, Initial residual = 1.5780525e-06, Final residual = 1.0020318e-08, No Iterations 6
time step continuity errors : sum local = 7.2635734e-10, global = -1.8198834e-17, cumulative = 4.4127263e-16
ExecutionTime = 11.78 s  ClockTime = 12 s

Time = 1418

DILUPBiCGStab:  Solving for Ux, Initial residual = 2.2123702e-06, Final residual = 8.5712192e-09, No Iterations 1
DILUPBiCGStab:  Solving for Uy, Initial residual = 2.7360046e-06, Final residual = 9.8101224e-09, No Iterations 1
GAMG:  Solving for p, Initial residual = 1.5708876e-06, Final residual = 9.9748208e-09, No Iterations 6
time step continuity errors : sum local = 7.2305989e-10, global = -1.304088e-17, cumulative = 4.2823175e-16
ExecutionTime = 11.79 s  ClockTime = 12 s

Time = 1419

DILUPBiCGStab:  Solving for Ux, Initial residual = 2.2023181e-06, Final residual = 8.5322854e-09, No Iterations 1
DILUPBiCGStab:  Solving for Uy, Initial residual = 2.7235691e-06, Final residual = 9.7655121e-09, No Iterations 1
GAMG:  Solving for p, Initial residual = 1.5637552e-06, Final residual = 9.9295315e-09, No Iterations 6
time step continuity errors : sum local = 7.1977758e-10, global = -4.7763923e-18, cumulative = 4.2345536e-16
ExecutionTime = 11.8 s  ClockTime = 12 s

Time = 1420

DILUPBiCGStab:  Solving for Ux, Initial residual = 2.1923117e-06, Final residual = 8.4935285e-09, No Iterations 1
DILUPBiCGStab:  Solving for Uy, Initial residual = 2.7111902e-06, Final residual = 9.7211049e-09, No Iterations 1
GAMG:  Solving for p, Initial residual = 1.5566551e-06, Final residual = 9.88445e-09, No Iterations 6
time step continuity errors : sum local = 7.165103e-10, global = -2.911239e-18, cumulative = 4.2054412e-16
ExecutionTime = 11.81 s  ClockTime = 12 s

Time = 1421

DILUPBiCGStab:  Solving for Ux, Initial residual = 2.1823508e-06, Final residual = 8.454948e-09, No Iterations 1
DILUPBiCGStab:  Solving for Uy, Initial residual = 2.6988675e-06, Final residual = 9.6768998e-09, No Iterations 1
GAMG:  Solving for p, Initial residual = 1.5495871e-06, Final residual = 9.8395774e-09, No Iterations 6
time step continuity errors : sum local = 7.132581e-10, global = 2.4959507e-17, cumulative = 4.4550362e-16
ExecutionTime = 11.82 s  ClockTime = 12 s

Time = 1422

DILUPBiCGStab:  Solving for Ux, Initial residual = 2.1724351e-06, Final residual = 8.416543e-09, No Iterations 1
DILUPBiCGStab:  Solving for Uy, Initial residual = 2.6866009e-06, Final residual = 9.6328959e-09, No Iterations 1
GAMG:  Solving for p, Initial residual = 1.5425513e-06, Final residual = 9.7949107e-09, No Iterations 6
time step continuity errors : sum local = 7.1002078e-10, global = 2.6896486e-17, cumulative = 4.7240011e-16
ExecutionTime = 11.82 s  ClockTime = 12 s

Time = 1423

DILUPBiCGStab:  Solving for Ux, Initial residual = 2.1625645e-06, Final residual = 8.3783124e-09, No Iterations 1
DILUPBiCGStab:  Solving for Uy, Initial residual = 2.6743901e-06, Final residual = 9.5890923e-09, No Iterations 1
GAMG:  Solving for p, Initial residual = 1.5355474e-06, Final residual = 9.7504484e-09, No Iterations 6
time step continuity errors : sum local = 7.0679838e-10, global = -7.332301e-18, cumulative = 4.6506781e-16
ExecutionTime = 11.83 s  ClockTime = 12 s

Time = 1424

DILUPBiCGStab:  Solving for Ux, Initial residual = 2.1527387e-06, Final residual = 8.3402554e-09, No Iterations 1
DILUPBiCGStab:  Solving for Uy, Initial residual = 2.6622348e-06, Final residual = 9.5454882e-09, No Iterations 1
GAMG:  Solving for p, Initial residual = 1.5285753e-06, Final residual = 9.7061817e-09, No Iterations 6
time step continuity errors : sum local = 7.0359009e-10, global = 1.8956716e-17, cumulative = 4.8402452e-16
ExecutionTime = 11.84 s  ClockTime = 12 s

Time = 1425

DILUPBiCGStab:  Solving for Ux, Initial residual = 2.1429576e-06, Final residual = 8.3023711e-09, No Iterations 1
DILUPBiCGStab:  Solving for Uy, Initial residual = 2.6501348e-06, Final residual = 9.5020825e-09, No Iterations 1
GAMG:  Solving for p, Initial residual = 1.5216349e-06, Final residual = 9.6621137e-09, No Iterations 6
time step continuity errors : sum local = 7.0039616e-10, global = -1.9369923e-18, cumulative = 4.8208753e-16
ExecutionTime = 11.85 s  ClockTime = 12 s

Time = 1426

DILUPBiCGStab:  Solving for Ux, Initial residual = 2.1332209e-06, Final residual = 8.2646587e-09, No Iterations 1
DILUPBiCGStab:  Solving for Uy, Initial residual = 2.6380898e-06, Final residual = 9.4588745e-09, No Iterations 1
GAMG:  Solving for p, Initial residual = 1.514726e-06, Final residual = 9.6182453e-09, No Iterations 6
time step continuity errors : sum local = 6.9721684e-10, global = 1.4361774e-17, cumulative = 4.9644931e-16
ExecutionTime = 11.86 s  ClockTime = 12 s

Time = 1427

DILUPBiCGStab:  Solving for Ux, Initial residual = 2.1235285e-06, Final residual = 8.2271176e-09, No Iterations 1
DILUPBiCGStab:  Solving for Uy, Initial residual = 2.6260996e-06, Final residual = 9.4158631e-09, No Iterations 1
GAMG:  Solving for p, Initial residual = 1.5078484e-06, Final residual = 9.5745751e-09, No Iterations 6
time step continuity errors : sum local = 6.9405174e-10, global = 1.8948061e-17, cumulative = 5.1539737e-16
ExecutionTime = 11.87 s  ClockTime = 12 s

Time = 1428

DILUPBiCGStab:  Solving for Ux, Initial residual = 2.1138802e-06, Final residual = 8.189747e-09, No Iterations 1
DILUPBiCGStab:  Solving for Uy, Initial residual = 2.6141639e-06, Final residual = 9.3730475e-09, No Iterations 1
GAMG:  Solving for p, Initial residual = 1.5010021e-06, Final residual = 9.5311022e-09, No Iterations 6
time step continuity errors : sum local = 6.90901e-10, global = 2.333139e-18, cumulative = 5.1773051e-16
ExecutionTime = 11.87 s  ClockTime = 12 s

Time = 1429

DILUPBiCGStab:  Solving for Ux, Initial residual = 2.1042757e-06, Final residual = 8.152546e-09, No Iterations 1
DILUPBiCGStab:  Solving for Uy, Initial residual = 2.6022825e-06, Final residual = 9.3304269e-09, No Iterations 1
GAMG:  Solving for p, Initial residual = 1.4941868e-06, Final residual = 9.4878267e-09, No Iterations 6
time step continuity errors : sum local = 6.8776457e-10, global = -1.5086424e-17, cumulative = 5.0264408e-16
ExecutionTime = 11.88 s  ClockTime = 12 s

Time = 1430

DILUPBiCGStab:  Solving for Ux, Initial residual = 2.0947148e-06, Final residual = 8.115514e-09, No Iterations 1
DILUPBiCGStab:  Solving for Uy, Initial residual = 2.5904551e-06, Final residual = 9.2880002e-09, No Iterations 1
GAMG:  Solving for p, Initial residual = 1.4874025e-06, Final residual = 9.4447484e-09, No Iterations 6
time step continuity errors : sum local = 6.8464232e-10, global = -4.0733417e-18, cumulative = 4.9857074e-16
ExecutionTime = 11.89 s  ClockTime = 12 s

Time = 1431

DILUPBiCGStab:  Solving for Ux, Initial residual = 2.0851974e-06, Final residual = 8.0786501e-09, No Iterations 1
DILUPBiCGStab:  Solving for Uy, Initial residual = 2.5786814e-06, Final residual = 9.2457667e-09, No Iterations 1
GAMG:  Solving for p, Initial residual = 1.4806489e-06, Final residual = 9.4018668e-09, No Iterations 6
time step continuity errors : sum local = 6.8153454e-10, global = -8.421731e-18, cumulative = 4.9014901e-16
ExecutionTime = 11.9 s  ClockTime = 12 s

Time = 1432

DILUPBiCGStab:  Solving for Ux, Initial residual = 2.0757232e-06, Final residual = 8.0419537e-09, No Iterations 1
DILUPBiCGStab:  Solving for Uy, Initial residual = 2.5669614e-06, Final residual = 9.2037255e-09, No Iterations 1
GAMG:  Solving for p, Initial residual = 1.473926e-06, Final residual = 9.3591753e-09, No Iterations 6
time step continuity errors : sum local = 6.7844033e-10, global = 6.6054012e-18, cumulative = 4.9675441e-16
ExecutionTime = 11.91 s  ClockTime = 12 s

Time = 1433

DILUPBiCGStab:  Solving for Ux, Initial residual = 2.0662921e-06, Final residual = 8.005424e-09, No Iterations 1
DILUPBiCGStab:  Solving for Uy, Initial residual = 2.5552946e-06, Final residual = 9.1618756e-09, No Iterations 1
GAMG:  Solving for p, Initial residual = 1.4672336e-06, Final residual = 9.3166829e-09, No Iterations 6
time step continuity errors : sum local = 6.7536058e-10, global = 2.6778364e-17, cumulative = 5.2353277e-16
ExecutionTime = 11.92 s  ClockTime = 12 s

Time = 1434

DILUPBiCGStab:  Solving for Ux, Initial residual = 2.0569038e-06, Final residual = 7.9690601e-09, No Iterations 1
DILUPBiCGStab:  Solving for Uy, Initial residual = 2.5436809e-06, Final residual = 9.1202162e-09, No Iterations 1
GAMG:  Solving for p, Initial residual = 1.4605716e-06, Final residual = 9.2743775e-09, No Iterations 6
time step continuity errors : sum local = 6.7229436e-10, global = 1.8765128e-17, cumulative = 5.422979e-16
ExecutionTime = 11.93 s  ClockTime = 12 s

Time = 1435

DILUPBiCGStab:  Solving for Ux, Initial residual = 2.0475582e-06, Final residual = 7.9328615e-09, No Iterations 1
DILUPBiCGStab:  Solving for Uy, Initial residual = 2.53212e-06, Final residual = 9.0787465e-09, No Iterations 1
GAMG:  Solving for p, Initial residual = 1.4539398e-06, Final residual = 9.2322697e-09, No Iterations 6
time step continuity errors : sum local = 6.6924251e-10, global = -1.1114422e-17, cumulative = 5.3118348e-16
ExecutionTime = 11.93 s  ClockTime = 12 s

Time = 1436

DILUPBiCGStab:  Solving for Ux, Initial residual = 2.0382551e-06, Final residual = 7.8968272e-09, No Iterations 1
DILUPBiCGStab:  Solving for Uy, Initial residual = 2.5206116e-06, Final residual = 9.0374655e-09, No Iterations 1
GAMG:  Solving for p, Initial residual = 1.4473381e-06, Final residual = 9.1903499e-09, No Iterations 6
time step continuity errors : sum local = 6.6620436e-10, global = 5.3688786e-18, cumulative = 5.3655236e-16
ExecutionTime = 11.94 s  ClockTime = 12 s

Time = 1437

DILUPBiCGStab:  Solving for Ux, Initial residual = 2.0289943e-06, Final residual = 7.8609566e-09, No Iterations 1
DILUPBiCGStab:  Solving for Uy, Initial residual = 2.5091556e-06, Final residual = 8.9963724e-09, No Iterations 1
GAMG:  Solving for p, Initial residual = 1.4407664e-06, Final residual = 9.1486229e-09, No Iterations 6
time step continuity errors : sum local = 6.631801e-10, global = 1.6271397e-17, cumulative = 5.5282376e-16
ExecutionTime = 11.95 s  ClockTime = 12 s

Time = 1438

DILUPBiCGStab:  Solving for Ux, Initial residual = 2.0197755e-06, Final residual = 7.825249e-09, No Iterations 1
DILUPBiCGStab:  Solving for Uy, Initial residual = 2.4977517e-06, Final residual = 8.9554664e-09, No Iterations 1
GAMG:  Solving for p, Initial residual = 1.4342245e-06, Final residual = 9.1070807e-09, No Iterations 6
time step continuity errors : sum local = 6.6016919e-10, global = -6.4301712e-19, cumulative = 5.5218074e-16
ExecutionTime = 11.96 s  ClockTime = 12 s

Time = 1439

DILUPBiCGStab:  Solving for Ux, Initial residual = 2.0105986e-06, Final residual = 7.7897035e-09, No Iterations 1
DILUPBiCGStab:  Solving for Uy, Initial residual = 2.4863996e-06, Final residual = 8.9147466e-09, No Iterations 1
GAMG:  Solving for p, Initial residual = 1.4277123e-06, Final residual = 9.0657318e-09, No Iterations 6
time step continuity errors : sum local = 6.5717233e-10, global = -1.9937369e-17, cumulative = 5.3224337e-16
ExecutionTime = 11.97 s  ClockTime = 12 s

Time = 1440

DILUPBiCGStab:  Solving for Ux, Initial residual = 2.0014635e-06, Final residual = 7.7543195e-09, No Iterations 1
DILUPBiCGStab:  Solving for Uy, Initial residual = 2.4750992e-06, Final residual = 8.8742121e-09, No Iterations 1
GAMG:  Solving for p, Initial residual = 1.4212297e-06, Final residual = 9.0245666e-09, No Iterations 6
time step continuity errors : sum local = 6.5418876e-10, global = 6.9520361e-18, cumulative = 5.3919541e-16
ExecutionTime = 11.98 s  ClockTime = 12 s

Time = 1441

DILUPBiCGStab:  Solving for Ux, Initial residual = 1.9923698e-06, Final residual = 7.7190961e-09, No Iterations 1
DILUPBiCGStab:  Solving for Uy, Initial residual = 2.4638501e-06, Final residual = 8.8338621e-09, No Iterations 1
GAMG:  Solving for p, Initial residual = 1.4147764e-06, Final residual = 8.9835922e-09, No Iterations 6
time step continuity errors : sum local = 6.5121906e-10, global = 8.8608381e-18, cumulative = 5.4805624e-16
ExecutionTime = 11.98 s  ClockTime = 12 s

Time = 1442

DILUPBiCGStab:  Solving for Ux, Initial residual = 1.9833175e-06, Final residual = 7.6840328e-09, No Iterations 1
DILUPBiCGStab:  Solving for Uy, Initial residual = 2.4526522e-06, Final residual = 8.7936958e-09, No Iterations 1
GAMG:  Solving for p, Initial residual = 1.4083525e-06, Final residual = 8.9428011e-09, No Iterations 6
time step continuity errors : sum local = 6.4826254e-10, global = -1.0891322e-17, cumulative = 5.3716492e-16
ExecutionTime = 11.99 s  ClockTime = 12 s

Time = 1443

DILUPBiCGStab:  Solving for Ux, Initial residual = 1.9743063e-06, Final residual = 7.6491288e-09, No Iterations 1
DILUPBiCGStab:  Solving for Uy, Initial residual = 2.4415052e-06, Final residual = 8.7537124e-09, No Iterations 1
GAMG:  Solving for p, Initial residual = 1.4019577e-06, Final residual = 8.9021978e-09, No Iterations 6
time step continuity errors : sum local = 6.4531969e-10, global = -1.3669894e-17, cumulative = 5.2349503e-16
ExecutionTime = 12 s  ClockTime = 12 s

Time = 1444

DILUPBiCGStab:  Solving for Ux, Initial residual = 1.965336e-06, Final residual = 7.6143833e-09, No Iterations 1
DILUPBiCGStab:  Solving for Uy, Initial residual = 2.4304089e-06, Final residual = 8.7139109e-09, No Iterations 1
GAMG:  Solving for p, Initial residual = 1.3955919e-06, Final residual = 8.8617752e-09, No Iterations 6
time step continuity errors : sum local = 6.4238993e-10, global = -1.5820471e-17, cumulative = 5.0767456e-16
ExecutionTime = 12 s  ClockTime = 12 s

Time = 1445

DILUPBiCGStab:  Solving for Ux, Initial residual = 1.9564066e-06, Final residual = 7.5797956e-09, No Iterations 1
DILUPBiCGStab:  Solving for Uy, Initial residual = 2.4193631e-06, Final residual = 8.6742905e-09, No Iterations 1
GAMG:  Solving for p, Initial residual = 1.389255e-06, Final residual = 8.821541e-09, No Iterations 6
time step continuity errors : sum local = 6.3947385e-10, global = 1.0170616e-17, cumulative = 5.1784517e-16
ExecutionTime = 12.01 s  ClockTime = 12 s

Time = 1446

DILUPBiCGStab:  Solving for Ux, Initial residual = 1.9475177e-06, Final residual = 7.545365e-09, No Iterations 1
DILUPBiCGStab:  Solving for Uy, Initial residual = 2.4083674e-06, Final residual = 8.6348505e-09, No Iterations 1
GAMG:  Solving for p, Initial residual = 1.3829469e-06, Final residual = 8.7814833e-09, No Iterations 6
time step continuity errors : sum local = 6.3657057e-10, global = 1.3510546e-17, cumulative = 5.3135572e-16
ExecutionTime = 12.02 s  ClockTime = 12 s

Time = 1447

DILUPBiCGStab:  Solving for Ux, Initial residual = 1.9386692e-06, Final residual = 7.5110908e-09, No Iterations 1
DILUPBiCGStab:  Solving for Uy, Initial residual = 2.3974218e-06, Final residual = 8.59559e-09, No Iterations 1
GAMG:  Solving for p, Initial residual = 1.3766674e-06, Final residual = 8.741611e-09, No Iterations 6
time step continuity errors : sum local = 6.3368067e-10, global = -6.291946e-18, cumulative = 5.2506377e-16
ExecutionTime = 12.03 s  ClockTime = 12 s

Time = 1448

DILUPBiCGStab:  Solving for Ux, Initial residual = 1.9298609e-06, Final residual = 7.4769722e-09, No Iterations 1
DILUPBiCGStab:  Solving for Uy, Initial residual = 2.386526e-06, Final residual = 8.5565082e-09, No Iterations 1
GAMG:  Solving for p, Initial residual = 1.3704165e-06, Final residual = 8.7019203e-09, No Iterations 6
time step continuity errors : sum local = 6.3080398e-10, global = 1.0117147e-18, cumulative = 5.2607549e-16
ExecutionTime = 12.04 s  ClockTime = 12 s

Time = 1449

DILUPBiCGStab:  Solving for Ux, Initial residual = 1.9210926e-06, Final residual = 7.4430087e-09, No Iterations 1
DILUPBiCGStab:  Solving for Uy, Initial residual = 2.3756797e-06, Final residual = 8.5176043e-09, No Iterations 1
GAMG:  Solving for p, Initial residual = 1.3641939e-06, Final residual = 8.6624087e-09, No Iterations 6
time step continuity errors : sum local = 6.2794023e-10, global = 2.5454002e-18, cumulative = 5.2862089e-16
ExecutionTime = 12.05 s  ClockTime = 12 s

Time = 1450

DILUPBiCGStab:  Solving for Ux, Initial residual = 1.9123642e-06, Final residual = 7.4091994e-09, No Iterations 1
DILUPBiCGStab:  Solving for Uy, Initial residual = 2.3648827e-06, Final residual = 8.4788774e-09, No Iterations 1
GAMG:  Solving for p, Initial residual = 1.3579995e-06, Final residual = 8.6230762e-09, No Iterations 6
time step continuity errors : sum local = 6.2508949e-10, global = 7.8451133e-19, cumulative = 5.294054e-16
ExecutionTime = 12.05 s  ClockTime = 12 s

Time = 1451

DILUPBiCGStab:  Solving for Ux, Initial residual = 1.9036754e-06, Final residual = 7.3755437e-09, No Iterations 1
DILUPBiCGStab:  Solving for Uy, Initial residual = 2.3541348e-06, Final residual = 8.4403268e-09, No Iterations 1
GAMG:  Solving for p, Initial residual = 1.3518332e-06, Final residual = 8.5839227e-09, No Iterations 6
time step continuity errors : sum local = 6.2225159e-10, global = -1.5691047e-17, cumulative = 5.1371435e-16
ExecutionTime = 12.07 s  ClockTime = 12 s

Time = 1452

DILUPBiCGStab:  Solving for Ux, Initial residual = 1.8950262e-06, Final residual = 7.3420409e-09, No Iterations 1
DILUPBiCGStab:  Solving for Uy, Initial residual = 2.3434357e-06, Final residual = 8.4019516e-09, No Iterations 1
GAMG:  Solving for p, Initial residual = 1.345695e-06, Final residual = 8.5449457e-09, No Iterations 6
time step continuity errors : sum local = 6.1942657e-10, global = 8.1086596e-18, cumulative = 5.2182301e-16
ExecutionTime = 12.08 s  ClockTime = 12 s

Time = 1453

DILUPBiCGStab:  Solving for Ux, Initial residual = 1.8864162e-06, Final residual = 7.3086903e-09, No Iterations 1
DILUPBiCGStab:  Solving for Uy, Initial residual = 2.3327854e-06, Final residual = 8.3637511e-09, No Iterations 1
GAMG:  Solving for p, Initial residual = 1.3395846e-06, Final residual = 8.5061481e-09, No Iterations 6
time step continuity errors : sum local = 6.1661465e-10, global = 1.1902375e-17, cumulative = 5.3372539e-16
ExecutionTime = 12.09 s  ClockTime = 12 s

Time = 1454

DILUPBiCGStab:  Solving for Ux, Initial residual = 1.8778454e-06, Final residual = 7.2754911e-09, No Iterations 1
DILUPBiCGStab:  Solving for Uy, Initial residual = 2.3221834e-06, Final residual = 8.3257245e-09, No Iterations 1
GAMG:  Solving for p, Initial residual = 1.3335019e-06, Final residual = 8.4675236e-09, No Iterations 6
time step continuity errors : sum local = 6.1381511e-10, global = -1.854883e-17, cumulative = 5.1517656e-16
ExecutionTime = 12.1 s  ClockTime = 12 s

Time = 1455

DILUPBiCGStab:  Solving for Ux, Initial residual = 1.8693135e-06, Final residual = 7.2424427e-09, No Iterations 1
DILUPBiCGStab:  Solving for Uy, Initial residual = 2.3116297e-06, Final residual = 8.2878709e-09, No Iterations 1
GAMG:  Solving for p, Initial residual = 1.3274468e-06, Final residual = 8.4290771e-09, No Iterations 6
time step continuity errors : sum local = 6.1102854e-10, global = 3.0936952e-18, cumulative = 5.1827025e-16
ExecutionTime = 12.11 s  ClockTime = 12 s

Time = 1456

DILUPBiCGStab:  Solving for Ux, Initial residual = 1.8608204e-06, Final residual = 7.2095443e-09, No Iterations 1
DILUPBiCGStab:  Solving for Uy, Initial residual = 2.3011239e-06, Final residual = 8.2501876e-09, No Iterations 1
GAMG:  Solving for p, Initial residual = 1.3212385e-06, Final residual = 8.3906913e-09, No Iterations 6
time step continuity errors : sum local = 6.0824645e-10, global = 4.8615853e-18, cumulative = 5.2313184e-16
ExecutionTime = 12.11 s  ClockTime = 12 s

Time = 1457

DILUPBiCGStab:  Solving for Ux, Initial residual = 1.8523658e-06, Final residual = 7.1767943e-09, No Iterations 1
DILUPBiCGStab:  Solving for Uy, Initial residual = 2.2906659e-06, Final residual = 8.2126793e-09, No Iterations 1
GAMG:  Solving for p, Initial residual = 1.3151043e-06, Final residual = 8.3525237e-09, No Iterations 6
time step continuity errors : sum local = 6.0548001e-10, global = 3.294217e-18, cumulative = 5.2642605e-16
ExecutionTime = 12.12 s  ClockTime = 12 s

Time = 1458

DILUPBiCGStab:  Solving for Ux, Initial residual = 1.8439496e-06, Final residual = 7.1441932e-09, No Iterations 1
DILUPBiCGStab:  Solving for Uy, Initial residual = 2.2802555e-06, Final residual = 8.1753414e-09, No Iterations 1
GAMG:  Solving for p, Initial residual = 1.3090413e-06, Final residual = 8.3145656e-09, No Iterations 6
time step continuity errors : sum local = 6.0272885e-10, global = 8.5942213e-18, cumulative = 5.3502028e-16
ExecutionTime = 12.13 s  ClockTime = 12 s

Time = 1459

DILUPBiCGStab:  Solving for Ux, Initial residual = 1.8355717e-06, Final residual = 7.1117403e-09, No Iterations 1
DILUPBiCGStab:  Solving for Uy, Initial residual = 2.2698923e-06, Final residual = 8.1381726e-09, No Iterations 1
GAMG:  Solving for p, Initial residual = 1.3030344e-06, Final residual = 8.2767945e-09, No Iterations 6
time step continuity errors : sum local = 5.9999121e-10, global = -3.2553858e-19, cumulative = 5.3469474e-16
ExecutionTime = 12.14 s  ClockTime = 12 s

Time = 1460

DILUPBiCGStab:  Solving for Ux, Initial residual = 1.8272318e-06, Final residual = 7.0794351e-09, No Iterations 1
DILUPBiCGStab:  Solving for Uy, Initial residual = 2.2595762e-06, Final residual = 8.1011725e-09, No Iterations 1
GAMG:  Solving for p, Initial residual = 1.2971066e-06, Final residual = 8.239203e-09, No Iterations 6
time step continuity errors : sum local = 5.9726659e-10, global = -1.9603294e-17, cumulative = 5.1509144e-16
ExecutionTime = 12.15 s  ClockTime = 12 s

Time = 1461

DILUPBiCGStab:  Solving for Ux, Initial residual = 1.8189298e-06, Final residual = 7.0472765e-09, No Iterations 1
DILUPBiCGStab:  Solving for Uy, Initial residual = 2.2493071e-06, Final residual = 8.0643404e-09, No Iterations 1
GAMG:  Solving for p, Initial residual = 1.2912216e-06, Final residual = 8.2017855e-09, No Iterations 6
time step continuity errors : sum local = 5.9455456e-10, global = -5.0651247e-19, cumulative = 5.1458493e-16
ExecutionTime = 12.16 s  ClockTime = 12 s

Time = 1462

DILUPBiCGStab:  Solving for Ux, Initial residual = 1.8106656e-06, Final residual = 7.015264e-09, No Iterations 1
DILUPBiCGStab:  Solving for Uy, Initial residual = 2.2390845e-06, Final residual = 8.0276755e-09, No Iterations 1
GAMG:  Solving for p, Initial residual = 1.2853616e-06, Final residual = 8.1645396e-09, No Iterations 6
time step continuity errors : sum local = 5.9185495e-10, global = -2.5982603e-17, cumulative = 4.8860233e-16
ExecutionTime = 12.17 s  ClockTime = 12 s

Time = 1463

DILUPBiCGStab:  Solving for Ux, Initial residual = 1.8024389e-06, Final residual = 6.9833967e-09, No Iterations 1
DILUPBiCGStab:  Solving for Uy, Initial residual = 2.2289085e-06, Final residual = 7.9911771e-09, No Iterations 1
GAMG:  Solving for p, Initial residual = 1.2795271e-06, Final residual = 8.1274645e-09, No Iterations 6
time step continuity errors : sum local = 5.8916778e-10, global = -6.4674936e-19, cumulative = 4.8795558e-16
ExecutionTime = 12.17 s  ClockTime = 12 s

Time = 1464

DILUPBiCGStab:  Solving for Ux, Initial residual = 1.7942496e-06, Final residual = 6.9516741e-09, No Iterations 1
DILUPBiCGStab:  Solving for Uy, Initial residual = 2.2187787e-06, Final residual = 7.9548444e-09, No Iterations 1
GAMG:  Solving for p, Initial residual = 1.2737182e-06, Final residual = 8.0905581e-09, No Iterations 6
time step continuity errors : sum local = 5.8649282e-10, global = 1.7018348e-18, cumulative = 4.8965741e-16
ExecutionTime = 12.18 s  ClockTime = 12 s

Time = 1465

DILUPBiCGStab:  Solving for Ux, Initial residual = 1.7860974e-06, Final residual = 6.9200955e-09, No Iterations 1
DILUPBiCGStab:  Solving for Uy, Initial residual = 2.2086949e-06, Final residual = 7.9186767e-09, No Iterations 1
GAMG:  Solving for p, Initial residual = 1.2679352e-06, Final residual = 8.0538171e-09, No Iterations 6
time step continuity errors : sum local = 5.8382978e-10, global = 1.4132626e-17, cumulative = 5.0379004e-16
ExecutionTime = 12.19 s  ClockTime = 12 s

Time = 1466

DILUPBiCGStab:  Solving for Ux, Initial residual = 1.7779824e-06, Final residual = 6.8886603e-09, No Iterations 1
DILUPBiCGStab:  Solving for Uy, Initial residual = 2.198657e-06, Final residual = 7.8826733e-09, No Iterations 1
GAMG:  Solving for p, Initial residual = 1.2621779e-06, Final residual = 8.0172449e-09, No Iterations 6
time step continuity errors : sum local = 5.8117898e-10, global = 7.263506e-18, cumulative = 5.1105354e-16
ExecutionTime = 12.19 s  ClockTime = 12 s

Time = 1467

DILUPBiCGStab:  Solving for Ux, Initial residual = 1.7699042e-06, Final residual = 6.8573678e-09, No Iterations 1
DILUPBiCGStab:  Solving for Uy, Initial residual = 2.1886647e-06, Final residual = 7.8468336e-09, No Iterations 1
GAMG:  Solving for p, Initial residual = 1.2564465e-06, Final residual = 7.9808396e-09, No Iterations 6
time step continuity errors : sum local = 5.7854038e-10, global = -1.5803213e-17, cumulative = 4.9525033e-16
ExecutionTime = 12.2 s  ClockTime = 12 s

Time = 1468

DILUPBiCGStab:  Solving for Ux, Initial residual = 1.7618627e-06, Final residual = 6.8262174e-09, No Iterations 1
DILUPBiCGStab:  Solving for Uy, Initial residual = 2.1787179e-06, Final residual = 7.8111568e-09, No Iterations 1
GAMG:  Solving for p, Initial residual = 1.2507409e-06, Final residual = 7.9445987e-09, No Iterations 6
time step continuity errors : sum local = 5.7591368e-10, global = 1.6814398e-18, cumulative = 4.9693177e-16
ExecutionTime = 12.21 s  ClockTime = 12 s

Time = 1469

DILUPBiCGStab:  Solving for Ux, Initial residual = 1.7538577e-06, Final residual = 6.7952084e-09, No Iterations 1
DILUPBiCGStab:  Solving for Uy, Initial residual = 2.1688163e-06, Final residual = 7.7756423e-09, No Iterations 1
GAMG:  Solving for p, Initial residual = 1.2450611e-06, Final residual = 7.9085224e-09, No Iterations 6
time step continuity errors : sum local = 5.7329871e-10, global = -3.3215868e-18, cumulative = 4.9361018e-16
ExecutionTime = 12.22 s  ClockTime = 12 s

Time = 1470

DILUPBiCGStab:  Solving for Ux, Initial residual = 1.7458892e-06, Final residual = 6.7643402e-09, No Iterations 1
DILUPBiCGStab:  Solving for Uy, Initial residual = 2.1589597e-06, Final residual = 7.7402894e-09, No Iterations 1
GAMG:  Solving for p, Initial residual = 1.2394069e-06, Final residual = 7.8726075e-09, No Iterations 6
time step continuity errors : sum local = 5.7069558e-10, global = -3.4332231e-18, cumulative = 4.9017696e-16
ExecutionTime = 12.22 s  ClockTime = 12 s

Time = 1471

DILUPBiCGStab:  Solving for Ux, Initial residual = 1.7379568e-06, Final residual = 6.7336122e-09, No Iterations 1
DILUPBiCGStab:  Solving for Uy, Initial residual = 2.1491479e-06, Final residual = 7.7050974e-09, No Iterations 1
GAMG:  Solving for p, Initial residual = 1.2337783e-06, Final residual = 7.8368575e-09, No Iterations 6
time step continuity errors : sum local = 5.6810442e-10, global = 1.7195338e-17, cumulative = 5.073723e-16
ExecutionTime = 12.23 s  ClockTime = 12 s

Time = 1472

DILUPBiCGStab:  Solving for Ux, Initial residual = 1.7300605e-06, Final residual = 6.7030239e-09, No Iterations 1
DILUPBiCGStab:  Solving for Uy, Initial residual = 2.1393807e-06, Final residual = 7.6700656e-09, No Iterations 1
GAMG:  Solving for p, Initial residual = 1.2281753e-06, Final residual = 7.8012718e-09, No Iterations 6
time step continuity errors : sum local = 5.6552513e-10, global = -1.4904908e-17, cumulative = 4.9246739e-16
ExecutionTime = 12.24 s  ClockTime = 12 s

Time = 1473

DILUPBiCGStab:  Solving for Ux, Initial residual = 1.7222001e-06, Final residual = 6.6725744e-09, No Iterations 1
DILUPBiCGStab:  Solving for Uy, Initial residual = 2.1296579e-06, Final residual = 7.6351933e-09, No Iterations 1
GAMG:  Solving for p, Initial residual = 1.2225976e-06, Final residual = 7.7658458e-09, No Iterations 6
time step continuity errors : sum local = 5.6295748e-10, global = 1.3872507e-17, cumulative = 5.063399e-16
ExecutionTime = 12.25 s  ClockTime = 12 s

Time = 1474

DILUPBiCGStab:  Solving for Ux, Initial residual = 1.7143754e-06, Final residual = 6.6422633e-09, No Iterations 1
DILUPBiCGStab:  Solving for Uy, Initial residual = 2.1199794e-06, Final residual = 7.6004797e-09, No Iterations 1
GAMG:  Solving for p, Initial residual = 1.2170453e-06, Final residual = 7.7305809e-09, No Iterations 6
time step continuity errors : sum local = 5.6040144e-10, global = -1.6335917e-17, cumulative = 4.9000398e-16
ExecutionTime = 12.26 s  ClockTime = 12 s

Time = 1475

DILUPBiCGStab:  Solving for Ux, Initial residual = 1.7065862e-06, Final residual = 6.6120899e-09, No Iterations 1
DILUPBiCGStab:  Solving for Uy, Initial residual = 2.1103449e-06, Final residual = 7.5659242e-09, No Iterations 1
GAMG:  Solving for p, Initial residual = 1.2115182e-06, Final residual = 7.6954759e-09, No Iterations 6
time step continuity errors : sum local = 5.5785694e-10, global = -1.8405761e-19, cumulative = 4.8981992e-16
ExecutionTime = 12.27 s  ClockTime = 12 s

Time = 1476

DILUPBiCGStab:  Solving for Ux, Initial residual = 1.6988325e-06, Final residual = 6.5820536e-09, No Iterations 1
DILUPBiCGStab:  Solving for Uy, Initial residual = 2.1007541e-06, Final residual = 7.531526e-09, No Iterations 1
GAMG:  Solving for p, Initial residual = 1.2060162e-06, Final residual = 7.6605295e-09, No Iterations 6
time step continuity errors : sum local = 5.5532397e-10, global = 2.9748988e-18, cumulative = 4.9279482e-16
ExecutionTime = 12.27 s  ClockTime = 12 s

Time = 1477

DILUPBiCGStab:  Solving for Ux, Initial residual = 1.691114e-06, Final residual = 6.5521537e-09, No Iterations 1
DILUPBiCGStab:  Solving for Uy, Initial residual = 2.091207e-06, Final residual = 7.4972845e-09, No Iterations 1
GAMG:  Solving for p, Initial residual = 1.2005391e-06, Final residual = 7.6257438e-09, No Iterations 6
time step continuity errors : sum local = 5.5280261e-10, global = 2.8666255e-17, cumulative = 5.2146108e-16
ExecutionTime = 12.28 s  ClockTime = 12 s

Time = 1478

DILUPBiCGStab:  Solving for Ux, Initial residual = 1.6834305e-06, Final residual = 6.5223897e-09, No Iterations 1
DILUPBiCGStab:  Solving for Uy, Initial residual = 2.0817033e-06, Final residual = 7.4631989e-09, No Iterations 1
GAMG:  Solving for p, Initial residual = 1.195087e-06, Final residual = 7.5911153e-09, No Iterations 6
time step continuity errors : sum local = 5.5029275e-10, global = 2.4933884e-17, cumulative = 5.4639496e-16
ExecutionTime = 12.29 s  ClockTime = 12 s

Time = 1479

DILUPBiCGStab:  Solving for Ux, Initial residual = 1.675782e-06, Final residual = 6.492761e-09, No Iterations 1
DILUPBiCGStab:  Solving for Uy, Initial residual = 2.0722428e-06, Final residual = 7.4292685e-09, No Iterations 1
GAMG:  Solving for p, Initial residual = 1.1896596e-06, Final residual = 7.5566446e-09, No Iterations 6
time step continuity errors : sum local = 5.4779427e-10, global = 7.598812e-19, cumulative = 5.4715484e-16
ExecutionTime = 12.3 s  ClockTime = 12 s

Time = 1480

DILUPBiCGStab:  Solving for Ux, Initial residual = 1.6681682e-06, Final residual = 6.4632668e-09, No Iterations 1
DILUPBiCGStab:  Solving for Uy, Initial residual = 2.0628254e-06, Final residual = 7.3954926e-09, No Iterations 1
GAMG:  Solving for p, Initial residual = 1.1842569e-06, Final residual = 7.5223274e-09, No Iterations 6
time step continuity errors : sum local = 5.453069e-10, global = 5.5416998e-18, cumulative = 5.5269654e-16
ExecutionTime = 12.31 s  ClockTime = 12 s

Time = 1481

DILUPBiCGStab:  Solving for Ux, Initial residual = 1.6605891e-06, Final residual = 6.4339067e-09, No Iterations 1
DILUPBiCGStab:  Solving for Uy, Initial residual = 2.0534507e-06, Final residual = 7.3618705e-09, No Iterations 1
GAMG:  Solving for p, Initial residual = 1.1788788e-06, Final residual = 7.4881723e-09, No Iterations 6
time step continuity errors : sum local = 5.4283132e-10, global = 7.3748776e-19, cumulative = 5.5343403e-16
ExecutionTime = 12.32 s  ClockTime = 12 s

Time = 1482

DILUPBiCGStab:  Solving for Ux, Initial residual = 1.6530444e-06, Final residual = 6.40468e-09, No Iterations 1
DILUPBiCGStab:  Solving for Uy, Initial residual = 2.0441187e-06, Final residual = 7.3284015e-09, No Iterations 1
GAMG:  Solving for p, Initial residual = 1.1735251e-06, Final residual = 7.4541664e-09, No Iterations 6
time step continuity errors : sum local = 5.4036646e-10, global = 5.2187685e-18, cumulative = 5.586528e-16
ExecutionTime = 12.32 s  ClockTime = 12 s

Time = 1483

DILUPBiCGStab:  Solving for Ux, Initial residual = 1.645534e-06, Final residual = 6.3755861e-09, No Iterations 1
DILUPBiCGStab:  Solving for Uy, Initial residual = 2.0348291e-06, Final residual = 7.2950849e-09, No Iterations 1
GAMG:  Solving for p, Initial residual = 1.1681957e-06, Final residual = 7.4203195e-09, No Iterations 6
time step continuity errors : sum local = 5.3791329e-10, global = -1.5331693e-18, cumulative = 5.5711963e-16
ExecutionTime = 12.34 s  ClockTime = 12 s

Time = 1484

DILUPBiCGStab:  Solving for Ux, Initial residual = 1.6380577e-06, Final residual = 6.3466244e-09, No Iterations 1
DILUPBiCGStab:  Solving for Uy, Initial residual = 2.0255817e-06, Final residual = 7.26192e-09, No Iterations 1
GAMG:  Solving for p, Initial residual = 1.1628905e-06, Final residual = 7.3866224e-09, No Iterations 6
time step continuity errors : sum local = 5.3547074e-10, global = -1.0907998e-17, cumulative = 5.4621163e-16
ExecutionTime = 12.35 s  ClockTime = 12 s

Time = 1485

DILUPBiCGStab:  Solving for Ux, Initial residual = 1.6306153e-06, Final residual = 6.3177942e-09, No Iterations 1
DILUPBiCGStab:  Solving for Uy, Initial residual = 2.0163764e-06, Final residual = 7.228906e-09, No Iterations 1
GAMG:  Solving for p, Initial residual = 1.1576094e-06, Final residual = 7.3530792e-09, No Iterations 6
time step continuity errors : sum local = 5.3303954e-10, global = -3.5513842e-18, cumulative = 5.4266025e-16
ExecutionTime = 12.35 s  ClockTime = 12 s

Time = 1486

DILUPBiCGStab:  Solving for Ux, Initial residual = 1.6232068e-06, Final residual = 6.2890951e-09, No Iterations 1
DILUPBiCGStab:  Solving for Uy, Initial residual = 2.007213e-06, Final residual = 7.1960423e-09, No Iterations 1
GAMG:  Solving for p, Initial residual = 1.1523524e-06, Final residual = 7.3196893e-09, No Iterations 6
time step continuity errors : sum local = 5.3061929e-10, global = -1.1919342e-17, cumulative = 5.3074091e-16
ExecutionTime = 12.36 s  ClockTime = 12 s

Time = 1487

DILUPBiCGStab:  Solving for Ux, Initial residual = 1.615832e-06, Final residual = 6.2605263e-09, No Iterations 1
DILUPBiCGStab:  Solving for Uy, Initial residual = 1.9980912e-06, Final residual = 7.1633283e-09, No Iterations 1
GAMG:  Solving for p, Initial residual = 1.1471192e-06, Final residual = 7.2864545e-09, No Iterations 6
time step continuity errors : sum local = 5.2821037e-10, global = -2.9655788e-17, cumulative = 5.0108512e-16
ExecutionTime = 12.37 s  ClockTime = 13 s

Time = 1488

DILUPBiCGStab:  Solving for Ux, Initial residual = 1.6084907e-06, Final residual = 6.2320874e-09, No Iterations 1
DILUPBiCGStab:  Solving for Uy, Initial residual = 1.9890108e-06, Final residual = 7.1307631e-09, No Iterations 1
GAMG:  Solving for p, Initial residual = 1.1419098e-06, Final residual = 7.2533656e-09, No Iterations 6
time step continuity errors : sum local = 5.2581205e-10, global = 9.6437216e-18, cumulative = 5.1072884e-16
ExecutionTime = 12.38 s  ClockTime = 13 s

Time = 1489

DILUPBiCGStab:  Solving for Ux, Initial residual = 1.6011827e-06, Final residual = 6.2037777e-09, No Iterations 1
DILUPBiCGStab:  Solving for Uy, Initial residual = 1.9799718e-06, Final residual = 7.0983462e-09, No Iterations 1
GAMG:  Solving for p, Initial residual = 1.136724e-06, Final residual = 7.2204272e-09, No Iterations 6
time step continuity errors : sum local = 5.234245e-10, global = 9.2355179e-18, cumulative = 5.1996436e-16
ExecutionTime = 12.39 s  ClockTime = 13 s

Time = 1490

DILUPBiCGStab:  Solving for Ux, Initial residual = 1.593908e-06, Final residual = 6.1755966e-09, No Iterations 1
DILUPBiCGStab:  Solving for Uy, Initial residual = 1.9709739e-06, Final residual = 7.0660768e-09, No Iterations 1
GAMG:  Solving for p, Initial residual = 1.1315618e-06, Final residual = 7.1876421e-09, No Iterations 6
time step continuity errors : sum local = 5.2104819e-10, global = 8.9650497e-19, cumulative = 5.2086086e-16
ExecutionTime = 12.4 s  ClockTime = 13 s

Time = 1491

DILUPBiCGStab:  Solving for Ux, Initial residual = 1.5866663e-06, Final residual = 6.1475435e-09, No Iterations 1
DILUPBiCGStab:  Solving for Uy, Initial residual = 1.9620168e-06, Final residual = 7.0339543e-09, No Iterations 1
GAMG:  Solving for p, Initial residual = 1.1264231e-06, Final residual = 7.1550042e-09, No Iterations 6
time step continuity errors : sum local = 5.186825e-10, global = -1.3198097e-18, cumulative = 5.1954105e-16
ExecutionTime = 12.4 s  ClockTime = 13 s

Time = 1492

DILUPBiCGStab:  Solving for Ux, Initial residual = 1.5794575e-06, Final residual = 6.1196179e-09, No Iterations 1
DILUPBiCGStab:  Solving for Uy, Initial residual = 1.9531005e-06, Final residual = 7.001978e-09, No Iterations 1
GAMG:  Solving for p, Initial residual = 1.1213077e-06, Final residual = 7.122514e-09, No Iterations 6
time step continuity errors : sum local = 5.1632758e-10, global = -3.3966683e-18, cumulative = 5.1614438e-16
ExecutionTime = 12.41 s  ClockTime = 13 s

Time = 1493

DILUPBiCGStab:  Solving for Ux, Initial residual = 1.5722815e-06, Final residual = 6.0918192e-09, No Iterations 1
DILUPBiCGStab:  Solving for Uy, Initial residual = 1.9442248e-06, Final residual = 6.9701473e-09, No Iterations 1
GAMG:  Solving for p, Initial residual = 1.1162155e-06, Final residual = 7.090169e-09, No Iterations 6
time step continuity errors : sum local = 5.1398306e-10, global = 2.3413976e-18, cumulative = 5.1848578e-16
ExecutionTime = 12.42 s  ClockTime = 13 s

Time = 1494

DILUPBiCGStab:  Solving for Ux, Initial residual = 1.5651381e-06, Final residual = 6.0641468e-09, No Iterations 1
DILUPBiCGStab:  Solving for Uy, Initial residual = 1.9353894e-06, Final residual = 6.9384614e-09, No Iterations 1
GAMG:  Solving for p, Initial residual = 1.1111465e-06, Final residual = 7.0579742e-09, No Iterations 6
time step continuity errors : sum local = 5.1164948e-10, global = 2.2250431e-17, cumulative = 5.4073621e-16
ExecutionTime = 12.43 s  ClockTime = 13 s

Time = 1495

DILUPBiCGStab:  Solving for Ux, Initial residual = 1.5580271e-06, Final residual = 6.0366001e-09, No Iterations 1
DILUPBiCGStab:  Solving for Uy, Initial residual = 1.9265941e-06, Final residual = 6.9069197e-09, No Iterations 1
GAMG:  Solving for p, Initial residual = 1.1061005e-06, Final residual = 7.0259262e-09, No Iterations 6
time step continuity errors : sum local = 5.0932659e-10, global = 1.8963877e-18, cumulative = 5.426326e-16
ExecutionTime = 12.44 s  ClockTime = 13 s

Time = 1496

DILUPBiCGStab:  Solving for Ux, Initial residual = 1.5509485e-06, Final residual = 6.0091786e-09, No Iterations 1
DILUPBiCGStab:  Solving for Uy, Initial residual = 1.9178389e-06, Final residual = 6.8755215e-09, No Iterations 1
GAMG:  Solving for p, Initial residual = 1.1010774e-06, Final residual = 6.9940213e-09, No Iterations 6
time step continuity errors : sum local = 5.0701402e-10, global = 2.2577399e-18, cumulative = 5.4489034e-16
ExecutionTime = 12.45 s  ClockTime = 13 s

Time = 1497

DILUPBiCGStab:  Solving for Ux, Initial residual = 1.543902e-06, Final residual = 5.9818816e-09, No Iterations 1
DILUPBiCGStab:  Solving for Uy, Initial residual = 1.9091234e-06, Final residual = 6.8442662e-09, No Iterations 1
GAMG:  Solving for p, Initial residual = 1.0960771e-06, Final residual = 6.9622625e-09, No Iterations 6
time step continuity errors : sum local = 5.04712e-10, global = 3.8853653e-17, cumulative = 5.8374399e-16
ExecutionTime = 12.45 s  ClockTime = 13 s

Time = 1498

DILUPBiCGStab:  Solving for Ux, Initial residual = 1.5368876e-06, Final residual = 5.9547087e-09, No Iterations 1
DILUPBiCGStab:  Solving for Uy, Initial residual = 1.9004476e-06, Final residual = 6.8131532e-09, No Iterations 1
GAMG:  Solving for p, Initial residual = 1.0910995e-06, Final residual = 6.9306488e-09, No Iterations 6
time step continuity errors : sum local = 5.0242057e-10, global = -1.129758e-17, cumulative = 5.7244641e-16
ExecutionTime = 12.46 s  ClockTime = 13 s

Time = 1499

DILUPBiCGStab:  Solving for Ux, Initial residual = 1.529905e-06, Final residual = 5.9276592e-09, No Iterations 1
DILUPBiCGStab:  Solving for Uy, Initial residual = 1.8918112e-06, Final residual = 6.7821817e-09, No Iterations 1
GAMG:  Solving for p, Initial residual = 1.0861446e-06, Final residual = 6.8991761e-09, No Iterations 6
time step continuity errors : sum local = 5.0013923e-10, global = -2.1201274e-17, cumulative = 5.5124514e-16
ExecutionTime = 12.47 s  ClockTime = 13 s

Time = 1500

DILUPBiCGStab:  Solving for Ux, Initial residual = 1.5229542e-06, Final residual = 5.9007326e-09, No Iterations 1
DILUPBiCGStab:  Solving for Uy, Initial residual = 1.8832141e-06, Final residual = 6.7513511e-09, No Iterations 1
GAMG:  Solving for p, Initial residual = 1.0812121e-06, Final residual = 6.8678481e-09, No Iterations 6
time step continuity errors : sum local = 4.9786854e-10, global = 2.7146731e-17, cumulative = 5.7839187e-16
ExecutionTime = 12.48 s  ClockTime = 13 s

Time = 1501

DILUPBiCGStab:  Solving for Ux, Initial residual = 1.5160349e-06, Final residual = 5.8739283e-09, No Iterations 1
DILUPBiCGStab:  Solving for Uy, Initial residual = 1.8746561e-06, Final residual = 6.7206609e-09, No Iterations 1
GAMG:  Solving for p, Initial residual = 1.076302e-06, Final residual = 6.8366634e-09, No Iterations 6
time step continuity errors : sum local = 4.9560822e-10, global = 2.7273005e-18, cumulative = 5.8111917e-16
ExecutionTime = 12.49 s  ClockTime = 13 s

Time = 1502

DILUPBiCGStab:  Solving for Ux, Initial residual = 1.5091471e-06, Final residual = 5.8472459e-09, No Iterations 1
DILUPBiCGStab:  Solving for Uy, Initial residual = 1.866137e-06, Final residual = 6.6901102e-09, No Iterations 1
GAMG:  Solving for p, Initial residual = 1.0714143e-06, Final residual = 6.8056161e-09, No Iterations 6
time step continuity errors : sum local = 4.9335774e-10, global = -3.598241e-17, cumulative = 5.4513676e-16
ExecutionTime = 12.5 s  ClockTime = 13 s

Time = 1503

DILUPBiCGStab:  Solving for Ux, Initial residual = 1.5022906e-06, Final residual = 5.8206846e-09, No Iterations 1
DILUPBiCGStab:  Solving for Uy, Initial residual = 1.8576566e-06, Final residual = 6.6596986e-09, No Iterations 1
GAMG:  Solving for p, Initial residual = 1.0665487e-06, Final residual = 6.7747148e-09, No Iterations 6
time step continuity errors : sum local = 4.9111791e-10, global = 1.6094248e-17, cumulative = 5.6123101e-16
ExecutionTime = 12.51 s  ClockTime = 13 s

Time = 1504

DILUPBiCGStab:  Solving for Ux, Initial residual = 1.4954653e-06, Final residual = 5.794244e-09, No Iterations 1
DILUPBiCGStab:  Solving for Uy, Initial residual = 1.8492147e-06, Final residual = 6.6294254e-09, No Iterations 1
GAMG:  Solving for p, Initial residual = 1.0617052e-06, Final residual = 6.7439491e-09, No Iterations 6
time step continuity errors : sum local = 4.8888786e-10, global = 1.5570729e-17, cumulative = 5.7680174e-16
ExecutionTime = 12.51 s  ClockTime = 13 s

Time = 1505

DILUPBiCGStab:  Solving for Ux, Initial residual = 1.4886709e-06, Final residual = 5.7679235e-09, No Iterations 1
DILUPBiCGStab:  Solving for Uy, Initial residual = 1.8408113e-06, Final residual = 6.5992898e-09, No Iterations 1
GAMG:  Solving for p, Initial residual = 1.0568837e-06, Final residual = 6.713328e-09, No Iterations 6
time step continuity errors : sum local = 4.8666836e-10, global = -4.7959138e-18, cumulative = 5.7200582e-16
ExecutionTime = 12.52 s  ClockTime = 13 s

Time = 1506

DILUPBiCGStab:  Solving for Ux, Initial residual = 1.4819075e-06, Final residual = 5.7417226e-09, No Iterations 1
DILUPBiCGStab:  Solving for Uy, Initial residual = 1.832446e-06, Final residual = 6.5692914e-09, No Iterations 1
GAMG:  Solving for p, Initial residual = 1.0520841e-06, Final residual = 6.6828419e-09, No Iterations 6
time step continuity errors : sum local = 4.8445866e-10, global = -9.9176441e-18, cumulative = 5.6208818e-16
ExecutionTime = 12.53 s  ClockTime = 13 s

Time = 1507

DILUPBiCGStab:  Solving for Ux, Initial residual = 1.4751747e-06, Final residual = 5.7156407e-09, No Iterations 1
DILUPBiCGStab:  Solving for Uy, Initial residual = 1.8241188e-06, Final residual = 6.5394295e-09, No Iterations 1
GAMG:  Solving for p, Initial residual = 1.0473063e-06, Final residual = 6.6524946e-09, No Iterations 6
time step continuity errors : sum local = 4.822589e-10, global = 6.8107802e-18, cumulative = 5.6889896e-16
ExecutionTime = 12.53 s  ClockTime = 13 s

Time = 1508

DILUPBiCGStab:  Solving for Ux, Initial residual = 1.4684726e-06, Final residual = 5.6896773e-09, No Iterations 1
DILUPBiCGStab:  Solving for Uy, Initial residual = 1.8158294e-06, Final residual = 6.5097034e-09, No Iterations 1
GAMG:  Solving for p, Initial residual = 1.0425502e-06, Final residual = 6.622287e-09, No Iterations 6
time step continuity errors : sum local = 4.8006929e-10, global = -2.3864968e-17, cumulative = 5.4503399e-16
ExecutionTime = 12.54 s  ClockTime = 13 s

Time = 1509

DILUPBiCGStab:  Solving for Ux, Initial residual = 1.4618009e-06, Final residual = 5.6638318e-09, No Iterations 1
DILUPBiCGStab:  Solving for Uy, Initial residual = 1.8075777e-06, Final residual = 6.4801126e-09, No Iterations 1
GAMG:  Solving for p, Initial residual = 1.0378157e-06, Final residual = 6.5922159e-09, No Iterations 6
time step continuity errors : sum local = 4.7788967e-10, global = 5.5672829e-18, cumulative = 5.5060127e-16
ExecutionTime = 12.56 s  ClockTime = 13 s

Time = 1510

DILUPBiCGStab:  Solving for Ux, Initial residual = 1.4551595e-06, Final residual = 5.6381038e-09, No Iterations 1
DILUPBiCGStab:  Solving for Uy, Initial residual = 1.7993636e-06, Final residual = 6.4506564e-09, No Iterations 1
GAMG:  Solving for p, Initial residual = 1.0331027e-06, Final residual = 6.5622811e-09, No Iterations 6
time step continuity errors : sum local = 4.7571986e-10, global = -1.6168297e-17, cumulative = 5.3443298e-16
ExecutionTime = 12.57 s  ClockTime = 13 s

Time = 1511

DILUPBiCGStab:  Solving for Ux, Initial residual = 1.4485484e-06, Final residual = 5.6124925e-09, No Iterations 1
DILUPBiCGStab:  Solving for Uy, Initial residual = 1.7911867e-06, Final residual = 6.4213342e-09, No Iterations 1
GAMG:  Solving for p, Initial residual = 1.0284111e-06, Final residual = 6.5324845e-09, No Iterations 6
time step continuity errors : sum local = 4.7356006e-10, global = 3.1353454e-18, cumulative = 5.3756832e-16
ExecutionTime = 12.57 s  ClockTime = 13 s

Time = 1512

DILUPBiCGStab:  Solving for Ux, Initial residual = 1.4419672e-06, Final residual = 5.5869976e-09, No Iterations 1
DILUPBiCGStab:  Solving for Uy, Initial residual = 1.7830471e-06, Final residual = 6.3921454e-09, No Iterations 1
GAMG:  Solving for p, Initial residual = 1.0237408e-06, Final residual = 6.5028205e-09, No Iterations 6
time step continuity errors : sum local = 4.714099e-10, global = -2.5123527e-18, cumulative = 5.3505597e-16
ExecutionTime = 12.58 s  ClockTime = 13 s

Time = 1513

DILUPBiCGStab:  Solving for Ux, Initial residual = 1.435416e-06, Final residual = 5.5616186e-09, No Iterations 1
DILUPBiCGStab:  Solving for Uy, Initial residual = 1.7749444e-06, Final residual = 6.3630894e-09, No Iterations 1
GAMG:  Solving for p, Initial residual = 1.0190916e-06, Final residual = 6.4732929e-09, No Iterations 6
time step continuity errors : sum local = 4.6926962e-10, global = 1.0922212e-17, cumulative = 5.4597818e-16
ExecutionTime = 12.59 s  ClockTime = 13 s

Time = 1514

DILUPBiCGStab:  Solving for Ux, Initial residual = 1.4288945e-06, Final residual = 5.5363549e-09, No Iterations 1
DILUPBiCGStab:  Solving for Uy, Initial residual = 1.7668786e-06, Final residual = 6.3341656e-09, No Iterations 1
GAMG:  Solving for p, Initial residual = 1.0144636e-06, Final residual = 6.4438961e-09, No Iterations 6
time step continuity errors : sum local = 4.6713872e-10, global = 2.8719843e-18, cumulative = 5.4885017e-16
ExecutionTime = 12.6 s  ClockTime = 13 s

Time = 1515

DILUPBiCGStab:  Solving for Ux, Initial residual = 1.4224027e-06, Final residual = 5.511206e-09, No Iterations 1
DILUPBiCGStab:  Solving for Uy, Initial residual = 1.7588495e-06, Final residual = 6.3053733e-09, No Iterations 1
GAMG:  Solving for p, Initial residual = 1.0098566e-06, Final residual = 6.4146338e-09, No Iterations 6
time step continuity errors : sum local = 4.6501766e-10, global = 9.2251152e-19, cumulative = 5.4977268e-16
ExecutionTime = 12.61 s  ClockTime = 13 s

Time = 1516

DILUPBiCGStab:  Solving for Ux, Initial residual = 1.4159403e-06, Final residual = 5.4861713e-09, No Iterations 1
DILUPBiCGStab:  Solving for Uy, Initial residual = 1.7508568e-06, Final residual = 6.276712e-09, No Iterations 1
GAMG:  Solving for p, Initial residual = 1.0052705e-06, Final residual = 6.3855059e-09, No Iterations 6
time step continuity errors : sum local = 4.6290634e-10, global = -1.3254994e-17, cumulative = 5.3651768e-16
ExecutionTime = 12.62 s  ClockTime = 13 s

Time = 1517

DILUPBiCGStab:  Solving for Ux, Initial residual = 1.4095074e-06, Final residual = 5.4612503e-09, No Iterations 1
DILUPBiCGStab:  Solving for Uy, Initial residual = 1.7429005e-06, Final residual = 6.2481811e-09, No Iterations 1
GAMG:  Solving for p, Initial residual = 1.0007052e-06, Final residual = 6.356511e-09, No Iterations 6
time step continuity errors : sum local = 4.6080471e-10, global = 1.0216104e-17, cumulative = 5.4673379e-16
ExecutionTime = 12.62 s  ClockTime = 13 s

Time = 1518

DILUPBiCGStab:  Solving for Ux, Initial residual = 1.4031036e-06, Final residual = 5.4364426e-09, No Iterations 1
DILUPBiCGStab:  Solving for Uy, Initial residual = 1.7349804e-06, Final residual = 6.21978e-09, No Iterations 1
GAMG:  Solving for p, Initial residual = 9.9616071e-07, Final residual = 6.327646e-09, No Iterations 6
time step continuity errors : sum local = 4.5871236e-10, global = -2.0312949e-17, cumulative = 5.2642084e-16
ExecutionTime = 12.63 s  ClockTime = 13 s

Time = 1519

DILUPBiCGStab:  Solving for Ux, Initial residual = 1.396729e-06, Final residual = 5.4117475e-09, No Iterations 1
DILUPBiCGStab:  Solving for Uy, Initial residual = 1.7270962e-06, Final residual = 6.1915081e-09, No Iterations 1
GAMG:  Solving for p, Initial residual = 9.9163682e-07, Final residual = 6.2989122e-09, No Iterations 6
time step continuity errors : sum local = 4.5662959e-10, global = 1.3602409e-17, cumulative = 5.4002325e-16
ExecutionTime = 12.64 s  ClockTime = 13 s

Time = 1520

DILUPBiCGStab:  Solving for Ux, Initial residual = 1.3903833e-06, Final residual = 5.3871646e-09, No Iterations 1
DILUPBiCGStab:  Solving for Uy, Initial residual = 1.7192479e-06, Final residual = 6.1633648e-09, No Iterations 1
GAMG:  Solving for p, Initial residual = 9.8713347e-07, Final residual = 6.2703086e-09, No Iterations 6
time step continuity errors : sum local = 4.5455631e-10, global = 7.56861e-18, cumulative = 5.4759186e-16
ExecutionTime = 12.65 s  ClockTime = 13 s

Time = 1521

DILUPBiCGStab:  Solving for Ux, Initial residual = 1.3840665e-06, Final residual = 5.3626934e-09, No Iterations 1
DILUPBiCGStab:  Solving for Uy, Initial residual = 1.7114353e-06, Final residual = 6.1353495e-09, No Iterations 1
GAMG:  Solving for p, Initial residual = 9.8265057e-07, Final residual = 6.2418365e-09, No Iterations 6
time step continuity errors : sum local = 4.524924e-10, global = -4.0075379e-18, cumulative = 5.4358432e-16
ExecutionTime = 12.66 s  ClockTime = 13 s

Time = 1522

DILUPBiCGStab:  Solving for Ux, Initial residual = 1.3777783e-06, Final residual = 5.3383334e-09, No Iterations 1
DILUPBiCGStab:  Solving for Uy, Initial residual = 1.7036582e-06, Final residual = 6.1074617e-09, No Iterations 1
GAMG:  Solving for p, Initial residual = 9.7818803e-07, Final residual = 6.2134908e-09, No Iterations 6
time step continuity errors : sum local = 4.5043784e-10, global = 1.1304171e-17, cumulative = 5.5488849e-16
ExecutionTime = 12.67 s  ClockTime = 13 s

Time = 1523

DILUPBiCGStab:  Solving for Ux, Initial residual = 1.3715188e-06, Final residual = 5.314084e-09, No Iterations 1
DILUPBiCGStab:  Solving for Uy, Initial residual = 1.6959165e-06, Final residual = 6.0797007e-09, No Iterations 1
GAMG:  Solving for p, Initial residual = 9.7374575e-07, Final residual = 6.1852747e-09, No Iterations 6
time step continuity errors : sum local = 4.4839261e-10, global = 8.8529104e-18, cumulative = 5.637414e-16
ExecutionTime = 12.67 s  ClockTime = 13 s

Time = 1524

DILUPBiCGStab:  Solving for Ux, Initial residual = 1.3652877e-06, Final residual = 5.2899448e-09, No Iterations 1
DILUPBiCGStab:  Solving for Uy, Initial residual = 1.6882099e-06, Final residual = 6.052066e-09, No Iterations 1
GAMG:  Solving for p, Initial residual = 9.6932364e-07, Final residual = 6.1571893e-09, No Iterations 6
time step continuity errors : sum local = 4.4635679e-10, global = -4.3439423e-18, cumulative = 5.5939746e-16
ExecutionTime = 12.68 s  ClockTime = 13 s

Time = 1525

DILUPBiCGStab:  Solving for Ux, Initial residual = 1.3590849e-06, Final residual = 5.2659152e-09, No Iterations 1
DILUPBiCGStab:  Solving for Uy, Initial residual = 1.6805384e-06, Final residual = 6.024557e-09, No Iterations 1
GAMG:  Solving for p, Initial residual = 9.6492161e-07, Final residual = 6.1292299e-09, No Iterations 6
time step continuity errors : sum local = 4.4433017e-10, global = 1.952808e-18, cumulative = 5.6135027e-16
ExecutionTime = 12.69 s  ClockTime = 13 s

Time = 1526

DILUPBiCGStab:  Solving for Ux, Initial residual = 1.3529102e-06, Final residual = 5.2419948e-09, No Iterations 1
DILUPBiCGStab:  Solving for Uy, Initial residual = 1.6729017e-06, Final residual = 5.9971731e-09, No Iterations 1
GAMG:  Solving for p, Initial residual = 9.6053956e-07, Final residual = 6.1013988e-09, No Iterations 6
time step continuity errors : sum local = 4.423127e-10, global = -1.3893537e-17, cumulative = 5.4745673e-16
ExecutionTime = 12.7 s  ClockTime = 13 s

Time = 1527

DILUPBiCGStab:  Solving for Ux, Initial residual = 1.3467637e-06, Final residual = 5.2181831e-09, No Iterations 1
DILUPBiCGStab:  Solving for Uy, Initial residual = 1.6652998e-06, Final residual = 5.9699138e-09, No Iterations 1
GAMG:  Solving for p, Initial residual = 9.5617741e-07, Final residual = 6.0736934e-09, No Iterations 6
time step continuity errors : sum local = 4.4030454e-10, global = 9.718234e-18, cumulative = 5.5717496e-16
ExecutionTime = 12.71 s  ClockTime = 13 s

Time = 1528

DILUPBiCGStab:  Solving for Ux, Initial residual = 1.340645e-06, Final residual = 5.1944795e-09, No Iterations 1
DILUPBiCGStab:  Solving for Uy, Initial residual = 1.6577324e-06, Final residual = 5.9427785e-09, No Iterations 1
GAMG:  Solving for p, Initial residual = 9.5183507e-07, Final residual = 6.0461131e-09, No Iterations 6
time step continuity errors : sum local = 4.3830537e-10, global = -1.384879e-17, cumulative = 5.4332617e-16
ExecutionTime = 12.72 s  ClockTime = 13 s

Time = 1529

DILUPBiCGStab:  Solving for Ux, Initial residual = 1.3345542e-06, Final residual = 5.1708836e-09, No Iterations 1
DILUPBiCGStab:  Solving for Uy, Initial residual = 1.6501995e-06, Final residual = 5.9157666e-09, No Iterations 1
GAMG:  Solving for p, Initial residual = 9.4751245e-07, Final residual = 6.0186551e-09, No Iterations 6
time step continuity errors : sum local = 4.3631506e-10, global = 3.9320593e-18, cumulative = 5.4725823e-16
ExecutionTime = 12.72 s  ClockTime = 13 s

Time = 1530

DILUPBiCGStab:  Solving for Ux, Initial residual = 1.3284911e-06, Final residual = 5.1473949e-09, No Iterations 1
DILUPBiCGStab:  Solving for Uy, Initial residual = 1.6427007e-06, Final residual = 5.8888775e-09, No Iterations 1
GAMG:  Solving for p, Initial residual = 9.4320944e-07, Final residual = 5.9913245e-09, No Iterations 6
time step continuity errors : sum local = 4.3433396e-10, global = 1.7898614e-17, cumulative = 5.6515685e-16
ExecutionTime = 12.73 s  ClockTime = 13 s

Time = 1531

DILUPBiCGStab:  Solving for Ux, Initial residual = 1.3224555e-06, Final residual = 5.1240128e-09, No Iterations 1
DILUPBiCGStab:  Solving for Uy, Initial residual = 1.6352361e-06, Final residual = 5.8621108e-09, No Iterations 1
GAMG:  Solving for p, Initial residual = 9.3892598e-07, Final residual = 5.9641183e-09, No Iterations 6
time step continuity errors : sum local = 4.3236188e-10, global = 8.4132606e-18, cumulative = 5.7357011e-16
ExecutionTime = 12.74 s  ClockTime = 13 s

Time = 1532

DILUPBiCGStab:  Solving for Ux, Initial residual = 1.3164473e-06, Final residual = 5.100737e-09, No Iterations 1
DILUPBiCGStab:  Solving for Uy, Initial residual = 1.6278054e-06, Final residual = 5.8354658e-09, No Iterations 1
GAMG:  Solving for p, Initial residual = 9.3466197e-07, Final residual = 5.937033e-09, No Iterations 6
time step continuity errors : sum local = 4.3039859e-10, global = -2.5370238e-17, cumulative = 5.4819987e-16
ExecutionTime = 12.74 s  ClockTime = 13 s

Time = 1533

DILUPBiCGStab:  Solving for Ux, Initial residual = 1.3104664e-06, Final residual = 5.0775669e-09, No Iterations 1
DILUPBiCGStab:  Solving for Uy, Initial residual = 1.6204085e-06, Final residual = 5.808942e-09, No Iterations 1
GAMG:  Solving for p, Initial residual = 9.3041731e-07, Final residual = 5.9100736e-09, No Iterations 6
time step continuity errors : sum local = 4.2844442e-10, global = 8.1732062e-19, cumulative = 5.4901719e-16
ExecutionTime = 12.75 s  ClockTime = 13 s

Time = 1534

DILUPBiCGStab:  Solving for Ux, Initial residual = 1.3045127e-06, Final residual = 5.0545021e-09, No Iterations 1
DILUPBiCGStab:  Solving for Uy, Initial residual = 1.6130452e-06, Final residual = 5.7825388e-09, No Iterations 1
GAMG:  Solving for p, Initial residual = 9.2619194e-07, Final residual = 5.8832381e-09, No Iterations 6
time step continuity errors : sum local = 4.2649927e-10, global = 2.851228e-17, cumulative = 5.7752947e-16
ExecutionTime = 12.76 s  ClockTime = 13 s

Time = 1535

DILUPBiCGStab:  Solving for Ux, Initial residual = 1.2985861e-06, Final residual = 5.031542e-09, No Iterations 1
DILUPBiCGStab:  Solving for Uy, Initial residual = 1.6057153e-06, Final residual = 5.7562558e-09, No Iterations 1
GAMG:  Solving for p, Initial residual = 9.2198574e-07, Final residual = 5.856522e-09, No Iterations 6
time step continuity errors : sum local = 4.2456266e-10, global = 2.2557917e-17, cumulative = 6.0008739e-16
ExecutionTime = 12.77 s  ClockTime = 13 s

Time = 1536

DILUPBiCGStab:  Solving for Ux, Initial residual = 1.2926863e-06, Final residual = 5.0086863e-09, No Iterations 1
DILUPBiCGStab:  Solving for Uy, Initial residual = 1.5984188e-06, Final residual = 5.7300923e-09, No Iterations 1
GAMG:  Solving for p, Initial residual = 9.1779865e-07, Final residual = 5.8299251e-09, No Iterations 6
time step continuity errors : sum local = 4.226347e-10, global = -9.7758455e-18, cumulative = 5.9031154e-16
ExecutionTime = 12.78 s  ClockTime = 13 s

Time = 1537

DILUPBiCGStab:  Solving for Ux, Initial residual = 1.2868134e-06, Final residual = 4.9859344e-09, No Iterations 1
DILUPBiCGStab:  Solving for Uy, Initial residual = 1.5911555e-06, Final residual = 5.7040477e-09, No Iterations 1
GAMG:  Solving for p, Initial residual = 9.1363056e-07, Final residual = 5.8034522e-09, No Iterations 6
time step continuity errors : sum local = 4.207158e-10, global = -1.3491448e-17, cumulative = 5.7682009e-16
ExecutionTime = 12.79 s  ClockTime = 13 s

Time = 1538

DILUPBiCGStab:  Solving for Ux, Initial residual = 1.2809672e-06, Final residual = 4.9632858e-09, No Iterations 1
DILUPBiCGStab:  Solving for Uy, Initial residual = 1.5839251e-06, Final residual = 5.6781217e-09, No Iterations 1
GAMG:  Solving for p, Initial residual = 9.094814e-07, Final residual = 5.7770996e-09, No Iterations 6
time step continuity errors : sum local = 4.1880567e-10, global = -1.834357e-17, cumulative = 5.5847652e-16
ExecutionTime = 12.79 s  ClockTime = 13 s

Time = 1539

DILUPBiCGStab:  Solving for Ux, Initial residual = 1.2751476e-06, Final residual = 4.9407401e-09, No Iterations 1
DILUPBiCGStab:  Solving for Uy, Initial residual = 1.5767277e-06, Final residual = 5.6523135e-09, No Iterations 1
GAMG:  Solving for p, Initial residual = 9.0535108e-07, Final residual = 5.7508659e-09, No Iterations 6
time step continuity errors : sum local = 4.1690405e-10, global = 9.7818144e-18, cumulative = 5.6825834e-16
ExecutionTime = 12.8 s  ClockTime = 13 s

Time = 1540

DILUPBiCGStab:  Solving for Ux, Initial residual = 1.2693543e-06, Final residual = 4.9182968e-09, No Iterations 1
DILUPBiCGStab:  Solving for Uy, Initial residual = 1.5695629e-06, Final residual = 5.6266228e-09, No Iterations 1
GAMG:  Solving for p, Initial residual = 9.0123951e-07, Final residual = 5.7247495e-09, No Iterations 6
time step continuity errors : sum local = 4.1501093e-10, global = -2.1839196e-17, cumulative = 5.4641914e-16
ExecutionTime = 12.81 s  ClockTime = 13 s

Time = 1541

DILUPBiCGStab:  Solving for Ux, Initial residual = 1.2635875e-06, Final residual = 4.8959554e-09, No Iterations 1
DILUPBiCGStab:  Solving for Uy, Initial residual = 1.5624307e-06, Final residual = 5.6010489e-09, No Iterations 1
GAMG:  Solving for p, Initial residual = 8.9714661e-07, Final residual = 5.6987533e-09, No Iterations 6
time step continuity errors : sum local = 4.1312654e-10, global = -1.7520241e-17, cumulative = 5.288989e-16
ExecutionTime = 12.82 s  ClockTime = 13 s

Time = 1542

DILUPBiCGStab:  Solving for Ux, Initial residual = 1.2578468e-06, Final residual = 4.8737156e-09, No Iterations 1
DILUPBiCGStab:  Solving for Uy, Initial residual = 1.555331e-06, Final residual = 5.5755913e-09, No Iterations 1
GAMG:  Solving for p, Initial residual = 8.930723e-07, Final residual = 5.6728744e-09, No Iterations 6
time step continuity errors : sum local = 4.1125066e-10, global = -3.3424317e-18, cumulative = 5.2555647e-16
ExecutionTime = 12.83 s  ClockTime = 13 s

Time = 1543

DILUPBiCGStab:  Solving for Ux, Initial residual = 1.2521322e-06, Final residual = 4.8515768e-09, No Iterations 1
DILUPBiCGStab:  Solving for Uy, Initial residual = 1.5482635e-06, Final residual = 5.5502494e-09, No Iterations 1
GAMG:  Solving for p, Initial residual = 8.8901649e-07, Final residual = 5.6471151e-09, No Iterations 6
time step continuity errors : sum local = 4.0938355e-10, global = -5.6436482e-18, cumulative = 5.1991282e-16
ExecutionTime = 12.83 s  ClockTime = 13 s

Time = 1544

DILUPBiCGStab:  Solving for Ux, Initial residual = 1.2464435e-06, Final residual = 4.8295385e-09, No Iterations 1
DILUPBiCGStab:  Solving for Uy, Initial residual = 1.5412281e-06, Final residual = 5.5250229e-09, No Iterations 1
GAMG:  Solving for p, Initial residual = 8.8497909e-07, Final residual = 5.6214727e-09, No Iterations 6
time step continuity errors : sum local = 4.0752476e-10, global = 1.0321374e-17, cumulative = 5.302342e-16
ExecutionTime = 12.84 s  ClockTime = 13 s

Time = 1545

DILUPBiCGStab:  Solving for Ux, Initial residual = 1.2407808e-06, Final residual = 4.8076004e-09, No Iterations 1
DILUPBiCGStab:  Solving for Uy, Initial residual = 1.5342248e-06, Final residual = 5.499911e-09, No Iterations 1
GAMG:  Solving for p, Initial residual = 8.8096003e-07, Final residual = 5.5959435e-09, No Iterations 6
time step continuity errors : sum local = 4.0567427e-10, global = 2.5466085e-17, cumulative = 5.5570028e-16
ExecutionTime = 12.85 s  ClockTime = 13 s

Time = 1546

DILUPBiCGStab:  Solving for Ux, Initial residual = 1.2351437e-06, Final residual = 4.7857619e-09, No Iterations 1
DILUPBiCGStab:  Solving for Uy, Initial residual = 1.5272532e-06, Final residual = 5.4749134e-09, No Iterations 1
GAMG:  Solving for p, Initial residual = 8.7695921e-07, Final residual = 5.5705331e-09, No Iterations 6
time step continuity errors : sum local = 4.0383237e-10, global = -1.0898124e-17, cumulative = 5.4480216e-16
ExecutionTime = 12.86 s  ClockTime = 13 s

Time = 1547

DILUPBiCGStab:  Solving for Ux, Initial residual = 1.2295323e-06, Final residual = 4.7640226e-09, No Iterations 1
DILUPBiCGStab:  Solving for Uy, Initial residual = 1.5203134e-06, Final residual = 5.4500295e-09, No Iterations 1
GAMG:  Solving for p, Initial residual = 8.7297656e-07, Final residual = 5.5452359e-09, No Iterations 6
time step continuity errors : sum local = 4.019986e-10, global = 1.3911444e-17, cumulative = 5.587136e-16
ExecutionTime = 12.87 s  ClockTime = 13 s

Time = 1548

DILUPBiCGStab:  Solving for Ux, Initial residual = 1.2239463e-06, Final residual = 4.742382e-09, No Iterations 1
DILUPBiCGStab:  Solving for Uy, Initial residual = 1.5134051e-06, Final residual = 5.4252587e-09, No Iterations 1
GAMG:  Solving for p, Initial residual = 8.6901198e-07, Final residual = 5.5200556e-09, No Iterations 6
time step continuity errors : sum local = 4.0017334e-10, global = -8.169024e-18, cumulative = 5.5054458e-16
ExecutionTime = 12.88 s  ClockTime = 13 s

Time = 1549

DILUPBiCGStab:  Solving for Ux, Initial residual = 1.2183858e-06, Final residual = 4.7208398e-09, No Iterations 1
DILUPBiCGStab:  Solving for Uy, Initial residual = 1.5065282e-06, Final residual = 5.4006006e-09, No Iterations 1
GAMG:  Solving for p, Initial residual = 8.6506542e-07, Final residual = 5.4949866e-09, No Iterations 6
time step continuity errors : sum local = 3.9835612e-10, global = 4.514315e-18, cumulative = 5.5505889e-16
ExecutionTime = 12.89 s  ClockTime = 13 s

Time = 1550

DILUPBiCGStab:  Solving for Ux, Initial residual = 1.2128505e-06, Final residual = 4.6993954e-09, No Iterations 1
DILUPBiCGStab:  Solving for Uy, Initial residual = 1.4996825e-06, Final residual = 5.3760547e-09, No Iterations 1
GAMG:  Solving for p, Initial residual = 8.6113676e-07, Final residual = 5.4700332e-09, No Iterations 6
time step continuity errors : sum local = 3.9654736e-10, global = -2.8071823e-17, cumulative = 5.2698707e-16
ExecutionTime = 12.9 s  ClockTime = 13 s

Time = 1551

DILUPBiCGStab:  Solving for Ux, Initial residual = 1.2073403e-06, Final residual = 4.6780484e-09, No Iterations 1
DILUPBiCGStab:  Solving for Uy, Initial residual = 1.492868e-06, Final residual = 5.3516204e-09, No Iterations 1
GAMG:  Solving for p, Initial residual = 8.5722581e-07, Final residual = 5.4452032e-09, No Iterations 6
time step continuity errors : sum local = 3.9474746e-10, global = -8.1710357e-18, cumulative = 5.1881603e-16
ExecutionTime = 12.91 s  ClockTime = 13 s

Time = 1552

DILUPBiCGStab:  Solving for Ux, Initial residual = 1.2018552e-06, Final residual = 4.6567984e-09, No Iterations 1
DILUPBiCGStab:  Solving for Uy, Initial residual = 1.4860844e-06, Final residual = 5.3272975e-09, No Iterations 1
GAMG:  Solving for p, Initial residual = 8.5333287e-07, Final residual = 5.4205054e-09, No Iterations 6
time step continuity errors : sum local = 3.9295722e-10, global = 9.8460301e-18, cumulative = 5.2866206e-16
ExecutionTime = 12.91 s  ClockTime = 13 s

Time = 1553

DILUPBiCGStab:  Solving for Ux, Initial residual = 1.196395e-06, Final residual = 4.6356449e-09, No Iterations 1
DILUPBiCGStab:  Solving for Uy, Initial residual = 1.4793317e-06, Final residual = 5.3030855e-09, No Iterations 1
GAMG:  Solving for p, Initial residual = 8.4945777e-07, Final residual = 5.3959166e-09, No Iterations 6
time step continuity errors : sum local = 3.9117502e-10, global = -1.2733989e-17, cumulative = 5.1592807e-16
ExecutionTime = 12.92 s  ClockTime = 13 s

Time = 1554

DILUPBiCGStab:  Solving for Ux, Initial residual = 1.1909597e-06, Final residual = 4.6145876e-09, No Iterations 1
DILUPBiCGStab:  Solving for Uy, Initial residual = 1.4726097e-06, Final residual = 5.2789838e-09, No Iterations 1
GAMG:  Solving for p, Initial residual = 8.4560013e-07, Final residual = 5.3714226e-09, No Iterations 6
time step continuity errors : sum local = 3.8939952e-10, global = 2.3647347e-17, cumulative = 5.3957542e-16
ExecutionTime = 12.93 s  ClockTime = 13 s

Time = 1555

DILUPBiCGStab:  Solving for Ux, Initial residual = 1.185549e-06, Final residual = 4.593626e-09, No Iterations 1
DILUPBiCGStab:  Solving for Uy, Initial residual = 1.4659182e-06, Final residual = 5.2549916e-09, No Iterations 1
GAMG:  Solving for p, Initial residual = 8.4175984e-07, Final residual = 5.3470362e-09, No Iterations 6
time step continuity errors : sum local = 3.8763177e-10, global = 7.4957784e-18, cumulative = 5.470712e-16
ExecutionTime = 12.94 s  ClockTime = 13 s

Time = 1556

DILUPBiCGStab:  Solving for Ux, Initial residual = 1.1801629e-06, Final residual = 4.5727597e-09, No Iterations 1
DILUPBiCGStab:  Solving for Uy, Initial residual = 1.4592572e-06, Final residual = 5.2311085e-09, No Iterations 1
GAMG:  Solving for p, Initial residual = 8.3793692e-07, Final residual = 5.32276e-09, No Iterations 6
time step continuity errors : sum local = 3.8587208e-10, global = -1.4227454e-17, cumulative = 5.3284374e-16
ExecutionTime = 12.94 s  ClockTime = 13 s

Time = 1557

DILUPBiCGStab:  Solving for Ux, Initial residual = 1.1748013e-06, Final residual = 4.5519881e-09, No Iterations 1
DILUPBiCGStab:  Solving for Uy, Initial residual = 1.4526264e-06, Final residual = 5.2073338e-09, No Iterations 1
GAMG:  Solving for p, Initial residual = 8.3413134e-07, Final residual = 5.2985881e-09, No Iterations 6
time step continuity errors : sum local = 3.8411992e-10, global = 5.3643655e-19, cumulative = 5.3338018e-16
ExecutionTime = 12.95 s  ClockTime = 13 s

Time = 1558

DILUPBiCGStab:  Solving for Ux, Initial residual = 1.169464e-06, Final residual = 4.5313109e-09, No Iterations 1
DILUPBiCGStab:  Solving for Uy, Initial residual = 1.4460258e-06, Final residual = 5.1836671e-09, No Iterations 1
GAMG:  Solving for p, Initial residual = 8.3034305e-07, Final residual = 5.2745297e-09, No Iterations 6
time step continuity errors : sum local = 3.8237594e-10, global = -1.1236223e-17, cumulative = 5.2214396e-16
ExecutionTime = 12.96 s  ClockTime = 13 s

Time = 1559

DILUPBiCGStab:  Solving for Ux, Initial residual = 1.164151e-06, Final residual = 4.5107277e-09, No Iterations 1
DILUPBiCGStab:  Solving for Uy, Initial residual = 1.4394552e-06, Final residual = 5.1601079e-09, No Iterations 1
GAMG:  Solving for p, Initial residual = 8.2657198e-07, Final residual = 5.2505787e-09, No Iterations 6
time step continuity errors : sum local = 3.8063985e-10, global = 1.3660564e-17, cumulative = 5.3580452e-16
ExecutionTime = 12.97 s  ClockTime = 13 s

Time = 1560

DILUPBiCGStab:  Solving for Ux, Initial residual = 1.1588621e-06, Final residual = 4.4902379e-09, No Iterations 1
DILUPBiCGStab:  Solving for Uy, Initial residual = 1.4329144e-06, Final residual = 5.1366558e-09, No Iterations 1
GAMG:  Solving for p, Initial residual = 8.2281805e-07, Final residual = 5.2267333e-09, No Iterations 6
time step continuity errors : sum local = 3.7891127e-10, global = -5.4886411e-18, cumulative = 5.3031588e-16
ExecutionTime = 12.98 s  ClockTime = 13 s

Time = 1561

DILUPBiCGStab:  Solving for Ux, Initial residual = 1.1535973e-06, Final residual = 4.4698412e-09, No Iterations 1
DILUPBiCGStab:  Solving for Uy, Initial residual = 1.4264034e-06, Final residual = 5.1133102e-09, No Iterations 1
GAMG:  Solving for p, Initial residual = 8.1908117e-07, Final residual = 5.2030005e-09, No Iterations 6
time step continuity errors : sum local = 3.7719096e-10, global = -2.5884771e-17, cumulative = 5.0443111e-16
ExecutionTime = 12.98 s  ClockTime = 13 s

Time = 1562

DILUPBiCGStab:  Solving for Ux, Initial residual = 1.1483564e-06, Final residual = 4.4495371e-09, No Iterations 1
DILUPBiCGStab:  Solving for Uy, Initial residual = 1.4199219e-06, Final residual = 5.0900708e-09, No Iterations 1
GAMG:  Solving for p, Initial residual = 8.1536127e-07, Final residual = 5.179372e-09, No Iterations 6
time step continuity errors : sum local = 3.7547819e-10, global = -1.9213553e-17, cumulative = 4.8521756e-16
ExecutionTime = 12.99 s  ClockTime = 13 s

Time = 1563

DILUPBiCGStab:  Solving for Ux, Initial residual = 1.1431393e-06, Final residual = 4.4293252e-09, No Iterations 1
DILUPBiCGStab:  Solving for Uy, Initial residual = 1.4134699e-06, Final residual = 5.066937e-09, No Iterations 1
GAMG:  Solving for p, Initial residual = 8.1165826e-07, Final residual = 5.1558536e-09, No Iterations 6
time step continuity errors : sum local = 3.7377335e-10, global = 1.635749e-17, cumulative = 5.0157505e-16
ExecutionTime = 13 s  ClockTime = 13 s

Time = 1564

DILUPBiCGStab:  Solving for Ux, Initial residual = 1.1379459e-06, Final residual = 4.4092051e-09, No Iterations 1
DILUPBiCGStab:  Solving for Uy, Initial residual = 1.4070473e-06, Final residual = 5.0439084e-09, No Iterations 1
GAMG:  Solving for p, Initial residual = 8.0797208e-07, Final residual = 5.132441e-09, No Iterations 6
time step continuity errors : sum local = 3.7207622e-10, global = 5.3026512e-18, cumulative = 5.068777e-16
ExecutionTime = 13.01 s  ClockTime = 13 s

Time = 1565

DILUPBiCGStab:  Solving for Ux, Initial residual = 1.1327761e-06, Final residual = 4.3891764e-09, No Iterations 1
DILUPBiCGStab:  Solving for Uy, Initial residual = 1.4006538e-06, Final residual = 5.0209845e-09, No Iterations 1
GAMG:  Solving for p, Initial residual = 8.0430263e-07, Final residual = 5.1091315e-09, No Iterations 6
time step continuity errors : sum local = 3.7038651e-10, global = -9.6582667e-18, cumulative = 4.9721943e-16
ExecutionTime = 13.01 s  ClockTime = 13 s

Time = 1566

DILUPBiCGStab:  Solving for Ux, Initial residual = 1.1276298e-06, Final residual = 4.3692387e-09, No Iterations 1
DILUPBiCGStab:  Solving for Uy, Initial residual = 1.3942894e-06, Final residual = 4.9981649e-09, No Iterations 1
GAMG:  Solving for p, Initial residual = 8.0064985e-07, Final residual = 5.0859331e-09, No Iterations 6
time step continuity errors : sum local = 3.6870493e-10, global = -5.4691462e-18, cumulative = 4.9175029e-16
ExecutionTime = 13.02 s  ClockTime = 13 s

Time = 1567

DILUPBiCGStab:  Solving for Ux, Initial residual = 1.1225069e-06, Final residual = 4.3493915e-09, No Iterations 1
DILUPBiCGStab:  Solving for Uy, Initial residual = 1.387954e-06, Final residual = 4.975449e-09, No Iterations 1
GAMG:  Solving for p, Initial residual = 7.9701367e-07, Final residual = 5.062834e-09, No Iterations 6
time step continuity errors : sum local = 3.6703051e-10, global = -2.7015189e-18, cumulative = 4.8904877e-16
ExecutionTime = 13.04 s  ClockTime = 13 s

Time = 1568

DILUPBiCGStab:  Solving for Ux, Initial residual = 1.1174072e-06, Final residual = 4.3296344e-09, No Iterations 1
DILUPBiCGStab:  Solving for Uy, Initial residual = 1.3816473e-06, Final residual = 4.9528364e-09, No Iterations 1
GAMG:  Solving for p, Initial residual = 7.9339398e-07, Final residual = 5.0398427e-09, No Iterations 6
time step continuity errors : sum local = 3.6536397e-10, global = 4.6645046e-19, cumulative = 4.8951522e-16
ExecutionTime = 13.05 s  ClockTime = 13 s

Time = 1569

DILUPBiCGStab:  Solving for Ux, Initial residual = 1.1123307e-06, Final residual = 4.3099671e-09, No Iterations 1
DILUPBiCGStab:  Solving for Uy, Initial residual = 1.3753693e-06, Final residual = 4.9303266e-09, No Iterations 1
GAMG:  Solving for p, Initial residual = 7.8979075e-07, Final residual = 5.0169579e-09, No Iterations 6
time step continuity errors : sum local = 3.6370505e-10, global = 1.5662698e-18, cumulative = 4.9108149e-16
ExecutionTime = 13.06 s  ClockTime = 13 s

Time = 1570

DILUPBiCGStab:  Solving for Ux, Initial residual = 1.1072773e-06, Final residual = 4.2903891e-09, No Iterations 1
DILUPBiCGStab:  Solving for Uy, Initial residual = 1.3691198e-06, Final residual = 4.9079192e-09, No Iterations 1
GAMG:  Solving for p, Initial residual = 7.8620387e-07, Final residual = 4.9941744e-09, No Iterations 6
time step continuity errors : sum local = 3.6205353e-10, global = 3.5580294e-17, cumulative = 5.2666178e-16
ExecutionTime = 13.07 s  ClockTime = 13 s

Time = 1571

DILUPBiCGStab:  Solving for Ux, Initial residual = 1.1022469e-06, Final residual = 4.2709001e-09, No Iterations 1
DILUPBiCGStab:  Solving for Uy, Initial residual = 1.3628987e-06, Final residual = 4.8856137e-09, No Iterations 1
GAMG:  Solving for p, Initial residual = 7.8263328e-07, Final residual = 9.9970667e-09, No Iterations 5
time step continuity errors : sum local = 7.3687969e-10, global = 1.1044343e-17, cumulative = 5.3770612e-16
ExecutionTime = 13.07 s  ClockTime = 13 s

Time = 1572

DILUPBiCGStab:  Solving for Ux, Initial residual = 1.0972843e-06, Final residual = 4.2514985e-09, No Iterations 1
DILUPBiCGStab:  Solving for Uy, Initial residual = 1.3566441e-06, Final residual = 4.8630417e-09, No Iterations 1
GAMG:  Solving for p, Initial residual = 7.8439312e-07, Final residual = 5.0987755e-09, No Iterations 6
time step continuity errors : sum local = 3.6995717e-10, global = 1.8778615e-17, cumulative = 5.5648474e-16
ExecutionTime = 13.08 s  ClockTime = 13 s

Time = 1573

DILUPBiCGStab:  Solving for Ux, Initial residual = 1.0922209e-06, Final residual = 4.2323356e-09, No Iterations 1
DILUPBiCGStab:  Solving for Uy, Initial residual = 1.3505903e-06, Final residual = 4.8419476e-09, No Iterations 1
GAMG:  Solving for p, Initial residual = 7.7421017e-07, Final residual = 9.8513797e-09, No Iterations 5
time step continuity errors : sum local = 7.2604582e-10, global = -3.5354891e-18, cumulative = 5.5294925e-16
ExecutionTime = 13.09 s  ClockTime = 13 s

Time = 1574

DILUPBiCGStab:  Solving for Ux, Initial residual = 1.0873236e-06, Final residual = 4.2129593e-09, No Iterations 1
DILUPBiCGStab:  Solving for Uy, Initial residual = 1.3443609e-06, Final residual = 4.8190385e-09, No Iterations 1
GAMG:  Solving for p, Initial residual = 7.7628264e-07, Final residual = 9.9932312e-09, No Iterations 5
time step continuity errors : sum local = 7.3759832e-10, global = 1.0508463e-17, cumulative = 5.6345771e-16
ExecutionTime = 13.1 s  ClockTime = 13 s

Time = 1575

DILUPBiCGStab:  Solving for Ux, Initial residual = 1.0823646e-06, Final residual = 4.1938136e-09, No Iterations 1
DILUPBiCGStab:  Solving for Uy, Initial residual = 1.3382799e-06, Final residual = 4.7974019e-09, No Iterations 1
GAMG:  Solving for p, Initial residual = 7.7228074e-07, Final residual = 9.9215537e-09, No Iterations 5
time step continuity errors : sum local = 7.3240074e-10, global = 8.8690305e-18, cumulative = 5.7232674e-16
ExecutionTime = 13.11 s  ClockTime = 13 s

Time = 1576

DILUPBiCGStab:  Solving for Ux, Initial residual = 1.0774344e-06, Final residual = 4.1747702e-09, No Iterations 1
DILUPBiCGStab:  Solving for Uy, Initial residual = 1.3322164e-06, Final residual = 4.7757385e-09, No Iterations 1
GAMG:  Solving for p, Initial residual = 7.6797487e-07, Final residual = 9.8468723e-09, No Iterations 5
time step continuity errors : sum local = 7.2681823e-10, global = -3.464325e-18, cumulative = 5.6886242e-16
ExecutionTime = 13.11 s  ClockTime = 13 s

Time = 1577

DILUPBiCGStab:  Solving for Ux, Initial residual = 1.0725387e-06, Final residual = 4.1558124e-09, No Iterations 1
DILUPBiCGStab:  Solving for Uy, Initial residual = 1.3261635e-06, Final residual = 4.7539882e-09, No Iterations 1
GAMG:  Solving for p, Initial residual = 7.6434058e-07, Final residual = 9.7984392e-09, No Iterations 5
time step continuity errors : sum local = 7.2321711e-10, global = -1.3392941e-17, cumulative = 5.5546948e-16
ExecutionTime = 13.12 s  ClockTime = 13 s

Time = 1578

DILUPBiCGStab:  Solving for Ux, Initial residual = 1.0676674e-06, Final residual = 4.1369347e-09, No Iterations 1
DILUPBiCGStab:  Solving for Uy, Initial residual = 1.3201357e-06, Final residual = 4.7323306e-09, No Iterations 1
GAMG:  Solving for p, Initial residual = 7.6092779e-07, Final residual = 9.7565304e-09, No Iterations 5
time step continuity errors : sum local = 7.2012488e-10, global = -1.9296721e-17, cumulative = 5.3617276e-16
ExecutionTime = 13.13 s  ClockTime = 13 s

Time = 1579

DILUPBiCGStab:  Solving for Ux, Initial residual = 1.0628173e-06, Final residual = 4.118142e-09, No Iterations 1
DILUPBiCGStab:  Solving for Uy, Initial residual = 1.3141368e-06, Final residual = 4.7108052e-09, No Iterations 1
GAMG:  Solving for p, Initial residual = 7.575051e-07, Final residual = 9.7131528e-09, No Iterations 5
time step continuity errors : sum local = 7.1692682e-10, global = -3.4970682e-18, cumulative = 5.3267569e-16
ExecutionTime = 13.14 s  ClockTime = 13 s

Time = 1580

DILUPBiCGStab:  Solving for Ux, Initial residual = 1.0579887e-06, Final residual = 4.0994348e-09, No Iterations 1
DILUPBiCGStab:  Solving for Uy, Initial residual = 1.3081658e-06, Final residual = 4.6893927e-09, No Iterations 1
GAMG:  Solving for p, Initial residual = 7.5406592e-07, Final residual = 9.6688943e-09, No Iterations 5
time step continuity errors : sum local = 7.1366139e-10, global = 1.1627711e-17, cumulative = 5.443034e-16
ExecutionTime = 13.15 s  ClockTime = 13 s

Time = 1581

DILUPBiCGStab:  Solving for Ux, Initial residual = 1.0531821e-06, Final residual = 4.0808129e-09, No Iterations 1
DILUPBiCGStab:  Solving for Uy, Initial residual = 1.3022219e-06, Final residual = 4.6680791e-09, No Iterations 1
GAMG:  Solving for p, Initial residual = 7.5063699e-07, Final residual = 9.6248309e-09, No Iterations 5
time step continuity errors : sum local = 7.1040926e-10, global = -6.194749e-18, cumulative = 5.3810865e-16
ExecutionTime = 13.15 s  ClockTime = 13 s

Time = 1582

DILUPBiCGStab:  Solving for Ux, Initial residual = 1.0483974e-06, Final residual = 4.0622756e-09, No Iterations 1
DILUPBiCGStab:  Solving for Uy, Initial residual = 1.2963049e-06, Final residual = 4.6468616e-09, No Iterations 1
GAMG:  Solving for p, Initial residual = 7.4722623e-07, Final residual = 9.5811026e-09, No Iterations 5
time step continuity errors : sum local = 7.071819e-10, global = -9.6182841e-18, cumulative = 5.2849037e-16
ExecutionTime = 13.16 s  ClockTime = 13 s

Time = 1583

DILUPBiCGStab:  Solving for Ux, Initial residual = 1.0436345e-06, Final residual = 4.0438225e-09, No Iterations 1
DILUPBiCGStab:  Solving for Uy, Initial residual = 1.2904147e-06, Final residual = 4.6257407e-09, No Iterations 1
GAMG:  Solving for p, Initial residual = 7.4383244e-07, Final residual = 9.5376027e-09, No Iterations 5
time step continuity errors : sum local = 7.0397139e-10, global = -2.1320216e-18, cumulative = 5.2635834e-16
ExecutionTime = 13.16 s  ClockTime = 13 s

Time = 1584

DILUPBiCGStab:  Solving for Ux, Initial residual = 1.0388932e-06, Final residual = 4.0254533e-09, No Iterations 1
DILUPBiCGStab:  Solving for Uy, Initial residual = 1.2845514e-06, Final residual = 4.6047164e-09, No Iterations 1
GAMG:  Solving for p, Initial residual = 7.4045423e-07, Final residual = 9.4942891e-09, No Iterations 5
time step continuity errors : sum local = 7.0077473e-10, global = -6.7046628e-18, cumulative = 5.1965368e-16
ExecutionTime = 13.17 s  ClockTime = 13 s

Time = 1585

DILUPBiCGStab:  Solving for Ux, Initial residual = 1.0341734e-06, Final residual = 4.0071675e-09, No Iterations 1
DILUPBiCGStab:  Solving for Uy, Initial residual = 1.2787147e-06, Final residual = 4.5837881e-09, No Iterations 1
GAMG:  Solving for p, Initial residual = 7.3709126e-07, Final residual = 9.4511678e-09, No Iterations 5
time step continuity errors : sum local = 6.9759219e-10, global = 1.393131e-18, cumulative = 5.2104681e-16
ExecutionTime = 13.18 s  ClockTime = 13 s

Time = 1586

DILUPBiCGStab:  Solving for Ux, Initial residual = 1.0294751e-06, Final residual = 3.9889648e-09, No Iterations 1
DILUPBiCGStab:  Solving for Uy, Initial residual = 1.2729046e-06, Final residual = 4.5629553e-09, No Iterations 1
GAMG:  Solving for p, Initial residual = 7.3374354e-07, Final residual = 9.4082428e-09, No Iterations 5
time step continuity errors : sum local = 6.9442417e-10, global = 4.4471877e-18, cumulative = 5.25494e-16
ExecutionTime = 13.19 s  ClockTime = 13 s

Time = 1587

DILUPBiCGStab:  Solving for Ux, Initial residual = 1.0247982e-06, Final residual = 3.9708448e-09, No Iterations 1
DILUPBiCGStab:  Solving for Uy, Initial residual = 1.2671208e-06, Final residual = 4.5422173e-09, No Iterations 1
GAMG:  Solving for p, Initial residual = 7.3041105e-07, Final residual = 9.3655127e-09, No Iterations 5
time step continuity errors : sum local = 6.9127062e-10, global = -1.2448843e-17, cumulative = 5.1304516e-16
ExecutionTime = 13.2 s  ClockTime = 13 s

Time = 1588

DILUPBiCGStab:  Solving for Ux, Initial residual = 1.0201425e-06, Final residual = 3.9528071e-09, No Iterations 1
DILUPBiCGStab:  Solving for Uy, Initial residual = 1.2613634e-06, Final residual = 4.5215738e-09, No Iterations 1
GAMG:  Solving for p, Initial residual = 7.2709371e-07, Final residual = 9.3229786e-09, No Iterations 5
time step continuity errors : sum local = 6.8813136e-10, global = 1.3497457e-17, cumulative = 5.2654261e-16
ExecutionTime = 13.2 s  ClockTime = 13 s

Time = 1589

DILUPBiCGStab:  Solving for Ux, Initial residual = 1.015508e-06, Final residual = 3.9348514e-09, No Iterations 1
DILUPBiCGStab:  Solving for Uy, Initial residual = 1.2556321e-06, Final residual = 4.5010243e-09, No Iterations 1
GAMG:  Solving for p, Initial residual = 7.2379146e-07, Final residual = 9.2806362e-09, No Iterations 5
time step continuity errors : sum local = 6.8500643e-10, global = 8.4874951e-18, cumulative = 5.3503011e-16
ExecutionTime = 13.21 s  ClockTime = 13 s

Time = 1590

DILUPBiCGStab:  Solving for Ux, Initial residual = 1.0108945e-06, Final residual = 3.9169772e-09, No Iterations 1
DILUPBiCGStab:  Solving for Uy, Initial residual = 1.2499268e-06, Final residual = 4.4805684e-09, No Iterations 1
GAMG:  Solving for p, Initial residual = 7.2050421e-07, Final residual = 9.238486e-09, No Iterations 5
time step continuity errors : sum local = 6.8189555e-10, global = -3.4513681e-18, cumulative = 5.3157874e-16
ExecutionTime = 13.22 s  ClockTime = 13 s

Time = 1591

DILUPBiCGStab:  Solving for Ux, Initial residual = 1.006302e-06, Final residual = 3.8991843e-09, No Iterations 1
DILUPBiCGStab:  Solving for Uy, Initial residual = 1.2442475e-06, Final residual = 4.4602055e-09, No Iterations 1
GAMG:  Solving for p, Initial residual = 7.1723189e-07, Final residual = 9.1965275e-09, No Iterations 5
time step continuity errors : sum local = 6.7879891e-10, global = -6.2777053e-18, cumulative = 5.2530104e-16
ExecutionTime = 13.23 s  ClockTime = 13 s

Time = 1592

DILUPBiCGStab:  Solving for Ux, Initial residual = 1.0017303e-06, Final residual = 3.8814722e-09, No Iterations 1
DILUPBiCGStab:  Solving for Uy, Initial residual = 1.238594e-06, Final residual = 4.4399353e-09, No Iterations 1
GAMG:  Solving for p, Initial residual = 7.1397445e-07, Final residual = 9.1547605e-09, No Iterations 5
time step continuity errors : sum local = 6.7571631e-10, global = 7.3465285e-18, cumulative = 5.3264756e-16
ExecutionTime = 13.23 s  ClockTime = 13 s

Time = 1593

DILUPBiCGStab:  Solving for Ux, Initial residual = 9.9717942e-07, Final residual = 3.8638405e-09, No Iterations 1
DILUPBiCGStab:  Solving for Uy, Initial residual = 1.2329662e-06, Final residual = 4.4197573e-09, No Iterations 1
GAMG:  Solving for p, Initial residual = 7.1073179e-07, Final residual = 9.1131822e-09, No Iterations 5
time step continuity errors : sum local = 6.7264769e-10, global = -1.2892688e-17, cumulative = 5.1975488e-16
ExecutionTime = 13.24 s  ClockTime = 13 s

Time = 1594

DILUPBiCGStab:  Solving for Ux, Initial residual = 9.9264922e-07, Final residual = 3.846289e-09, No Iterations 1
DILUPBiCGStab:  Solving for Uy, Initial residual = 1.227364e-06, Final residual = 4.3996711e-09, No Iterations 1
GAMG:  Solving for p, Initial residual = 7.0750387e-07, Final residual = 9.071793e-09, No Iterations 5
time step continuity errors : sum local = 6.6959304e-10, global = -1.8787919e-17, cumulative = 5.0096696e-16
ExecutionTime = 13.25 s  ClockTime = 13 s

Time = 1595

DILUPBiCGStab:  Solving for Ux, Initial residual = 9.881396e-07, Final residual = 3.8288171e-09, No Iterations 1
DILUPBiCGStab:  Solving for Uy, Initial residual = 1.2217872e-06, Final residual = 4.3796763e-09, No Iterations 1
GAMG:  Solving for p, Initial residual = 7.0429061e-07, Final residual = 9.030591e-09, No Iterations 5
time step continuity errors : sum local = 6.6655219e-10, global = 1.3471662e-17, cumulative = 5.1443862e-16
ExecutionTime = 13.26 s  ClockTime = 13 s

Time = 1596

DILUPBiCGStab:  Solving for Ux, Initial residual = 9.8365047e-07, Final residual = 3.8114247e-09, No Iterations 1
DILUPBiCGStab:  Solving for Uy, Initial residual = 1.2162358e-06, Final residual = 4.3597725e-09, No Iterations 1
GAMG:  Solving for p, Initial residual = 7.0109194e-07, Final residual = 8.9895765e-09, No Iterations 5
time step continuity errors : sum local = 6.6352515e-10, global = -2.6654459e-17, cumulative = 4.8778416e-16
ExecutionTime = 13.26 s  ClockTime = 13 s

Time = 1597

DILUPBiCGStab:  Solving for Ux, Initial residual = 9.7918174e-07, Final residual = 3.7941113e-09, No Iterations 1
DILUPBiCGStab:  Solving for Uy, Initial residual = 1.2107096e-06, Final residual = 4.3399591e-09, No Iterations 1
GAMG:  Solving for p, Initial residual = 6.979078e-07, Final residual = 8.9487484e-09, No Iterations 5
time step continuity errors : sum local = 6.6051193e-10, global = -1.686972e-18, cumulative = 4.8609719e-16
ExecutionTime = 13.27 s  ClockTime = 13 s

Time = 1598

DILUPBiCGStab:  Solving for Ux, Initial residual = 9.7473331e-07, Final residual = 3.7768765e-09, No Iterations 1
DILUPBiCGStab:  Solving for Uy, Initial residual = 1.2052085e-06, Final residual = 4.3202359e-09, No Iterations 1
GAMG:  Solving for p, Initial residual = 6.9473812e-07, Final residual = 8.9081066e-09, No Iterations 5
time step continuity errors : sum local = 6.5751238e-10, global = -3.3492874e-18, cumulative = 4.827479e-16
ExecutionTime = 13.28 s  ClockTime = 13 s

Time = 1599

DILUPBiCGStab:  Solving for Ux, Initial residual = 9.703051e-07, Final residual = 3.75972e-09, No Iterations 1
DILUPBiCGStab:  Solving for Uy, Initial residual = 1.1997325e-06, Final residual = 4.3006024e-09, No Iterations 1
GAMG:  Solving for p, Initial residual = 6.9158283e-07, Final residual = 8.8676488e-09, No Iterations 5
time step continuity errors : sum local = 6.5452638e-10, global = -1.280829e-17, cumulative = 4.6993961e-16
ExecutionTime = 13.29 s  ClockTime = 13 s

Time = 1600

DILUPBiCGStab:  Solving for Ux, Initial residual = 9.65897e-07, Final residual = 3.7426415e-09, No Iterations 1
DILUPBiCGStab:  Solving for Uy, Initial residual = 1.1942813e-06, Final residual = 4.2810582e-09, No Iterations 1
GAMG:  Solving for p, Initial residual = 6.8844187e-07, Final residual = 8.8273743e-09, No Iterations 5
time step continuity errors : sum local = 6.5155405e-10, global = -1.9691637e-17, cumulative = 4.5024797e-16
ExecutionTime = 13.29 s  ClockTime = 13 s

Time = 1601

DILUPBiCGStab:  Solving for Ux, Initial residual = 9.6150894e-07, Final residual = 3.7256405e-09, No Iterations 1
DILUPBiCGStab:  Solving for Uy, Initial residual = 1.1888549e-06, Final residual = 4.2616029e-09, No Iterations 1
GAMG:  Solving for p, Initial residual = 6.8531518e-07, Final residual = 8.7872834e-09, No Iterations 5
time step continuity errors : sum local = 6.4859519e-10, global = -5.3468028e-18, cumulative = 4.4490117e-16
ExecutionTime = 13.3 s  ClockTime = 13 s

Time = 1602

DILUPBiCGStab:  Solving for Ux, Initial residual = 9.5714081e-07, Final residual = 3.7087168e-09, No Iterations 1
DILUPBiCGStab:  Solving for Uy, Initial residual = 1.1834531e-06, Final residual = 4.242236e-09, No Iterations 1
GAMG:  Solving for p, Initial residual = 6.8220269e-07, Final residual = 8.7473744e-09, No Iterations 5
time step continuity errors : sum local = 6.4564968e-10, global = -1.6415949e-17, cumulative = 4.2848522e-16
ExecutionTime = 13.31 s  ClockTime = 13 s

Time = 1603

DILUPBiCGStab:  Solving for Ux, Initial residual = 9.5279253e-07, Final residual = 3.6918699e-09, No Iterations 1
DILUPBiCGStab:  Solving for Uy, Initial residual = 1.1780759e-06, Final residual = 4.2229573e-09, No Iterations 1
GAMG:  Solving for p, Initial residual = 6.7910433e-07, Final residual = 8.7076459e-09, No Iterations 5
time step continuity errors : sum local = 6.4271756e-10, global = -1.6130048e-17, cumulative = 4.1235517e-16
ExecutionTime = 13.32 s  ClockTime = 13 s

Time = 1604

DILUPBiCGStab:  Solving for Ux, Initial residual = 9.48464e-07, Final residual = 3.6750996e-09, No Iterations 1
DILUPBiCGStab:  Solving for Uy, Initial residual = 1.1727232e-06, Final residual = 4.2037661e-09, No Iterations 1
GAMG:  Solving for p, Initial residual = 6.7602004e-07, Final residual = 8.6680989e-09, No Iterations 5
time step continuity errors : sum local = 6.3979883e-10, global = 2.9811325e-18, cumulative = 4.1533631e-16
ExecutionTime = 13.33 s  ClockTime = 13 s

Time = 1605

DILUPBiCGStab:  Solving for Ux, Initial residual = 9.4415515e-07, Final residual = 3.6584054e-09, No Iterations 1
DILUPBiCGStab:  Solving for Uy, Initial residual = 1.1673948e-06, Final residual = 4.1846623e-09, No Iterations 1
GAMG:  Solving for p, Initial residual = 6.7294976e-07, Final residual = 8.6287305e-09, No Iterations 5
time step continuity errors : sum local = 6.3689327e-10, global = -4.8675278e-19, cumulative = 4.1484955e-16
ExecutionTime = 13.33 s  ClockTime = 13 s

Time = 1606

DILUPBiCGStab:  Solving for Ux, Initial residual = 9.3986587e-07, Final residual = 3.6417871e-09, No Iterations 1
DILUPBiCGStab:  Solving for Uy, Initial residual = 1.1620906e-06, Final residual = 4.1656453e-09, No Iterations 1
GAMG:  Solving for p, Initial residual = 6.6989342e-07, Final residual = 8.5895418e-09, No Iterations 5
time step continuity errors : sum local = 6.3400096e-10, global = 4.9549839e-18, cumulative = 4.1980454e-16
ExecutionTime = 13.34 s  ClockTime = 13 s

Time = 1607

DILUPBiCGStab:  Solving for Ux, Initial residual = 9.3559608e-07, Final residual = 3.6252443e-09, No Iterations 1
DILUPBiCGStab:  Solving for Uy, Initial residual = 1.1568105e-06, Final residual = 4.1467148e-09, No Iterations 1
GAMG:  Solving for p, Initial residual = 6.6685096e-07, Final residual = 8.5505299e-09, No Iterations 5
time step continuity errors : sum local = 6.3112183e-10, global = 3.8866239e-18, cumulative = 4.2369116e-16
ExecutionTime = 13.35 s  ClockTime = 13 s

Time = 1608

DILUPBiCGStab:  Solving for Ux, Initial residual = 9.3134569e-07, Final residual = 3.6087766e-09, No Iterations 1
DILUPBiCGStab:  Solving for Uy, Initial residual = 1.1515544e-06, Final residual = 4.1278704e-09, No Iterations 1
GAMG:  Solving for p, Initial residual = 6.6382232e-07, Final residual = 8.5116957e-09, No Iterations 5
time step continuity errors : sum local = 6.2825567e-10, global = 8.0789605e-18, cumulative = 4.3177012e-16
ExecutionTime = 13.36 s  ClockTime = 13 s

Time = 1609

DILUPBiCGStab:  Solving for Ux, Initial residual = 9.2711461e-07, Final residual = 3.5923838e-09, No Iterations 1
DILUPBiCGStab:  Solving for Uy, Initial residual = 1.1463221e-06, Final residual = 4.1091116e-09, No Iterations 1
GAMG:  Solving for p, Initial residual = 6.6080743e-07, Final residual = 8.4730386e-09, No Iterations 5
time step continuity errors : sum local = 6.2540258e-10, global = 8.2263972e-18, cumulative = 4.3999652e-16
ExecutionTime = 13.37 s  ClockTime = 14 s

Time = 1610

DILUPBiCGStab:  Solving for Ux, Initial residual = 9.2290276e-07, Final residual = 3.5760654e-09, No Iterations 1
DILUPBiCGStab:  Solving for Uy, Initial residual = 1.1411137e-06, Final residual = 4.0904382e-09, No Iterations 1
GAMG:  Solving for p, Initial residual = 6.5780623e-07, Final residual = 8.4345571e-09, No Iterations 5
time step continuity errors : sum local = 6.2256248e-10, global = -9.3599788e-18, cumulative = 4.3063654e-16
ExecutionTime = 13.37 s  ClockTime = 14 s

Time = 1611

DILUPBiCGStab:  Solving for Ux, Initial residual = 9.1871004e-07, Final residual = 3.5598211e-09, No Iterations 1
DILUPBiCGStab:  Solving for Uy, Initial residual = 1.1359289e-06, Final residual = 4.0718497e-09, No Iterations 1
GAMG:  Solving for p, Initial residual = 6.5481866e-07, Final residual = 8.3962494e-09, No Iterations 5
time step continuity errors : sum local = 6.197352e-10, global = -8.2689209e-18, cumulative = 4.2236762e-16
ExecutionTime = 13.38 s  ClockTime = 14 s

Time = 1612

DILUPBiCGStab:  Solving for Ux, Initial residual = 9.1453637e-07, Final residual = 3.5436507e-09, No Iterations 1
DILUPBiCGStab:  Solving for Uy, Initial residual = 1.1307677e-06, Final residual = 4.0533456e-09, No Iterations 1
GAMG:  Solving for p, Initial residual = 6.5184466e-07, Final residual = 8.3581162e-09, No Iterations 5
time step continuity errors : sum local = 6.1692078e-10, global = 7.3428095e-18, cumulative = 4.2971043e-16
ExecutionTime = 13.39 s  ClockTime = 14 s

Time = 1613

DILUPBiCGStab:  Solving for Ux, Initial residual = 9.1038167e-07, Final residual = 3.5275536e-09, No Iterations 1
DILUPBiCGStab:  Solving for Uy, Initial residual = 1.12563e-06, Final residual = 4.0349257e-09, No Iterations 1
GAMG:  Solving for p, Initial residual = 6.4888416e-07, Final residual = 8.3201552e-09, No Iterations 5
time step continuity errors : sum local = 6.1411911e-10, global = 6.5134584e-18, cumulative = 4.3622389e-16
ExecutionTime = 13.4 s  ClockTime = 14 s

Time = 1614

DILUPBiCGStab:  Solving for Ux, Initial residual = 9.0624584e-07, Final residual = 3.5115297e-09, No Iterations 1
DILUPBiCGStab:  Solving for Uy, Initial residual = 1.1205156e-06, Final residual = 4.0165896e-09, No Iterations 1
GAMG:  Solving for p, Initial residual = 6.459371e-07, Final residual = 8.2823681e-09, No Iterations 5
time step continuity errors : sum local = 6.1133023e-10, global = -1.6360177e-18, cumulative = 4.3458787e-16
ExecutionTime = 13.4 s  ClockTime = 14 s

Time = 1615

DILUPBiCGStab:  Solving for Ux, Initial residual = 9.0212881e-07, Final residual = 3.4955786e-09, No Iterations 1
DILUPBiCGStab:  Solving for Uy, Initial residual = 1.1154245e-06, Final residual = 3.9983368e-09, No Iterations 1
GAMG:  Solving for p, Initial residual = 6.4300343e-07, Final residual = 8.244752e-09, No Iterations 5
time step continuity errors : sum local = 6.0855398e-10, global = 2.1018911e-17, cumulative = 4.5560678e-16
ExecutionTime = 13.41 s  ClockTime = 14 s

Time = 1616

DILUPBiCGStab:  Solving for Ux, Initial residual = 8.9803048e-07, Final residual = 3.4797e-09, No Iterations 1
DILUPBiCGStab:  Solving for Uy, Initial residual = 1.1103564e-06, Final residual = 3.9801671e-09, No Iterations 1
GAMG:  Solving for p, Initial residual = 6.4008308e-07, Final residual = 8.2073072e-09, No Iterations 5
time step continuity errors : sum local = 6.0579031e-10, global = 2.528936e-18, cumulative = 4.5813572e-16
ExecutionTime = 13.42 s  ClockTime = 14 s

Time = 1617

DILUPBiCGStab:  Solving for Ux, Initial residual = 8.9395077e-07, Final residual = 3.4638935e-09, No Iterations 1
DILUPBiCGStab:  Solving for Uy, Initial residual = 1.1053115e-06, Final residual = 3.9620799e-09, No Iterations 1
GAMG:  Solving for p, Initial residual = 6.3717599e-07, Final residual = 8.1700312e-09, No Iterations 5
time step continuity errors : sum local = 6.0303919e-10, global = 3.5441447e-18, cumulative = 4.6167986e-16
ExecutionTime = 13.43 s  ClockTime = 14 s

Time = 1618

DILUPBiCGStab:  Solving for Ux, Initial residual = 8.898896e-07, Final residual = 3.4481588e-09, No Iterations 1
DILUPBiCGStab:  Solving for Uy, Initial residual = 1.1002894e-06, Final residual = 3.9440749e-09, No Iterations 1
GAMG:  Solving for p, Initial residual = 6.3428211e-07, Final residual = 8.1329252e-09, No Iterations 5
time step continuity errors : sum local = 6.0030063e-10, global = -2.4882321e-17, cumulative = 4.3679754e-16
ExecutionTime = 13.44 s  ClockTime = 14 s

Time = 1619

DILUPBiCGStab:  Solving for Ux, Initial residual = 8.8584688e-07, Final residual = 3.4324955e-09, No Iterations 1
DILUPBiCGStab:  Solving for Uy, Initial residual = 1.0952902e-06, Final residual = 3.9261519e-09, No Iterations 1
GAMG:  Solving for p, Initial residual = 6.3140136e-07, Final residual = 8.0959886e-09, No Iterations 5
time step continuity errors : sum local = 5.975745e-10, global = 2.554519e-18, cumulative = 4.3935206e-16
ExecutionTime = 13.44 s  ClockTime = 14 s

Time = 1620

DILUPBiCGStab:  Solving for Ux, Initial residual = 8.8182252e-07, Final residual = 3.4169035e-09, No Iterations 1
DILUPBiCGStab:  Solving for Uy, Initial residual = 1.0903137e-06, Final residual = 3.9083103e-09, No Iterations 1
GAMG:  Solving for p, Initial residual = 6.285337e-07, Final residual = 8.0592188e-09, No Iterations 5
time step continuity errors : sum local = 5.9486068e-10, global = -7.8618686e-18, cumulative = 4.3149019e-16
ExecutionTime = 13.45 s  ClockTime = 14 s

Time = 1621

DILUPBiCGStab:  Solving for Ux, Initial residual = 8.7781646e-07, Final residual = 3.4013822e-09, No Iterations 1
DILUPBiCGStab:  Solving for Uy, Initial residual = 1.0853598e-06, Final residual = 3.8905498e-09, No Iterations 1
GAMG:  Solving for p, Initial residual = 6.2567906e-07, Final residual = 8.0226163e-09, No Iterations 5
time step continuity errors : sum local = 5.921593e-10, global = -2.1237829e-17, cumulative = 4.1025236e-16
ExecutionTime = 13.47 s  ClockTime = 14 s

Time = 1622

DILUPBiCGStab:  Solving for Ux, Initial residual = 8.7382859e-07, Final residual = 3.3859315e-09, No Iterations 1
DILUPBiCGStab:  Solving for Uy, Initial residual = 1.0804284e-06, Final residual = 3.8728701e-09, No Iterations 1
GAMG:  Solving for p, Initial residual = 6.2283738e-07, Final residual = 7.9861797e-09, No Iterations 5
time step continuity errors : sum local = 5.8947e-10, global = 3.9700964e-18, cumulative = 4.1422246e-16
ExecutionTime = 13.47 s  ClockTime = 14 s

Time = 1623

DILUPBiCGStab:  Solving for Ux, Initial residual = 8.6985884e-07, Final residual = 3.3705509e-09, No Iterations 1
DILUPBiCGStab:  Solving for Uy, Initial residual = 1.0755195e-06, Final residual = 3.8552707e-09, No Iterations 1
GAMG:  Solving for p, Initial residual = 6.2000861e-07, Final residual = 7.9499079e-09, No Iterations 5
time step continuity errors : sum local = 5.8679304e-10, global = -2.1224475e-17, cumulative = 3.9299798e-16
ExecutionTime = 13.48 s  ClockTime = 14 s

Time = 1624

DILUPBiCGStab:  Solving for Ux, Initial residual = 8.6590713e-07, Final residual = 3.3552402e-09, No Iterations 1
DILUPBiCGStab:  Solving for Uy, Initial residual = 1.0706328e-06, Final residual = 3.8377514e-09, No Iterations 1
GAMG:  Solving for p, Initial residual = 6.1719268e-07, Final residual = 7.913802e-09, No Iterations 5
time step continuity errors : sum local = 5.8412818e-10, global = -9.6515831e-18, cumulative = 3.833464e-16
ExecutionTime = 13.49 s  ClockTime = 14 s

Time = 1625

DILUPBiCGStab:  Solving for Ux, Initial residual = 8.6197338e-07, Final residual = 3.3399991e-09, No Iterations 1
DILUPBiCGStab:  Solving for Uy, Initial residual = 1.0657684e-06, Final residual = 3.8203117e-09, No Iterations 1
GAMG:  Solving for p, Initial residual = 6.1438954e-07, Final residual = 7.8778596e-09, No Iterations 5
time step continuity errors : sum local = 5.8147544e-10, global = -4.2082582e-18, cumulative = 3.7913814e-16
ExecutionTime = 13.5 s  ClockTime = 14 s

Time = 1626

DILUPBiCGStab:  Solving for Ux, Initial residual = 8.5805749e-07, Final residual = 3.3248272e-09, No Iterations 1
DILUPBiCGStab:  Solving for Uy, Initial residual = 1.060926e-06, Final residual = 3.8029513e-09, No Iterations 1
GAMG:  Solving for p, Initial residual = 6.1159913e-07, Final residual = 7.8420807e-09, No Iterations 5
time step continuity errors : sum local = 5.7883477e-10, global = -1.8372449e-17, cumulative = 3.6076569e-16
ExecutionTime = 13.5 s  ClockTime = 14 s

Time = 1627

DILUPBiCGStab:  Solving for Ux, Initial residual = 8.541594e-07, Final residual = 3.3097242e-09, No Iterations 1
DILUPBiCGStab:  Solving for Uy, Initial residual = 1.0561057e-06, Final residual = 3.7856698e-09, No Iterations 1
GAMG:  Solving for p, Initial residual = 6.0882139e-07, Final residual = 7.8064645e-09, No Iterations 5
time step continuity errors : sum local = 5.7620603e-10, global = 8.6418536e-18, cumulative = 3.6940755e-16
ExecutionTime = 13.51 s  ClockTime = 14 s

Time = 1628

DILUPBiCGStab:  Solving for Ux, Initial residual = 8.5027902e-07, Final residual = 3.2946898e-09, No Iterations 1
DILUPBiCGStab:  Solving for Uy, Initial residual = 1.0513073e-06, Final residual = 3.7684669e-09, No Iterations 1
GAMG:  Solving for p, Initial residual = 6.0605627e-07, Final residual = 7.7710088e-09, No Iterations 5
time step continuity errors : sum local = 5.7358925e-10, global = -8.0007556e-18, cumulative = 3.6140679e-16
ExecutionTime = 13.52 s  ClockTime = 14 s

Time = 1629

DILUPBiCGStab:  Solving for Ux, Initial residual = 8.4641627e-07, Final residual = 3.2797237e-09, No Iterations 1
DILUPBiCGStab:  Solving for Uy, Initial residual = 1.0465306e-06, Final residual = 3.7513422e-09, No Iterations 1
GAMG:  Solving for p, Initial residual = 6.0330369e-07, Final residual = 7.7357151e-09, No Iterations 5
time step continuity errors : sum local = 5.7098446e-10, global = -1.9756779e-17, cumulative = 3.4165001e-16
ExecutionTime = 13.53 s  ClockTime = 14 s

Time = 1630

DILUPBiCGStab:  Solving for Ux, Initial residual = 8.4257107e-07, Final residual = 3.2648256e-09, No Iterations 1
DILUPBiCGStab:  Solving for Uy, Initial residual = 1.0417757e-06, Final residual = 3.7342954e-09, No Iterations 1
GAMG:  Solving for p, Initial residual = 6.0056363e-07, Final residual = 7.700581e-09, No Iterations 5
time step continuity errors : sum local = 5.6839132e-10, global = 1.8056466e-17, cumulative = 3.5970648e-16
ExecutionTime = 13.54 s  ClockTime = 14 s

Time = 1631

DILUPBiCGStab:  Solving for Ux, Initial residual = 8.3874334e-07, Final residual = 3.2499952e-09, No Iterations 1
DILUPBiCGStab:  Solving for Uy, Initial residual = 1.0370424e-06, Final residual = 3.717326e-09, No Iterations 1
GAMG:  Solving for p, Initial residual = 5.97836e-07, Final residual = 7.6656074e-09, No Iterations 5
time step continuity errors : sum local = 5.658101e-10, global = 1.3058283e-17, cumulative = 3.7276476e-16
ExecutionTime = 13.54 s  ClockTime = 14 s

Time = 1632

DILUPBiCGStab:  Solving for Ux, Initial residual = 8.34933e-07, Final residual = 3.2352321e-09, No Iterations 1
DILUPBiCGStab:  Solving for Uy, Initial residual = 1.0323306e-06, Final residual = 3.7004338e-09, No Iterations 1
GAMG:  Solving for p, Initial residual = 5.9512076e-07, Final residual = 7.6307926e-09, No Iterations 5
time step continuity errors : sum local = 5.6324054e-10, global = 8.0989188e-18, cumulative = 3.8086368e-16
ExecutionTime = 13.55 s  ClockTime = 14 s

Time = 1633

DILUPBiCGStab:  Solving for Ux, Initial residual = 8.3113998e-07, Final residual = 3.2205361e-09, No Iterations 1
DILUPBiCGStab:  Solving for Uy, Initial residual = 1.0276403e-06, Final residual = 3.6836184e-09, No Iterations 1
GAMG:  Solving for p, Initial residual = 5.9241785e-07, Final residual = 7.5961358e-09, No Iterations 5
time step continuity errors : sum local = 5.6068268e-10, global = 2.8484381e-17, cumulative = 4.0934806e-16
ExecutionTime = 13.56 s  ClockTime = 14 s

Time = 1634

DILUPBiCGStab:  Solving for Ux, Initial residual = 8.2736418e-07, Final residual = 3.2059069e-09, No Iterations 1
DILUPBiCGStab:  Solving for Uy, Initial residual = 1.0229712e-06, Final residual = 3.6668794e-09, No Iterations 1
GAMG:  Solving for p, Initial residual = 5.8972722e-07, Final residual = 7.561635e-09, No Iterations 5
time step continuity errors : sum local = 5.5813631e-10, global = 5.4531716e-18, cumulative = 4.1480123e-16
ExecutionTime = 13.57 s  ClockTime = 14 s

Time = 1635

DILUPBiCGStab:  Solving for Ux, Initial residual = 8.2360554e-07, Final residual = 3.1913441e-09, No Iterations 1
DILUPBiCGStab:  Solving for Uy, Initial residual = 1.0183234e-06, Final residual = 3.6502166e-09, No Iterations 1
GAMG:  Solving for p, Initial residual = 5.870488e-07, Final residual = 7.5272924e-09, No Iterations 5
time step continuity errors : sum local = 5.5560162e-10, global = -2.5121277e-17, cumulative = 3.8967996e-16
ExecutionTime = 13.57 s  ClockTime = 14 s

Time = 1636

DILUPBiCGStab:  Solving for Ux, Initial residual = 8.1986398e-07, Final residual = 3.1768475e-09, No Iterations 1
DILUPBiCGStab:  Solving for Uy, Initial residual = 1.0136966e-06, Final residual = 3.6336295e-09, No Iterations 1
GAMG:  Solving for p, Initial residual = 5.8438255e-07, Final residual = 7.4931051e-09, No Iterations 5
time step continuity errors : sum local = 5.5307838e-10, global = 3.667388e-19, cumulative = 3.900467e-16
ExecutionTime = 13.58 s  ClockTime = 14 s

Time = 1637

DILUPBiCGStab:  Solving for Ux, Initial residual = 8.1613942e-07, Final residual = 3.1624167e-09, No Iterations 1
DILUPBiCGStab:  Solving for Uy, Initial residual = 1.0090909e-06, Final residual = 3.6171178e-09, No Iterations 1
GAMG:  Solving for p, Initial residual = 5.817284e-07, Final residual = 7.4590732e-09, No Iterations 5
time step continuity errors : sum local = 5.5056666e-10, global = 1.3238053e-17, cumulative = 4.0328475e-16
ExecutionTime = 13.59 s  ClockTime = 14 s

Time = 1638

DILUPBiCGStab:  Solving for Ux, Initial residual = 8.1243178e-07, Final residual = 3.1480515e-09, No Iterations 1
DILUPBiCGStab:  Solving for Uy, Initial residual = 1.0045062e-06, Final residual = 3.6006811e-09, No Iterations 1
GAMG:  Solving for p, Initial residual = 5.7908631e-07, Final residual = 7.4251967e-09, No Iterations 5
time step continuity errors : sum local = 5.4806634e-10, global = -1.3371434e-17, cumulative = 3.8991331e-16
ExecutionTime = 13.6 s  ClockTime = 14 s

Time = 1639

DILUPBiCGStab:  Solving for Ux, Initial residual = 8.0874099e-07, Final residual = 3.1337515e-09, No Iterations 1
DILUPBiCGStab:  Solving for Uy, Initial residual = 9.9994225e-07, Final residual = 3.5843192e-09, No Iterations 1
GAMG:  Solving for p, Initial residual = 5.7645621e-07, Final residual = 7.3914727e-09, No Iterations 5
time step continuity errors : sum local = 5.455773e-10, global = -2.2502886e-18, cumulative = 3.8766303e-16
ExecutionTime = 13.61 s  ClockTime = 14 s


SIMPLE solution converged in 1639 iterations

End

